minimal_pair,dataset,paradigm,nsubj1,nsubj2,verb1,verb2,delta_score_42,delta_score_13,delta_score_30,delta_avg,delta_sent_length_char,delta_subwords,total_freq_verbs,total_freq_nouns,nsubj1_log_freq,nsubj2_log_freq,nsubj1_nsubj2_log_freq,verb_log_freq,dep_nsubj1_freq,dep_nsubj2_freq,dep_verb_freq,bigram_freq_gramm,bigram_freq_ungramm,bigram_nsubj_root1,bigram_nsubj_root2
"der feind zweifelt, die feinde zweifelt",childes,simple_agrmt,feind,feinde,zweifelt,zweifelt,-4.152597427368164,-1.438155174255371,-1.2928218841552734,-2.294524828592936,-1,0,1.3862943611198906,1.3862943611198906,0.6931471805599453,0.6931471805599453,0.0,0.6931471805599453,0.0,0.0,0.0,0.0,0.0,0.0,0.0
"die feinde zweifeln, der feind zweifeln",childes,simple_agrmt,feinde,feind,zweifeln,zweifeln,3.408747673034668,2.511180877685547,2.599032402038574,2.839653650919596,1,0,1.3862943611198906,1.3862943611198906,0.6931471805599453,0.6931471805599453,0.0,0.6931471805599453,0.0,0.0,0.0,0.0,0.0,0.0,0.0
"der feind konstruiert, die feinde konstruiert",childes,simple_agrmt,feind,feinde,konstruiert,konstruiert,-0.5938320159912109,-3.360621452331543,-4.4253621101379395,-2.793271859486898,-1,0,1.791759469228055,1.3862943611198906,0.6931471805599453,0.6931471805599453,0.0,0.6931471805599453,0.0,0.0,0.0,0.0,0.0,0.0,0.0
"die feinde konstruieren, der feind konstruieren",childes,simple_agrmt,feinde,feind,konstruieren,konstruieren,1.3235950469970703,4.363626480102539,5.79100227355957,3.8260746002197266,1,0,1.791759469228055,1.3862943611198906,0.6931471805599453,0.6931471805599453,0.0,1.0986122886681098,0.0,0.0,0.0,0.0,0.0,0.0,0.0
"der feind fürchtet, die feinde fürchtet",childes,simple_agrmt,feind,feinde,fürchtet,fürchtet,1.3339381217956543,2.909274101257324,2.764443874359131,2.3358853658040366,-1,0,5.42934562895444,1.3862943611198906,0.6931471805599453,0.6931471805599453,0.0,2.4849066497880004,0.0,0.0,0.0,0.0,0.0,0.0,0.0
"die feinde fürchten, der feind fürchten",childes,simple_agrmt,feinde,feind,fürchten,fürchten,1.6478171348571777,-2.4505176544189453,-1.2685904502868652,-0.6904303232828776,1,0,5.42934562895444,1.3862943611198906,0.6931471805599453,0.6931471805599453,0.0,2.9444389791664403,0.0,0.0,0.0,0.0,0.0,0.0,0.0
"der feind schält, die feinde schält",childes,simple_agrmt,feind,feinde,schält,schält,-2.3136215209960938,-1.7902812957763672,-2.1044130325317383,-2.069438616434733,-1,0,5.049856007249537,1.3862943611198906,0.6931471805599453,0.6931471805599453,0.0,1.791759469228055,0.0,0.0,0.0,0.0,0.0,0.0,0.0
"die feinde schälen, der feind schälen",childes,simple_agrmt,feinde,feind,schälen,schälen,5.330540657043457,3.872775077819824,4.098410606384277,4.433908780415853,1,0,5.049856007249537,1.3862943611198906,0.6931471805599453,0.6931471805599453,0.0,3.258096538021482,0.0,0.0,0.0,0.0,0.0,0.0,0.0
"der feind taucht, die feinde taucht",childes,simple_agrmt,feind,feinde,taucht,taucht,-1.240616798400879,-0.22980785369873047,-0.8038806915283203,-0.7581017812093099,-1,0,6.922643891475888,1.3862943611198906,0.6931471805599453,0.6931471805599453,0.0,3.5553480614894135,0.0,0.0,0.0,0.0,0.0,0.0,0.0
"die feinde tauchen, der feind tauchen",childes,simple_agrmt,feinde,feind,tauchen,tauchen,2.5272703170776367,2.900956153869629,4.854331016540527,3.427519162495931,1,0,6.922643891475888,1.3862943611198906,0.6931471805599453,0.6931471805599453,0.0,3.367295829986474,0.0,0.0,0.0,0.0,0.0,0.0,0.0
"der feind kennt, die feinde kennt",childes,simple_agrmt,feind,feinde,kennt,kennt,-0.16243839263916016,2.4542932510375977,2.1280956268310547,1.4733168284098308,-1,0,9.690912952571153,1.3862943611198906,0.6931471805599453,0.6931471805599453,0.0,5.0369526024136295,0.0,0.0,0.0,0.0,0.0,0.0,0.0
"die feinde kennen, der feind kennen",childes,simple_agrmt,feinde,feind,kennen,kennen,2.143977165222168,2.9039621353149414,-0.5291805267333984,1.506252924601237,1,0,9.690912952571153,1.3862943611198906,0.6931471805599453,0.6931471805599453,0.0,4.653960350157523,0.0,0.0,0.0,0.0,0.0,0.0,0.0
"der feind schreibt, die feinde schreibt",childes,simple_agrmt,feind,feinde,schreibt,schreibt,-3.32578182220459,-0.5365285873413086,0.45919322967529297,-1.134372393290202,-1,0,11.633371618046095,1.3862943611198906,0.6931471805599453,0.6931471805599453,0.0,5.075173815233827,0.0,0.0,0.0,0.0,0.0,0.0,0.0
"die feinde schreiben, der feind schreiben",childes,simple_agrmt,feinde,feind,schreiben,schreiben,4.082765579223633,1.9226112365722656,1.8431034088134766,2.6161600748697915,1,0,11.633371618046095,1.3862943611198906,0.6931471805599453,0.6931471805599453,0.0,6.558197802812269,0.0,0.0,0.0,0.0,0.0,0.0,0.0
"der feind erzählt, die feinde erzählt",childes,simple_agrmt,feind,feinde,erzählt,erzählt,-1.5314598083496094,0.22872352600097656,2.9021244049072266,0.5331293741861979,-1,0,12.584680299468456,1.3862943611198906,0.6931471805599453,0.6931471805599453,0.0,6.274762021241939,0.0,0.0,0.0,0.0,0.0,0.0,0.0
"die feinde erzählen, der feind erzählen",childes,simple_agrmt,feinde,feind,erzählen,erzählen,3.69478702545166,2.040353775024414,-1.1096200942993164,1.5418402353922527,1,0,12.584680299468456,1.3862943611198906,0.6931471805599453,0.6931471805599453,0.0,6.309918278226516,0.0,0.0,0.0,0.0,0.0,0.0,0.0
"der feind spielt, die feinde spielt",childes,simple_agrmt,feind,feinde,spielt,spielt,-1.9899396896362305,0.6376714706420898,1.7214136123657227,0.12304846445719402,-1,0,13.981524871483499,1.3862943611198906,0.6931471805599453,0.6931471805599453,0.0,6.075346031088684,0.0,0.0,0.0,0.0,0.0,0.0,0.0
"die feinde spielen, der feind spielen",childes,simple_agrmt,feinde,feind,spielen,spielen,6.2347187995910645,1.9999561309814453,0.14860057830810547,2.7944251696268716,1,0,13.981524871483499,1.3862943611198906,0.6931471805599453,0.6931471805599453,0.0,7.906178840394815,0.0,0.0,0.0,0.0,0.0,0.0,0.0
"der feind kommt, die feinde kommt",childes,simple_agrmt,feind,feinde,kommt,kommt,-2.1781811714172363,0.6059322357177734,-1.3049864768981934,-0.9590784708658854,-1,0,16.330189983863534,1.3862943611198906,0.6931471805599453,0.6931471805599453,0.0,8.893572718629306,0.0,0.0,0.0,0.0,0.4054651081081644,0.0,0.0
"die feinde kommen, der feind kommen",childes,simple_agrmt,feinde,feind,kommen,kommen,5.0199995040893555,3.896012306213379,2.9023799896240234,3.9394639333089194,1,0,16.330189983863534,1.3862943611198906,0.6931471805599453,0.6931471805599453,0.0,7.436617265234227,0.0,0.0,0.0,0.4054651081081644,0.0,0.0,0.0
"der architekt zweifelt, die architekten zweifelt",childes,simple_agrmt,architekt,architekten,zweifelt,zweifelt,0.5138964653015137,1.619943618774414,2.9611001014709473,1.6983133951822917,-2,-1,1.3862943611198906,1.5040773967762742,1.0986122886681098,0.4054651081081644,0.6931471805599454,0.6931471805599453,0.0,0.0,0.0,0.0,0.0,0.0,0.0
"die architekten zweifeln, der architekt zweifeln",childes,simple_agrmt,architekten,architekt,zweifeln,zweifeln,-0.528419017791748,-0.7353754043579102,-2.0226874351501465,-1.0954939524332683,2,1,1.3862943611198906,1.5040773967762742,0.4054651081081644,1.0986122886681098,-0.6931471805599454,0.6931471805599453,0.0,0.0,0.0,0.0,0.0,0.0,0.0
"der architekt konstruiert, die architekten konstruiert",childes,simple_agrmt,architekt,architekten,konstruiert,konstruiert,1.956559181213379,0.6249003410339355,0.34917163848876953,0.9768770535786947,-2,-1,1.791759469228055,1.5040773967762742,1.0986122886681098,0.4054651081081644,0.6931471805599454,0.6931471805599453,0.0,0.0,0.0,0.0,0.0,0.0,0.0
"die architekten konstruieren, der architekt konstruieren",childes,simple_agrmt,architekten,architekt,konstruieren,konstruieren,-0.5929079055786133,-0.8864984512329102,1.1926813125610352,-0.09557501475016277,2,1,1.791759469228055,1.5040773967762742,0.4054651081081644,1.0986122886681098,-0.6931471805599454,1.0986122886681098,0.0,0.0,0.0,0.0,0.0,0.0,0.0
"der architekt fürchtet, die architekten fürchtet",childes,simple_agrmt,architekt,architekten,fürchtet,fürchtet,-0.15111970901489258,1.7727484703063965,1.53001070022583,1.0505464871724446,-2,-1,5.42934562895444,1.5040773967762742,1.0986122886681098,0.4054651081081644,0.6931471805599454,2.4849066497880004,0.0,0.0,0.0,0.0,0.0,0.0,0.0
"die architekten fürchten, der architekt fürchten",childes,simple_agrmt,architekten,architekt,fürchten,fürchten,1.9812254905700684,-0.45400571823120117,0.9277067184448242,0.8183088302612305,2,1,5.42934562895444,1.5040773967762742,0.4054651081081644,1.0986122886681098,-0.6931471805599454,2.9444389791664403,0.0,0.0,0.0,0.0,0.0,0.0,0.0
"der architekt schält, die architekten schält",childes,simple_agrmt,architekt,architekten,schält,schält,0.27925872802734375,-0.7125425338745117,0.29201507568359375,-0.047089576721191406,-2,-1,5.049856007249537,1.5040773967762742,1.0986122886681098,0.4054651081081644,0.6931471805599454,1.791759469228055,0.0,0.0,0.0,0.0,0.0,0.0,0.0
"die architekten schälen, der architekt schälen",childes,simple_agrmt,architekten,architekt,schälen,schälen,2.992544174194336,2.7689571380615234,1.679081916809082,2.480194409688314,2,1,5.049856007249537,1.5040773967762742,0.4054651081081644,1.0986122886681098,-0.6931471805599454,3.258096538021482,0.0,0.0,0.0,0.0,0.0,0.0,0.0
"der architekt taucht, die architekten taucht",childes,simple_agrmt,architekt,architekten,taucht,taucht,-2.0061168670654297,-0.8084621429443359,-0.49887752532958984,-1.1044855117797852,-2,-1,6.922643891475888,1.5040773967762742,1.0986122886681098,0.4054651081081644,0.6931471805599454,3.5553480614894135,0.0,0.0,0.0,0.0,0.0,0.0,0.0
"die architekten tauchen, der architekt tauchen",childes,simple_agrmt,architekten,architekt,tauchen,tauchen,7.982827186584473,2.707547187805176,2.357640266418457,4.349338213602702,2,1,6.922643891475888,1.5040773967762742,0.4054651081081644,1.0986122886681098,-0.6931471805599454,3.367295829986474,0.0,0.0,0.0,0.0,0.0,0.0,0.0
"der architekt kennt, die architekten kennt",childes,simple_agrmt,architekt,architekten,kennt,kennt,-4.269974708557129,0.8111791610717773,0.050635337829589844,-1.1360534032185872,-2,-1,9.690912952571153,1.5040773967762742,1.0986122886681098,0.4054651081081644,0.6931471805599454,5.0369526024136295,0.0,0.0,0.0,0.0,0.0,0.0,0.0
"die architekten kennen, der architekt kennen",childes,simple_agrmt,architekten,architekt,kennen,kennen,3.792180061340332,3.655710220336914,2.571956157684326,3.339948813120524,2,1,9.690912952571153,1.5040773967762742,0.4054651081081644,1.0986122886681098,-0.6931471805599454,4.653960350157523,0.0,0.0,0.0,0.0,0.0,0.0,0.0
"der architekt schreibt, die architekten schreibt",childes,simple_agrmt,architekt,architekten,schreibt,schreibt,1.5869531631469727,1.644845962524414,0.24351024627685547,1.1584364573160808,-2,-1,11.633371618046095,1.5040773967762742,1.0986122886681098,0.4054651081081644,0.6931471805599454,5.075173815233827,0.0,0.0,0.0,0.0,0.0,0.0,0.0
"die architekten schreiben, der architekt schreiben",childes,simple_agrmt,architekten,architekt,schreiben,schreiben,0.9129276275634766,0.5935993194580078,0.7604780197143555,0.7556683222452799,2,1,11.633371618046095,1.5040773967762742,0.4054651081081644,1.0986122886681098,-0.6931471805599454,6.558197802812269,0.0,0.0,0.0,0.0,0.0,0.0,0.0
"der architekt erzählt, die architekten erzählt",childes,simple_agrmt,architekt,architekten,erzählt,erzählt,-2.308408737182617,1.707270622253418,-2.7507667541503906,-1.11730162302653,-2,-1,12.584680299468456,1.5040773967762742,1.0986122886681098,0.4054651081081644,0.6931471805599454,6.274762021241939,0.0,0.0,0.0,0.0,0.0,0.0,0.0
"die architekten erzählen, der architekt erzählen",childes,simple_agrmt,architekten,architekt,erzählen,erzählen,7.220523834228516,1.5210933685302734,5.390532493591309,4.710716565450032,2,1,12.584680299468456,1.5040773967762742,0.4054651081081644,1.0986122886681098,-0.6931471805599454,6.309918278226516,0.0,0.0,0.0,0.0,0.0,0.0,0.0
"der architekt spielt, die architekten spielt",childes,simple_agrmt,architekt,architekten,spielt,spielt,-0.10232925415039062,0.33767032623291016,-1.0948543548583984,-0.28650442759195965,-2,-1,13.981524871483499,1.5040773967762742,1.0986122886681098,0.4054651081081644,0.6931471805599454,6.075346031088684,0.0,0.0,0.0,0.0,0.0,0.0,0.0
"die architekten spielen, der architekt spielen",childes,simple_agrmt,architekten,architekt,spielen,spielen,5.693558216094971,3.7489843368530273,5.047440528869629,4.829994360605876,2,1,13.981524871483499,1.5040773967762742,0.4054651081081644,1.0986122886681098,-0.6931471805599454,7.906178840394815,0.0,0.0,0.0,0.0,0.0,0.0,0.0
"der architekt kommt, die architekten kommt",childes,simple_agrmt,architekt,architekten,kommt,kommt,-0.006197452545166016,1.5710234642028809,1.1054983139038086,0.8901081085205078,-2,-1,16.330189983863534,1.5040773967762742,1.0986122886681098,0.4054651081081644,0.6931471805599454,8.893572718629306,0.0,0.0,0.0,0.0,0.0,0.0,0.0
"die architekten kommen, der architekt kommen",childes,simple_agrmt,architekten,architekt,kommen,kommen,7.229619026184082,3.8998823165893555,3.817209243774414,4.982236862182617,2,1,16.330189983863534,1.5040773967762742,0.4054651081081644,1.0986122886681098,-0.6931471805599454,7.436617265234227,0.0,0.0,0.0,0.0,0.0,0.0,0.0
"der präsident zweifelt, die präsidenten zweifelt",childes,simple_agrmt,präsident,präsidenten,zweifelt,zweifelt,-1.8271417617797852,-1.9150018692016602,-0.2641768455505371,-1.3354401588439941,-2,0,1.3862943611198906,2.1972245773362196,1.0986122886681098,1.0986122886681098,0.0,0.6931471805599453,0.0,0.0,0.0,0.0,0.0,0.0,0.0
"die präsidenten zweifeln, der präsident zweifeln",childes,simple_agrmt,präsidenten,präsident,zweifeln,zweifeln,1.4180278778076172,3.1641616821289062,1.749314308166504,2.110501289367676,2,0,1.3862943611198906,2.1972245773362196,1.0986122886681098,1.0986122886681098,0.0,0.6931471805599453,0.0,0.0,0.0,0.0,0.0,0.0,0.0
"der präsident konstruiert, die präsidenten konstruiert",childes,simple_agrmt,präsident,präsidenten,konstruiert,konstruiert,-0.7895069122314453,-3.5804028511047363,-3.606261730194092,-2.658723831176758,-2,0,1.791759469228055,2.1972245773362196,1.0986122886681098,1.0986122886681098,0.0,0.6931471805599453,0.0,0.0,0.0,0.0,0.0,0.0,0.0
"die präsidenten konstruieren, der präsident konstruieren",childes,simple_agrmt,präsidenten,präsident,konstruieren,konstruieren,2.255403518676758,5.412033557891846,5.499631881713867,4.389022986094157,2,0,1.791759469228055,2.1972245773362196,1.0986122886681098,1.0986122886681098,0.0,1.0986122886681098,0.0,0.0,0.0,0.0,0.0,0.0,0.0
"der präsident fürchtet, die präsidenten fürchtet",childes,simple_agrmt,präsident,präsidenten,fürchtet,fürchtet,-0.7454290390014648,0.9802451133728027,-0.16495752334594727,0.023286183675130207,-2,0,5.42934562895444,2.1972245773362196,1.0986122886681098,1.0986122886681098,0.0,2.4849066497880004,0.0,0.0,0.0,0.0,0.0,0.0,0.0
"die präsidenten fürchten, der präsident fürchten",childes,simple_agrmt,präsidenten,präsident,fürchten,fürchten,2.6462631225585938,0.041529178619384766,2.532723903656006,1.7401720682779949,2,0,5.42934562895444,2.1972245773362196,1.0986122886681098,1.0986122886681098,0.0,2.9444389791664403,0.0,0.0,0.0,0.0,0.0,0.0,0.0
"der präsident schält, die präsidenten schält",childes,simple_agrmt,präsident,präsidenten,schält,schält,-2.1494312286376953,-1.162093162536621,-2.8646440505981445,-2.058722813924154,-2,0,5.049856007249537,2.1972245773362196,1.0986122886681098,1.0986122886681098,0.0,1.791759469228055,0.0,0.0,0.0,0.0,0.0,0.0,0.0
"die präsidenten schälen, der präsident schälen",childes,simple_agrmt,präsidenten,präsident,schälen,schälen,4.983999252319336,4.632622718811035,5.3546342849731445,4.990418752034505,2,0,5.049856007249537,2.1972245773362196,1.0986122886681098,1.0986122886681098,0.0,3.258096538021482,0.0,0.0,0.0,0.0,0.0,0.0,0.0
"der präsident taucht, die präsidenten taucht",childes,simple_agrmt,präsident,präsidenten,taucht,taucht,-2.1500940322875977,-1.1304664611816406,0.14233875274658203,-1.0460739135742188,-2,0,6.922643891475888,2.1972245773362196,1.0986122886681098,1.0986122886681098,0.0,3.5553480614894135,0.0,0.0,0.0,0.0,0.0,0.0,0.0
"die präsidenten tauchen, der präsident tauchen",childes,simple_agrmt,präsidenten,präsident,tauchen,tauchen,8.320175170898438,3.9537038803100586,7.7057785987854,6.659885883331299,2,0,6.922643891475888,2.1972245773362196,1.0986122886681098,1.0986122886681098,0.0,3.367295829986474,0.0,0.0,0.0,0.0,0.0,0.0,0.0
"der präsident kennt, die präsidenten kennt",childes,simple_agrmt,präsident,präsidenten,kennt,kennt,-0.7880783081054688,1.4447336196899414,0.1016530990600586,0.25276947021484375,-2,0,9.690912952571153,2.1972245773362196,1.0986122886681098,1.0986122886681098,0.0,5.0369526024136295,0.0,0.0,0.0,0.0,0.0,0.0,0.0
"die präsidenten kennen, der präsident kennen",childes,simple_agrmt,präsidenten,präsident,kennen,kennen,1.9656085968017578,3.2432336807250977,1.7547826766967773,2.3212083180745444,2,0,9.690912952571153,2.1972245773362196,1.0986122886681098,1.0986122886681098,0.0,4.653960350157523,0.0,0.0,0.0,0.0,0.0,0.0,0.0
"der präsident schreibt, die präsidenten schreibt",childes,simple_agrmt,präsident,präsidenten,schreibt,schreibt,-0.05560874938964844,1.4872627258300781,1.1565332412719727,0.8627290725708008,-2,0,11.633371618046095,2.1972245773362196,1.0986122886681098,1.0986122886681098,0.0,5.075173815233827,0.0,0.0,0.0,0.0,0.0,0.0,0.0
"die präsidenten schreiben, der präsident schreiben",childes,simple_agrmt,präsidenten,präsident,schreiben,schreiben,4.874695777893066,0.1789703369140625,1.3048200607299805,2.119495391845703,2,0,11.633371618046095,2.1972245773362196,1.0986122886681098,1.0986122886681098,0.0,6.558197802812269,0.0,0.0,0.0,0.0,0.0,0.0,0.0
"der präsident erzählt, die präsidenten erzählt",childes,simple_agrmt,präsident,präsidenten,erzählt,erzählt,-2.3185224533081055,2.084315299987793,-1.3232030868530273,-0.5191367467244467,-2,0,12.584680299468456,2.1972245773362196,1.0986122886681098,1.0986122886681098,0.0,6.274762021241939,0.0,0.0,0.0,0.0,0.0,0.0,0.0
"die präsidenten erzählen, der präsident erzählen",childes,simple_agrmt,präsidenten,präsident,erzählen,erzählen,6.693173408508301,1.8020009994506836,4.57260799407959,4.355927467346191,2,0,12.584680299468456,2.1972245773362196,1.0986122886681098,1.0986122886681098,0.0,6.309918278226516,0.0,0.0,0.0,0.0,0.0,0.0,0.0
"der präsident spielt, die präsidenten spielt",childes,simple_agrmt,präsident,präsidenten,spielt,spielt,-0.4266195297241211,0.4983530044555664,1.482187271118164,0.5179735819498698,-2,0,13.981524871483499,2.1972245773362196,1.0986122886681098,1.0986122886681098,0.0,6.075346031088684,0.0,0.0,0.0,0.0,0.0,0.0,0.0
"die präsidenten spielen, der präsident spielen",childes,simple_agrmt,präsidenten,präsident,spielen,spielen,6.633166790008545,5.146855354309082,6.143714904785156,5.974579016367595,2,0,13.981524871483499,2.1972245773362196,1.0986122886681098,1.0986122886681098,0.0,7.906178840394815,0.0,0.0,0.0,0.0,0.0,0.0,0.0
"der präsident kommt, die präsidenten kommt",childes,simple_agrmt,präsident,präsidenten,kommt,kommt,1.8278560638427734,-1.0118517875671387,2.7682390213012695,1.194747765858968,-2,0,16.330189983863534,2.1972245773362196,1.0986122886681098,1.0986122886681098,0.0,8.893572718629306,0.0,0.0,0.0,0.0,0.0,0.0,0.0
"die präsidenten kommen, der präsident kommen",childes,simple_agrmt,präsidenten,präsident,kommen,kommen,6.801467418670654,5.250254154205322,3.390410900115967,5.1473774909973145,2,0,16.330189983863534,2.1972245773362196,1.0986122886681098,1.0986122886681098,0.0,7.436617265234227,0.0,0.0,0.0,0.0,0.0,0.0,0.0
"der kollege zweifelt, die kollegen zweifelt",childes,simple_agrmt,kollege,kollegen,zweifelt,zweifelt,3.337031364440918,-0.6963024139404297,3.959996223449707,2.200241724650065,-1,0,1.3862943611198906,4.276666119016055,2.0794415416798357,2.1972245773362196,-0.11778303565638382,0.6931471805599453,0.0,0.0,0.0,0.0,0.0,0.0,0.0
"die kollegen zweifeln, der kollege zweifeln",childes,simple_agrmt,kollegen,kollege,zweifeln,zweifeln,-3.7358951568603516,1.5914349555969238,-1.5303058624267578,-1.2249220212300618,1,0,1.3862943611198906,4.276666119016055,2.1972245773362196,2.0794415416798357,0.11778303565638382,0.6931471805599453,0.0,0.0,0.0,0.0,0.0,0.0,0.0
"der kollege konstruiert, die kollegen konstruiert",childes,simple_agrmt,kollege,kollegen,konstruiert,konstruiert,2.6017274856567383,1.9699645042419434,-1.1168804168701172,1.1516038576761882,-1,0,1.791759469228055,4.276666119016055,2.0794415416798357,2.1972245773362196,-0.11778303565638382,0.6931471805599453,0.0,0.0,0.0,0.0,0.0,0.0,0.0
"die kollegen konstruieren, der kollege konstruieren",childes,simple_agrmt,kollegen,kollege,konstruieren,konstruieren,-0.6891622543334961,0.43990421295166016,3.536468029022217,1.0957366625467937,1,0,1.791759469228055,4.276666119016055,2.1972245773362196,2.0794415416798357,0.11778303565638382,1.0986122886681098,0.0,0.0,0.0,0.0,0.0,0.0,0.0
"der kollege fürchtet, die kollegen fürchtet",childes,simple_agrmt,kollege,kollegen,fürchtet,fürchtet,4.0967183113098145,4.291360378265381,2.9009127616882324,3.7629971504211426,-1,0,5.42934562895444,4.276666119016055,2.0794415416798357,2.1972245773362196,-0.11778303565638382,2.4849066497880004,0.0,0.0,0.0,0.0,0.0,0.0,0.0
"die kollegen fürchten, der kollege fürchten",childes,simple_agrmt,kollegen,kollege,fürchten,fürchten,-1.6693506240844727,-2.2400150299072266,0.41223907470703125,-1.165708859761556,1,0,5.42934562895444,4.276666119016055,2.1972245773362196,2.0794415416798357,0.11778303565638382,2.9444389791664403,0.0,0.0,0.0,0.0,0.0,0.0,0.0
"der kollege schält, die kollegen schält",childes,simple_agrmt,kollege,kollegen,schält,schält,1.3142461776733398,0.8523759841918945,0.4062156677246094,0.8576126098632812,-1,0,5.049856007249537,4.276666119016055,2.0794415416798357,2.1972245773362196,-0.11778303565638382,1.791759469228055,0.0,0.0,0.0,0.0,0.0,0.0,0.0
"die kollegen schälen, der kollege schälen",childes,simple_agrmt,kollegen,kollege,schälen,schälen,1.3736371994018555,2.9695005416870117,2.5221948623657227,2.28844420115153,1,0,5.049856007249537,4.276666119016055,2.1972245773362196,2.0794415416798357,0.11778303565638382,3.258096538021482,0.0,0.0,0.0,0.0,0.0,0.0,0.0
"der kollege taucht, die kollegen taucht",childes,simple_agrmt,kollege,kollegen,taucht,taucht,2.348647117614746,1.108388900756836,2.8003578186035156,2.0857979456583657,-1,0,6.922643891475888,4.276666119016055,2.0794415416798357,2.1972245773362196,-0.11778303565638382,3.5553480614894135,0.0,0.0,0.0,0.0,0.0,0.0,0.0
"die kollegen tauchen, der kollege tauchen",childes,simple_agrmt,kollegen,kollege,tauchen,tauchen,4.427130699157715,3.211289405822754,1.8025803565979004,3.1470001538594565,1,0,6.922643891475888,4.276666119016055,2.1972245773362196,2.0794415416798357,0.11778303565638382,3.367295829986474,0.0,0.0,0.0,0.0,0.0,0.0,0.0
"der kollege kennt, die kollegen kennt",childes,simple_agrmt,kollege,kollegen,kennt,kennt,2.7058229446411133,-0.9363842010498047,-0.2037973403930664,0.5218804677327474,-1,0,9.690912952571153,4.276666119016055,2.0794415416798357,2.1972245773362196,-0.11778303565638382,5.0369526024136295,0.0,0.0,0.0,0.0,0.0,0.0,0.0
"die kollegen kennen, der kollege kennen",childes,simple_agrmt,kollegen,kollege,kennen,kennen,-0.6046066284179688,5.227334499359131,2.7709994316101074,2.46457576751709,1,0,9.690912952571153,4.276666119016055,2.1972245773362196,2.0794415416798357,0.11778303565638382,4.653960350157523,0.0,0.0,0.0,0.0,0.0,0.0,0.0
"der kollege schreibt, die kollegen schreibt",childes,simple_agrmt,kollege,kollegen,schreibt,schreibt,1.650355339050293,0.46747303009033203,1.1589021682739258,1.0922435124715169,-1,0,11.633371618046095,4.276666119016055,2.0794415416798357,2.1972245773362196,-0.11778303565638382,5.075173815233827,0.0,0.0,0.0,0.0,0.0,0.0,0.0
"die kollegen schreiben, der kollege schreiben",childes,simple_agrmt,kollegen,kollege,schreiben,schreiben,-0.6926889419555664,2.3965792655944824,1.4909968376159668,1.064962387084961,1,0,11.633371618046095,4.276666119016055,2.1972245773362196,2.0794415416798357,0.11778303565638382,6.558197802812269,0.0,0.0,0.0,0.0,0.0,0.0,0.0
"der kollege erzählt, die kollegen erzählt",childes,simple_agrmt,kollege,kollegen,erzählt,erzählt,2.9462575912475586,1.2817697525024414,0.3106861114501953,1.5129044850667317,-1,0,12.584680299468456,4.276666119016055,2.0794415416798357,2.1972245773362196,-0.11778303565638382,6.274762021241939,0.0,0.0,0.0,0.0,0.0,0.0,0.0
"die kollegen erzählen, der kollege erzählen",childes,simple_agrmt,kollegen,kollege,erzählen,erzählen,-0.4062061309814453,3.5977110862731934,0.7175006866455078,1.303001880645752,1,0,12.584680299468456,4.276666119016055,2.1972245773362196,2.0794415416798357,0.11778303565638382,6.309918278226516,0.0,0.0,0.0,0.0,0.0,0.0,0.0
"der kollege spielt, die kollegen spielt",childes,simple_agrmt,kollege,kollegen,spielt,spielt,4.698424339294434,1.904871940612793,5.524597644805908,4.042631308237712,-1,0,13.981524871483499,4.276666119016055,2.0794415416798357,2.1972245773362196,-0.11778303565638382,6.075346031088684,0.0,0.0,0.0,0.0,0.0,0.0,0.0
"die kollegen spielen, der kollege spielen",childes,simple_agrmt,kollegen,kollege,spielen,spielen,-0.4832334518432617,3.2529611587524414,0.7824897766113281,1.184072494506836,1,0,13.981524871483499,4.276666119016055,2.1972245773362196,2.0794415416798357,0.11778303565638382,7.906178840394815,0.0,0.0,0.0,0.0,0.0,0.0,0.0
"der kollege kommt, die kollegen kommt",childes,simple_agrmt,kollege,kollegen,kommt,kommt,1.8813457489013672,2.229861259460449,1.3153691291809082,1.8088587125142415,-1,0,16.330189983863534,4.276666119016055,2.0794415416798357,2.1972245773362196,-0.11778303565638382,8.893572718629306,0.0,0.0,0.0,0.0,0.0,0.0,0.0
"die kollegen kommen, der kollege kommen",childes,simple_agrmt,kollegen,kollege,kommen,kommen,3.7315425872802734,4.423273086547852,3.876922607421875,4.010579427083333,1,0,16.330189983863534,4.276666119016055,2.1972245773362196,2.0794415416798357,0.11778303565638382,7.436617265234227,0.0,0.0,0.0,0.0,0.0,0.0,0.0
"der ingenieur zweifelt, die ingenieure zweifelt",childes,simple_agrmt,ingenieur,ingenieure,zweifelt,zweifelt,-3.0982370376586914,-3.2383689880371094,-0.14394712448120117,-2.160184383392334,-1,0,1.3862943611198906,3.6243409329763647,3.2188758248682006,0.4054651081081644,2.8134107167600364,0.6931471805599453,0.0,0.0,0.0,0.0,0.0,0.0,0.0
"die ingenieure zweifeln, der ingenieur zweifeln",childes,simple_agrmt,ingenieure,ingenieur,zweifeln,zweifeln,1.9396133422851562,3.441073417663574,0.5104775428771973,1.9637214342753093,1,0,1.3862943611198906,3.6243409329763647,0.4054651081081644,3.2188758248682006,-2.8134107167600364,0.6931471805599453,0.0,0.0,0.0,0.0,0.0,0.0,0.0
"der ingenieur konstruiert, die ingenieure konstruiert",childes,simple_agrmt,ingenieur,ingenieure,konstruiert,konstruiert,-1.7192506790161133,-0.12896060943603516,-3.2313404083251953,-1.6931838989257812,-1,0,1.791759469228055,3.6243409329763647,3.2188758248682006,0.4054651081081644,2.8134107167600364,0.6931471805599453,0.0,0.0,0.0,0.0,0.0,0.0,0.0
"die ingenieure konstruieren, der ingenieur konstruieren",childes,simple_agrmt,ingenieure,ingenieur,konstruieren,konstruieren,2.5452957153320312,0.9135527610778809,3.5727601051330566,2.3438695271809897,1,0,1.791759469228055,3.6243409329763647,0.4054651081081644,3.2188758248682006,-2.8134107167600364,1.0986122886681098,0.0,0.0,0.0,0.0,0.0,0.0,0.0
"der ingenieur fürchtet, die ingenieure fürchtet",childes,simple_agrmt,ingenieur,ingenieure,fürchtet,fürchtet,-2.352259635925293,-1.5512304306030273,2.271516799926758,-0.5439910888671875,-1,0,5.42934562895444,3.6243409329763647,3.2188758248682006,0.4054651081081644,2.8134107167600364,2.4849066497880004,0.0,0.0,0.0,0.0,0.0,0.0,0.0
"die ingenieure fürchten, der ingenieur fürchten",childes,simple_agrmt,ingenieure,ingenieur,fürchten,fürchten,4.287019729614258,4.505162715911865,0.3307929039001465,3.04099178314209,1,0,5.42934562895444,3.6243409329763647,0.4054651081081644,3.2188758248682006,-2.8134107167600364,2.9444389791664403,0.0,0.0,0.0,0.0,0.0,0.0,0.0
"der ingenieur schält, die ingenieure schält",childes,simple_agrmt,ingenieur,ingenieure,schält,schält,-0.09606170654296875,-2.5206432342529297,-4.097201347351074,-2.2379687627156577,-1,0,5.049856007249537,3.6243409329763647,3.2188758248682006,0.4054651081081644,2.8134107167600364,1.791759469228055,0.0,0.0,0.0,0.0,0.0,0.0,0.0
"die ingenieure schälen, der ingenieur schälen",childes,simple_agrmt,ingenieure,ingenieur,schälen,schälen,1.3661479949951172,4.062211036682129,5.029642105102539,3.486000378926595,1,0,5.049856007249537,3.6243409329763647,0.4054651081081644,3.2188758248682006,-2.8134107167600364,3.258096538021482,0.0,0.0,0.0,0.0,0.0,0.0,0.0
"der ingenieur taucht, die ingenieure taucht",childes,simple_agrmt,ingenieur,ingenieure,taucht,taucht,0.6383495330810547,1.0019350051879883,-0.6988496780395508,0.3138116200764974,-1,0,6.922643891475888,3.6243409329763647,3.2188758248682006,0.4054651081081644,2.8134107167600364,3.5553480614894135,0.0,0.0,0.0,0.0,0.0,0.0,0.0
"die ingenieure tauchen, der ingenieur tauchen",childes,simple_agrmt,ingenieure,ingenieur,tauchen,tauchen,4.320943355560303,3.9504690170288086,4.61689567565918,4.296102682749431,1,0,6.922643891475888,3.6243409329763647,0.4054651081081644,3.2188758248682006,-2.8134107167600364,3.367295829986474,0.0,0.0,0.0,0.0,0.0,0.0,0.0
"der ingenieur kennt, die ingenieure kennt",childes,simple_agrmt,ingenieur,ingenieure,kennt,kennt,1.7305402755737305,4.404918670654297,1.67535400390625,2.603604316711426,-1,0,9.690912952571153,3.6243409329763647,3.2188758248682006,0.4054651081081644,2.8134107167600364,5.0369526024136295,0.0,0.0,0.0,0.0,0.0,0.0,0.0
"die ingenieure kennen, der ingenieur kennen",childes,simple_agrmt,ingenieure,ingenieur,kennen,kennen,1.1080131530761719,1.419926643371582,0.8940258026123047,1.1406551996866863,1,0,9.690912952571153,3.6243409329763647,0.4054651081081644,3.2188758248682006,-2.8134107167600364,4.653960350157523,0.0,0.0,0.0,0.0,0.0,0.0,0.0
"der ingenieur schreibt, die ingenieure schreibt",childes,simple_agrmt,ingenieur,ingenieure,schreibt,schreibt,-0.9800834655761719,4.940514087677002,0.5385274887084961,1.4996527036031086,-1,0,11.633371618046095,3.6243409329763647,3.2188758248682006,0.4054651081081644,2.8134107167600364,5.075173815233827,0.0,0.0,0.0,0.0,0.0,0.0,0.0
"die ingenieure schreiben, der ingenieur schreiben",childes,simple_agrmt,ingenieure,ingenieur,schreiben,schreiben,2.0671558380126953,0.23696041107177734,3.752652168273926,2.018922805786133,1,0,11.633371618046095,3.6243409329763647,0.4054651081081644,3.2188758248682006,-2.8134107167600364,6.558197802812269,0.0,0.0,0.0,0.0,0.0,0.0,0.0
"der ingenieur erzählt, die ingenieure erzählt",childes,simple_agrmt,ingenieur,ingenieure,erzählt,erzählt,1.964055061340332,4.165417671203613,0.9140081405639648,2.3478269577026367,-1,0,12.584680299468456,3.6243409329763647,3.2188758248682006,0.4054651081081644,2.8134107167600364,6.274762021241939,0.0,0.0,0.0,0.0,0.0,0.0,0.0
"die ingenieure erzählen, der ingenieur erzählen",childes,simple_agrmt,ingenieure,ingenieur,erzählen,erzählen,1.9659748077392578,0.8854808807373047,2.377849578857422,1.7431017557779949,1,0,12.584680299468456,3.6243409329763647,0.4054651081081644,3.2188758248682006,-2.8134107167600364,6.309918278226516,0.0,0.0,0.0,0.0,0.0,0.0,0.0
"der ingenieur spielt, die ingenieure spielt",childes,simple_agrmt,ingenieur,ingenieure,spielt,spielt,1.1292743682861328,3.8796324729919434,2.839204788208008,2.616037209828695,-1,0,13.981524871483499,3.6243409329763647,3.2188758248682006,0.4054651081081644,2.8134107167600364,6.075346031088684,0.0,0.0,0.0,0.0,0.0,0.0,0.0
"die ingenieure spielen, der ingenieur spielen",childes,simple_agrmt,ingenieure,ingenieur,spielen,spielen,2.918442726135254,1.3031234741210938,1.697464942932129,1.9730103810628254,1,0,13.981524871483499,3.6243409329763647,0.4054651081081644,3.2188758248682006,-2.8134107167600364,7.906178840394815,0.0,0.0,0.0,0.0,0.0,0.0,0.0
"der ingenieur kommt, die ingenieure kommt",childes,simple_agrmt,ingenieur,ingenieure,kommt,kommt,3.1454591751098633,2.20919132232666,3.2222423553466797,2.858964284261068,-1,0,16.330189983863534,3.6243409329763647,3.2188758248682006,0.4054651081081644,2.8134107167600364,8.893572718629306,0.0,0.0,0.0,0.0,0.0,0.0,0.0
"die ingenieure kommen, der ingenieur kommen",childes,simple_agrmt,ingenieure,ingenieur,kommen,kommen,4.392575263977051,3.2349987030029297,1.8693151473999023,3.1656297047932944,1,0,16.330189983863534,3.6243409329763647,0.4054651081081644,3.2188758248682006,-2.8134107167600364,7.436617265234227,0.0,0.0,0.0,0.0,0.0,0.0,0.0
"der sohn zweifelt, die söhne zweifelt",childes,simple_agrmt,sohn,söhne,zweifelt,zweifelt,-0.42507219314575195,0.06859827041625977,1.4337053298950195,0.35907713572184247,-1,-2,1.3862943611198906,6.756932389247553,4.454347296253507,2.302585092994046,2.1517622032594614,0.6931471805599453,0.0,0.0,0.0,0.0,0.0,0.0,0.0
"die söhne zweifeln, der sohn zweifeln",childes,simple_agrmt,söhne,sohn,zweifeln,zweifeln,1.433687686920166,1.6321477890014648,-0.8360447883605957,0.7432635625203451,1,2,1.3862943611198906,6.756932389247553,2.302585092994046,4.454347296253507,-2.1517622032594614,0.6931471805599453,0.0,0.0,0.0,0.0,0.0,0.0,0.0
"der sohn konstruiert, die söhne konstruiert",childes,simple_agrmt,sohn,söhne,konstruiert,konstruiert,2.4219913482666016,3.4327926635742188,-4.589217185974121,0.4218556086222331,-1,-2,1.791759469228055,6.756932389247553,4.454347296253507,2.302585092994046,2.1517622032594614,0.6931471805599453,0.0,0.0,0.0,0.0,0.0,0.0,0.0
"die söhne konstruieren, der sohn konstruieren",childes,simple_agrmt,söhne,sohn,konstruieren,konstruieren,0.1562652587890625,-1.3956661224365234,5.3611345291137695,1.3739112218221028,1,2,1.791759469228055,6.756932389247553,2.302585092994046,4.454347296253507,-2.1517622032594614,1.0986122886681098,0.0,0.0,0.0,0.0,0.0,0.0,0.0
"der sohn fürchtet, die söhne fürchtet",childes,simple_agrmt,sohn,söhne,fürchtet,fürchtet,2.1370716094970703,6.2819671630859375,8.47329044342041,5.630776405334473,-1,-2,5.42934562895444,6.756932389247553,4.454347296253507,2.302585092994046,2.1517622032594614,2.4849066497880004,0.0,0.0,0.0,0.0,0.0,0.0,0.0
"die söhne fürchten, der sohn fürchten",childes,simple_agrmt,söhne,sohn,fürchten,fürchten,1.3640685081481934,-3.7653956413269043,-4.008455276489258,-2.1365941365559897,1,2,5.42934562895444,6.756932389247553,2.302585092994046,4.454347296253507,-2.1517622032594614,2.9444389791664403,0.0,0.0,0.0,0.0,0.0,0.0,0.0
"der sohn schält, die söhne schält",childes,simple_agrmt,sohn,söhne,schält,schält,2.949331283569336,2.0637521743774414,4.069622993469238,3.027568817138672,-1,-2,5.049856007249537,6.756932389247553,4.454347296253507,2.302585092994046,2.1517622032594614,1.791759469228055,0.0,0.0,0.0,0.0,0.0,0.0,0.0
"die söhne schälen, der sohn schälen",childes,simple_agrmt,söhne,sohn,schälen,schälen,1.4294476509094238,0.3434114456176758,-0.3736906051635742,0.4663894971211751,1,2,5.049856007249537,6.756932389247553,2.302585092994046,4.454347296253507,-2.1517622032594614,3.258096538021482,0.0,0.0,0.0,0.0,0.0,0.0,0.0
"der sohn taucht, die söhne taucht",childes,simple_agrmt,sohn,söhne,taucht,taucht,1.4694385528564453,-0.47125720977783203,3.778087615966797,1.5920896530151367,-1,-2,6.922643891475888,6.756932389247553,4.454347296253507,2.302585092994046,2.1517622032594614,3.5553480614894135,0.0,0.0,0.0,0.0,0.0,0.0,0.0
"die söhne tauchen, der sohn tauchen",childes,simple_agrmt,söhne,sohn,tauchen,tauchen,4.535675048828125,0.30107879638671875,1.8029060363769531,2.213219960530599,1,2,6.922643891475888,6.756932389247553,2.302585092994046,4.454347296253507,-2.1517622032594614,3.367295829986474,0.0,0.0,0.0,0.0,0.0,0.0,0.0
"der sohn kennt, die söhne kennt",childes,simple_agrmt,sohn,söhne,kennt,kennt,3.9422860145568848,0.7614903450012207,2.1890664100646973,2.297614256540934,-1,-2,9.690912952571153,6.756932389247553,4.454347296253507,2.302585092994046,2.1517622032594614,5.0369526024136295,0.0,0.0,0.0,0.0,0.0,0.0,0.0
"die söhne kennen, der sohn kennen",childes,simple_agrmt,söhne,sohn,kennen,kennen,2.2921791076660156,2.753713607788086,0.08476924896240234,1.7102206548055012,1,2,9.690912952571153,6.756932389247553,2.302585092994046,4.454347296253507,-2.1517622032594614,4.653960350157523,0.0,0.0,0.0,0.0,0.0,0.0,0.0
"der sohn schreibt, die söhne schreibt",childes,simple_agrmt,sohn,söhne,schreibt,schreibt,4.483738899230957,2.7981057167053223,3.2283267974853516,3.5033904711405435,-1,-2,11.633371618046095,6.756932389247553,4.454347296253507,2.302585092994046,2.1517622032594614,5.075173815233827,0.0,0.0,0.0,0.0,0.0,0.0,0.0
"die söhne schreiben, der sohn schreiben",childes,simple_agrmt,söhne,sohn,schreiben,schreiben,0.7972860336303711,-2.6067066192626953,2.7574472427368164,0.3160088857014974,1,2,11.633371618046095,6.756932389247553,2.302585092994046,4.454347296253507,-2.1517622032594614,6.558197802812269,0.0,0.0,0.0,0.0,0.0,0.0,0.0
"der sohn erzählt, die söhne erzählt",childes,simple_agrmt,sohn,söhne,erzählt,erzählt,7.394637584686279,3.9786229133605957,2.3622612953186035,4.578507264455159,-1,-2,12.584680299468456,6.756932389247553,4.454347296253507,2.302585092994046,2.1517622032594614,6.274762021241939,0.0,0.0,0.0,0.0,0.0,0.0,0.0
"die söhne erzählen, der sohn erzählen",childes,simple_agrmt,söhne,sohn,erzählen,erzählen,-0.5651311874389648,-0.9035558700561523,0.7434568405151367,-0.2417434056599935,1,2,12.584680299468456,6.756932389247553,2.302585092994046,4.454347296253507,-2.1517622032594614,6.309918278226516,0.0,0.0,0.0,0.0,0.0,0.0,0.0
"der sohn spielt, die söhne spielt",childes,simple_agrmt,sohn,söhne,spielt,spielt,2.8594484329223633,-1.889547348022461,1.2788887023925781,0.7495965957641602,-1,-2,13.981524871483499,6.756932389247553,4.454347296253507,2.302585092994046,2.1517622032594614,6.075346031088684,0.0,0.0,0.0,0.0,0.0,0.0,0.0
"die söhne spielen, der sohn spielen",childes,simple_agrmt,söhne,sohn,spielen,spielen,3.4894580841064453,4.677924156188965,3.727743148803711,3.9650417963663735,1,2,13.981524871483499,6.756932389247553,2.302585092994046,4.454347296253507,-2.1517622032594614,7.906178840394815,0.0,0.0,0.0,0.0,0.0,0.0,0.0
"der sohn kommt, die söhne kommt",childes,simple_agrmt,sohn,söhne,kommt,kommt,2.3976597785949707,0.6941938400268555,0.10202980041503906,1.0646278063456218,-1,-2,16.330189983863534,6.756932389247553,4.454347296253507,2.302585092994046,2.1517622032594614,8.893572718629306,0.0,0.0,0.0,0.0,0.0,0.0,0.0
"die söhne kommen, der sohn kommen",childes,simple_agrmt,söhne,sohn,kommen,kommen,4.827423572540283,3.7606163024902344,3.261897087097168,3.949978987375895,1,2,16.330189983863534,6.756932389247553,2.302585092994046,4.454347296253507,-2.1517622032594614,7.436617265234227,0.0,0.0,0.0,0.0,0.0,0.0,0.0
"der arzt zweifelt, die ärzte zweifelt",childes,simple_agrmt,arzt,ärzte,zweifelt,zweifelt,-0.7457795143127441,-4.901722431182861,-0.15873003005981445,-1.9354106585184734,-1,-2,1.3862943611198906,6.4425401664681985,5.056245805348308,1.3862943611198906,3.669951444228417,0.6931471805599453,0.0,0.0,0.0,0.0,0.0,0.0,0.0
"die ärzte zweifeln, der arzt zweifeln",childes,simple_agrmt,ärzte,arzt,zweifeln,zweifeln,-0.9692678451538086,5.448585510253906,2.2376060485839844,2.2389745712280273,1,2,1.3862943611198906,6.4425401664681985,1.3862943611198906,5.056245805348308,-3.669951444228417,0.6931471805599453,0.0,0.0,0.0,0.0,0.0,0.0,0.0
"der arzt konstruiert, die ärzte konstruiert",childes,simple_agrmt,arzt,ärzte,konstruiert,konstruiert,-1.3627815246582031,-5.08652400970459,-5.704889297485352,-4.051398277282715,-1,-2,1.791759469228055,6.4425401664681985,5.056245805348308,1.3862943611198906,3.669951444228417,0.6931471805599453,0.0,0.0,0.0,0.0,0.0,0.0,0.0
"die ärzte konstruieren, der arzt konstruieren",childes,simple_agrmt,ärzte,arzt,konstruieren,konstruieren,3.8153810501098633,6.346733093261719,6.575377464294434,5.579163869222005,1,2,1.791759469228055,6.4425401664681985,1.3862943611198906,5.056245805348308,-3.669951444228417,1.0986122886681098,0.0,0.0,0.0,0.0,0.0,0.0,0.0
"der arzt fürchtet, die ärzte fürchtet",childes,simple_agrmt,arzt,ärzte,fürchtet,fürchtet,0.4386005401611328,0.15056419372558594,4.628435134887695,1.739199956258138,-1,-2,5.42934562895444,6.4425401664681985,5.056245805348308,1.3862943611198906,3.669951444228417,2.4849066497880004,0.0,0.0,0.0,0.0,0.0,0.0,0.0
"die ärzte fürchten, der arzt fürchten",childes,simple_agrmt,ärzte,arzt,fürchten,fürchten,2.6768851280212402,3.055457592010498,1.0564913749694824,2.2629446983337402,1,2,5.42934562895444,6.4425401664681985,1.3862943611198906,5.056245805348308,-3.669951444228417,2.9444389791664403,0.0,0.0,0.0,0.0,0.0,0.0,0.0
"der arzt schält, die ärzte schält",childes,simple_agrmt,arzt,ärzte,schält,schält,1.3704452514648438,1.2881155014038086,2.806306838989258,1.8216225306193035,-1,-2,5.049856007249537,6.4425401664681985,5.056245805348308,1.3862943611198906,3.669951444228417,1.791759469228055,0.0,0.0,0.0,0.0,0.0,0.0,0.0
"die ärzte schälen, der arzt schälen",childes,simple_agrmt,ärzte,arzt,schälen,schälen,3.325802803039551,4.10954475402832,1.9195938110351562,3.118313789367676,1,2,5.049856007249537,6.4425401664681985,1.3862943611198906,5.056245805348308,-3.669951444228417,3.258096538021482,0.0,0.0,0.0,0.0,0.0,0.0,0.0
"der arzt taucht, die ärzte taucht",childes,simple_agrmt,arzt,ärzte,taucht,taucht,0.2869710922241211,-0.41361331939697266,2.3513622283935547,0.7415733337402344,-1,-2,6.922643891475888,6.4425401664681985,5.056245805348308,1.3862943611198906,3.669951444228417,3.5553480614894135,0.0,0.0,0.0,0.0,0.0,0.0,0.0
"die ärzte tauchen, der arzt tauchen",childes,simple_agrmt,ärzte,arzt,tauchen,tauchen,5.829010963439941,0.5332393646240234,1.1893835067749023,2.5172112782796225,1,2,6.922643891475888,6.4425401664681985,1.3862943611198906,5.056245805348308,-3.669951444228417,3.367295829986474,0.0,0.0,0.0,0.0,0.0,0.0,0.0
"der arzt kennt, die ärzte kennt",childes,simple_agrmt,arzt,ärzte,kennt,kennt,1.0245227813720703,-0.4913005828857422,1.4455995559692383,0.6596072514851888,-1,-2,9.690912952571153,6.4425401664681985,5.056245805348308,1.3862943611198906,3.669951444228417,5.0369526024136295,0.0,0.0,0.0,0.0,0.0,0.0,0.0
"die ärzte kennen, der arzt kennen",childes,simple_agrmt,ärzte,arzt,kennen,kennen,1.0096244812011719,6.544303894042969,4.282999038696289,3.9456424713134766,1,2,9.690912952571153,6.4425401664681985,1.3862943611198906,5.056245805348308,-3.669951444228417,4.653960350157523,0.0,0.0,0.0,0.0,0.0,0.0,0.0
"der arzt schreibt, die ärzte schreibt",childes,simple_agrmt,arzt,ärzte,schreibt,schreibt,2.097003936767578,0.8618745803833008,3.3345947265625,2.0978244145711265,-1,-2,11.633371618046095,6.4425401664681985,5.056245805348308,1.3862943611198906,3.669951444228417,5.075173815233827,0.0,0.0,0.0,0.0,0.0,0.0,0.0
"die ärzte schreiben, der arzt schreiben",childes,simple_agrmt,ärzte,arzt,schreiben,schreiben,1.4136648178100586,2.3733596801757812,3.2350282669067383,2.340684254964193,1,2,11.633371618046095,6.4425401664681985,1.3862943611198906,5.056245805348308,-3.669951444228417,6.558197802812269,0.0,0.0,0.0,0.0,0.0,0.0,0.0
"der arzt erzählt, die ärzte erzählt",childes,simple_agrmt,arzt,ärzte,erzählt,erzählt,2.866931915283203,0.5718832015991211,0.5369901657104492,1.3252684275309246,-1,-2,12.584680299468456,6.4425401664681985,5.056245805348308,1.3862943611198906,3.669951444228417,6.274762021241939,0.0,0.0,0.0,0.0,0.0,0.0,0.0
"die ärzte erzählen, der arzt erzählen",childes,simple_agrmt,ärzte,arzt,erzählen,erzählen,2.8813934326171875,2.6641550064086914,4.216257095336914,3.253935178120931,1,2,12.584680299468456,6.4425401664681985,1.3862943611198906,5.056245805348308,-3.669951444228417,6.309918278226516,0.0,0.0,0.0,0.0,0.0,0.0,0.0
"der arzt spielt, die ärzte spielt",childes,simple_agrmt,arzt,ärzte,spielt,spielt,2.4241714477539062,0.43807411193847656,3.145524024963379,2.0025898615519204,-1,-2,13.981524871483499,6.4425401664681985,5.056245805348308,1.3862943611198906,3.669951444228417,6.075346031088684,0.0,0.0,0.0,0.0,0.0,0.0,0.0
"die ärzte spielen, der arzt spielen",childes,simple_agrmt,ärzte,arzt,spielen,spielen,2.662175178527832,4.597189903259277,0.7962856292724609,2.6852169036865234,1,2,13.981524871483499,6.4425401664681985,1.3862943611198906,5.056245805348308,-3.669951444228417,7.906178840394815,0.0,0.0,0.0,0.0,0.0,0.0,0.0
"der arzt kommt, die ärzte kommt",childes,simple_agrmt,arzt,ärzte,kommt,kommt,1.5295886993408203,0.8432173728942871,2.057842254638672,1.476882775624593,-1,-2,16.330189983863534,6.4425401664681985,5.056245805348308,1.3862943611198906,3.669951444228417,8.893572718629306,0.0,0.0,0.0,0.0,0.0,0.0,0.0
"die ärzte kommen, der arzt kommen",childes,simple_agrmt,ärzte,arzt,kommen,kommen,3.2524404525756836,3.3935060501098633,4.629323482513428,3.758423328399658,1,2,16.330189983863534,6.4425401664681985,1.3862943611198906,5.056245805348308,-3.669951444228417,7.436617265234227,0.0,0.0,0.0,0.0,0.0,0.0,0.0
"der doktor zweifelt, die doktoren zweifelt",childes,simple_agrmt,doktor,doktoren,zweifelt,zweifelt,-1.0484051704406738,-3.151493549346924,-0.11745738983154297,-1.4391187032063801,-2,-1,1.3862943611198906,6.373319789577013,5.680172609017068,0.6931471805599453,4.987025428457122,0.6931471805599453,0.0,0.0,0.0,0.0,0.0,0.0,0.0
"die doktoren zweifeln, der doktor zweifeln",childes,simple_agrmt,doktoren,doktor,zweifeln,zweifeln,0.2040252685546875,4.969341278076172,1.0363597869873047,2.069908777872721,2,1,1.3862943611198906,6.373319789577013,0.6931471805599453,5.680172609017068,-4.987025428457122,0.6931471805599453,0.0,0.0,0.0,0.0,0.0,0.0,0.0
"der doktor konstruiert, die doktoren konstruiert",childes,simple_agrmt,doktor,doktoren,konstruiert,konstruiert,3.0932416915893555,1.3701705932617188,-1.0093622207641602,1.1513500213623047,-2,-1,1.791759469228055,6.373319789577013,5.680172609017068,0.6931471805599453,4.987025428457122,0.6931471805599453,0.0,0.0,0.0,0.0,0.0,0.0,0.0
"die doktoren konstruieren, der doktor konstruieren",childes,simple_agrmt,doktoren,doktor,konstruieren,konstruieren,-0.8608160018920898,0.670161247253418,2.5311336517333984,0.7801596323649088,2,1,1.791759469228055,6.373319789577013,0.6931471805599453,5.680172609017068,-4.987025428457122,1.0986122886681098,0.0,0.0,0.0,0.0,0.0,0.0,0.0
"der doktor fürchtet, die doktoren fürchtet",childes,simple_agrmt,doktor,doktoren,fürchtet,fürchtet,0.08010149002075195,1.653214454650879,3.7833046913146973,1.8388735453287761,-2,-1,5.42934562895444,6.373319789577013,5.680172609017068,0.6931471805599453,4.987025428457122,2.4849066497880004,0.0,0.0,0.0,0.0,0.0,0.0,0.0
"die doktoren fürchten, der doktor fürchten",childes,simple_agrmt,doktoren,doktor,fürchten,fürchten,3.248983860015869,1.1684455871582031,-0.10389852523803711,1.437843640645345,2,1,5.42934562895444,6.373319789577013,0.6931471805599453,5.680172609017068,-4.987025428457122,2.9444389791664403,0.0,0.0,0.0,0.0,0.0,0.0,0.0
"der doktor schält, die doktoren schält",childes,simple_agrmt,doktor,doktoren,schält,schält,4.494458198547363,-1.626002311706543,3.7116012573242188,2.193352381388346,-2,-1,5.049856007249537,6.373319789577013,5.680172609017068,0.6931471805599453,4.987025428457122,1.791759469228055,0.0,0.0,0.0,0.0,0.0,0.0,0.0
"die doktoren schälen, der doktor schälen",childes,simple_agrmt,doktoren,doktor,schälen,schälen,1.5920262336730957,5.943460464477539,1.3834896087646484,2.9729921023050943,2,1,5.049856007249537,6.373319789577013,0.6931471805599453,5.680172609017068,-4.987025428457122,3.258096538021482,0.0,0.0,0.0,0.0,0.0,0.0,0.0
"der doktor taucht, die doktoren taucht",childes,simple_agrmt,doktor,doktoren,taucht,taucht,0.47809886932373047,2.4838743209838867,4.263944625854492,2.4086392720540366,-2,-1,6.922643891475888,6.373319789577013,5.680172609017068,0.6931471805599453,4.987025428457122,3.5553480614894135,0.0,0.0,0.0,0.0,0.0,0.0,0.0
"die doktoren tauchen, der doktor tauchen",childes,simple_agrmt,doktoren,doktor,tauchen,tauchen,4.88661003112793,0.9891242980957031,4.1893815994262695,3.355038642883301,2,1,6.922643891475888,6.373319789577013,0.6931471805599453,5.680172609017068,-4.987025428457122,3.367295829986474,0.0,0.0,0.0,0.0,0.0,0.0,0.0
"der doktor kennt, die doktoren kennt",childes,simple_agrmt,doktor,doktoren,kennt,kennt,0.2545309066772461,1.322835922241211,1.6050968170166016,1.0608212153116863,-2,-1,9.690912952571153,6.373319789577013,5.680172609017068,0.6931471805599453,4.987025428457122,5.0369526024136295,0.0,0.0,0.0,0.0,0.0,0.0,0.0
"die doktoren kennen, der doktor kennen",childes,simple_agrmt,doktoren,doktor,kennen,kennen,3.6988115310668945,5.322375297546387,2.737210273742676,3.919465700785319,2,1,9.690912952571153,6.373319789577013,0.6931471805599453,5.680172609017068,-4.987025428457122,4.653960350157523,0.0,0.0,0.0,0.0,0.0,0.0,0.0
"der doktor schreibt, die doktoren schreibt",childes,simple_agrmt,doktor,doktoren,schreibt,schreibt,1.544081687927246,4.735317230224609,3.908935070037842,3.396111329396566,-2,-1,11.633371618046095,6.373319789577013,5.680172609017068,0.6931471805599453,4.987025428457122,5.075173815233827,0.0,0.0,0.0,0.0,0.0,0.0,0.0
"die doktoren schreiben, der doktor schreiben",childes,simple_agrmt,doktoren,doktor,schreiben,schreiben,2.1792421340942383,2.104428291320801,1.917332649230957,2.0670010248819985,2,1,11.633371618046095,6.373319789577013,0.6931471805599453,5.680172609017068,-4.987025428457122,6.558197802812269,0.0,0.0,0.0,0.0,0.0,0.0,0.0
"der doktor erzählt, die doktoren erzählt",childes,simple_agrmt,doktor,doktoren,erzählt,erzählt,2.6598920822143555,4.433994293212891,2.2911128997802734,3.12833309173584,-2,-1,12.584680299468456,6.373319789577013,5.680172609017068,0.6931471805599453,4.987025428457122,6.274762021241939,0.0,0.0,0.0,0.0,0.0,0.0,0.0
"die doktoren erzählen, der doktor erzählen",childes,simple_agrmt,doktoren,doktor,erzählen,erzählen,5.444618225097656,2.8803024291992188,1.5928192138671875,3.305913289388021,2,1,12.584680299468456,6.373319789577013,0.6931471805599453,5.680172609017068,-4.987025428457122,6.309918278226516,0.0,0.0,0.0,0.0,0.0,0.0,0.0
"der doktor spielt, die doktoren spielt",childes,simple_agrmt,doktor,doktoren,spielt,spielt,0.18074703216552734,1.0671586990356445,4.788769721984863,2.0122251510620117,-2,-1,13.981524871483499,6.373319789577013,5.680172609017068,0.6931471805599453,4.987025428457122,6.075346031088684,0.0,0.0,0.0,0.0,0.0,0.0,0.0
"die doktoren spielen, der doktor spielen",childes,simple_agrmt,doktoren,doktor,spielen,spielen,7.439538478851318,5.234821796417236,2.887968063354492,5.187442779541016,2,1,13.981524871483499,6.373319789577013,0.6931471805599453,5.680172609017068,-4.987025428457122,7.906178840394815,0.0,0.0,0.0,0.0,0.0,0.0,0.0
"der doktor kommt, die doktoren kommt",childes,simple_agrmt,doktor,doktoren,kommt,kommt,3.8633480072021484,2.725034713745117,2.0483460426330566,2.8789095878601074,-2,-1,16.330189983863534,6.373319789577013,5.680172609017068,0.6931471805599453,4.987025428457122,8.893572718629306,0.0,0.0,0.0,0.4054651081081644,0.0,0.0,0.0
"die doktoren kommen, der doktor kommen",childes,simple_agrmt,doktoren,doktor,kommen,kommen,4.820751667022705,5.270381927490234,4.818855285644531,4.969996293385823,2,1,16.330189983863534,6.373319789577013,0.6931471805599453,5.680172609017068,-4.987025428457122,7.436617265234227,0.0,0.0,0.0,0.0,0.4054651081081644,0.0,0.0
"der mensch zweifelt, die menschen zweifelt",childes,simple_agrmt,mensch,menschen,zweifelt,zweifelt,-0.6983928680419922,3.1674718856811523,3.4370436668395996,1.96870756149292,-2,0,1.3862943611198906,12.469321134340689,6.889591308354466,5.579729825986222,1.3098614823682437,0.6931471805599453,0.0,0.0,0.0,0.0,0.0,0.0,0.0
"die menschen zweifeln, der mensch zweifeln",childes,simple_agrmt,menschen,mensch,zweifeln,zweifeln,1.2892112731933594,0.22156524658203125,-1.548220157623291,-0.012481212615966797,2,0,1.3862943611198906,12.469321134340689,5.579729825986222,6.889591308354466,-1.3098614823682437,0.6931471805599453,0.0,0.0,0.0,0.0,0.0,0.0,0.0
"der mensch konstruiert, die menschen konstruiert",childes,simple_agrmt,mensch,menschen,konstruiert,konstruiert,3.701716423034668,3.3423500061035156,1.2291603088378906,2.757742245992025,-2,0,1.791759469228055,12.469321134340689,6.889591308354466,5.579729825986222,1.3098614823682437,0.6931471805599453,0.0,0.0,0.0,0.0,0.0,0.0,0.0
"die menschen konstruieren, der mensch konstruieren",childes,simple_agrmt,menschen,mensch,konstruieren,konstruieren,0.051383018493652344,0.5824728012084961,1.869692325592041,0.8345160484313965,2,0,1.791759469228055,12.469321134340689,5.579729825986222,6.889591308354466,-1.3098614823682437,1.0986122886681098,0.0,0.0,0.0,0.0,0.0,0.0,0.0
"der mensch fürchtet, die menschen fürchtet",childes,simple_agrmt,mensch,menschen,fürchtet,fürchtet,2.6301002502441406,3.2494401931762695,1.2988228797912598,2.39278777440389,-2,0,5.42934562895444,12.469321134340689,6.889591308354466,5.579729825986222,1.3098614823682437,2.4849066497880004,0.0,0.0,0.0,0.0,0.0,0.0,0.0
"die menschen fürchten, der mensch fürchten",childes,simple_agrmt,menschen,mensch,fürchten,fürchten,3.4074974060058594,2.0044608116149902,4.628049850463867,3.346669356028239,2,0,5.42934562895444,12.469321134340689,5.579729825986222,6.889591308354466,-1.3098614823682437,2.9444389791664403,0.0,0.0,0.0,0.0,0.0,0.0,0.0
"der mensch schält, die menschen schält",childes,simple_agrmt,mensch,menschen,schält,schält,1.8667182922363281,1.6171550750732422,2.8634653091430664,2.1157795588175454,-2,0,5.049856007249537,12.469321134340689,6.889591308354466,5.579729825986222,1.3098614823682437,1.791759469228055,0.0,0.0,0.0,0.0,0.0,0.0,0.0
"die menschen schälen, der mensch schälen",childes,simple_agrmt,menschen,mensch,schälen,schälen,4.396829605102539,6.856509208679199,5.6371026039123535,5.630147139231364,2,0,5.049856007249537,12.469321134340689,5.579729825986222,6.889591308354466,-1.3098614823682437,3.258096538021482,0.0,0.0,0.0,0.0,0.0,0.0,0.0
"der mensch taucht, die menschen taucht",childes,simple_agrmt,mensch,menschen,taucht,taucht,1.9341344833374023,3.084214210510254,2.688314437866211,2.568887710571289,-2,0,6.922643891475888,12.469321134340689,6.889591308354466,5.579729825986222,1.3098614823682437,3.5553480614894135,0.0,0.0,0.0,0.0,0.0,0.0,0.0
"die menschen tauchen, der mensch tauchen",childes,simple_agrmt,menschen,mensch,tauchen,tauchen,8.181021690368652,7.409090995788574,5.187353134155273,6.925821940104167,2,0,6.922643891475888,12.469321134340689,5.579729825986222,6.889591308354466,-1.3098614823682437,3.367295829986474,0.0,0.0,0.0,0.0,0.0,0.0,0.0
"der mensch kennt, die menschen kennt",childes,simple_agrmt,mensch,menschen,kennt,kennt,3.314178466796875,3.5432324409484863,3.493551254272461,3.4503207206726074,-2,0,9.690912952571153,12.469321134340689,6.889591308354466,5.579729825986222,1.3098614823682437,5.0369526024136295,0.0,0.0,0.0,0.0,0.0,0.0,0.0
"die menschen kennen, der mensch kennen",childes,simple_agrmt,menschen,mensch,kennen,kennen,4.573184013366699,3.8896679878234863,3.2752537727355957,3.9127019246419272,2,0,9.690912952571153,12.469321134340689,5.579729825986222,6.889591308354466,-1.3098614823682437,4.653960350157523,0.0,0.0,0.0,0.0,0.0,0.0,0.0
"der mensch schreibt, die menschen schreibt",childes,simple_agrmt,mensch,menschen,schreibt,schreibt,4.466678619384766,6.065140724182129,4.700925827026367,5.077581723531087,-2,0,11.633371618046095,12.469321134340689,6.889591308354466,5.579729825986222,1.3098614823682437,5.075173815233827,0.0,0.0,0.0,0.0,0.0,0.0,0.0
"die menschen schreiben, der mensch schreiben",childes,simple_agrmt,menschen,mensch,schreiben,schreiben,5.101016998291016,3.5391645431518555,3.9914989471435547,4.210560162862142,2,0,11.633371618046095,12.469321134340689,5.579729825986222,6.889591308354466,-1.3098614823682437,6.558197802812269,0.0,0.0,0.0,0.0,0.0,0.0,0.0
"der mensch erzählt, die menschen erzählt",childes,simple_agrmt,mensch,menschen,erzählt,erzählt,3.3309144973754883,5.928168296813965,2.6975536346435547,3.9855454762776694,-2,0,12.584680299468456,12.469321134340689,6.889591308354466,5.579729825986222,1.3098614823682437,6.274762021241939,0.0,0.0,0.0,0.0,0.0,0.0,0.0
"die menschen erzählen, der mensch erzählen",childes,simple_agrmt,menschen,mensch,erzählen,erzählen,5.478854656219482,3.152585983276367,4.976978778839111,4.536139806111653,2,0,12.584680299468456,12.469321134340689,5.579729825986222,6.889591308354466,-1.3098614823682437,6.309918278226516,0.0,0.0,0.0,0.0,0.0,0.0,0.0
"der mensch spielt, die menschen spielt",childes,simple_agrmt,mensch,menschen,spielt,spielt,5.351686954498291,4.691410064697266,6.950761795043945,5.664619604746501,-2,0,13.981524871483499,12.469321134340689,6.889591308354466,5.579729825986222,1.3098614823682437,6.075346031088684,0.0,0.0,0.0,0.0,0.4054651081081644,0.0,0.0
"die menschen spielen, der mensch spielen",childes,simple_agrmt,menschen,mensch,spielen,spielen,6.7814412117004395,7.444694995880127,6.030241966247559,6.752126057942708,2,0,13.981524871483499,12.469321134340689,5.579729825986222,6.889591308354466,-1.3098614823682437,7.906178840394815,0.0,0.0,0.0,0.4054651081081644,0.0,0.0,0.0
"der mensch kommt, die menschen kommt",childes,simple_agrmt,mensch,menschen,kommt,kommt,4.322845458984375,4.917022228240967,5.668765068054199,4.969544251759847,-2,0,16.330189983863534,12.469321134340689,6.889591308354466,5.579729825986222,1.3098614823682437,8.893572718629306,0.0,0.0,0.0,0.6931471805599453,1.3862943611198906,0.0,0.0
"die menschen kommen, der mensch kommen",childes,simple_agrmt,menschen,mensch,kommen,kommen,9.473119735717773,9.502249717712402,7.286093711853027,8.7538210550944,2,0,16.330189983863534,12.469321134340689,5.579729825986222,6.889591308354466,-1.3098614823682437,7.436617265234227,0.0,0.0,0.0,1.3862943611198906,0.6931471805599453,0.0,0.0
"die frau zweifelt, die frauen zweifelt",childes,simple_agrmt,frau,frauen,zweifelt,zweifelt,-1.4962034225463867,2.822234630584717,0.9461398124694824,0.7573903401692709,-2,0,1.3862943611198906,12.018959628000088,7.465082736399547,4.553876891600541,2.9112058447990066,0.6931471805599453,0.0,0.0,0.0,0.0,0.0,0.0,0.0
"die frauen zweifeln, die frau zweifeln",childes,simple_agrmt,frauen,frau,zweifeln,zweifeln,1.385241985321045,-2.377896785736084,-0.4466743469238281,-0.47977638244628906,2,0,1.3862943611198906,12.018959628000088,4.553876891600541,7.465082736399547,-2.9112058447990066,0.6931471805599453,0.0,0.0,0.0,0.0,0.0,0.0,0.0
"die frau konstruiert, die frauen konstruiert",childes,simple_agrmt,frau,frauen,konstruiert,konstruiert,-2.3688669204711914,-4.533408164978027,2.1533117294311523,-1.5829877853393555,-2,0,1.791759469228055,12.018959628000088,7.465082736399547,4.553876891600541,2.9112058447990066,0.6931471805599453,0.0,0.0,0.0,0.0,0.0,0.0,0.0
"die frauen konstruieren, die frau konstruieren",childes,simple_agrmt,frauen,frau,konstruieren,konstruieren,3.4684572219848633,5.494259834289551,-1.273141860961914,2.5631917317708335,2,0,1.791759469228055,12.018959628000088,4.553876891600541,7.465082736399547,-2.9112058447990066,1.0986122886681098,0.0,0.0,0.0,0.0,0.0,0.0,0.0
"die frau fürchtet, die frauen fürchtet",childes,simple_agrmt,frau,frauen,fürchtet,fürchtet,1.3277559280395508,1.5499439239501953,1.2339954376220703,1.3705650965372722,-2,0,5.42934562895444,12.018959628000088,7.465082736399547,4.553876891600541,2.9112058447990066,2.4849066497880004,0.0,0.0,0.0,0.0,0.0,0.0,0.0
"die frauen fürchten, die frau fürchten",childes,simple_agrmt,frauen,frau,fürchten,fürchten,3.7112369537353516,2.2882256507873535,2.196195602416992,2.731886068979899,2,0,5.42934562895444,12.018959628000088,4.553876891600541,7.465082736399547,-2.9112058447990066,2.9444389791664403,0.0,0.0,0.0,0.0,0.0,0.0,0.0
"die frau schält, die frauen schält",childes,simple_agrmt,frau,frauen,schält,schält,0.5583953857421875,0.027679443359375,2.42421293258667,1.0034292538960774,-2,0,5.049856007249537,12.018959628000088,7.465082736399547,4.553876891600541,2.9112058447990066,1.791759469228055,0.0,0.0,0.0,0.0,0.0,0.0,0.0
"die frauen schälen, die frau schälen",childes,simple_agrmt,frauen,frau,schälen,schälen,1.2750396728515625,5.186180114746094,0.6323132514953613,2.364511013031006,2,0,5.049856007249537,12.018959628000088,4.553876891600541,7.465082736399547,-2.9112058447990066,3.258096538021482,0.0,0.0,0.0,0.0,0.0,0.0,0.0
"die frau taucht, die frauen taucht",childes,simple_agrmt,frau,frauen,taucht,taucht,-0.5754661560058594,1.934453010559082,1.0576667785644531,0.8055512110392252,-2,0,6.922643891475888,12.018959628000088,7.465082736399547,4.553876891600541,2.9112058447990066,3.5553480614894135,0.0,0.0,0.0,0.0,0.0,0.0,0.0
"die frauen tauchen, die frau tauchen",childes,simple_agrmt,frauen,frau,tauchen,tauchen,3.666454315185547,5.187188148498535,1.9288229942321777,3.5941551526387534,2,0,6.922643891475888,12.018959628000088,4.553876891600541,7.465082736399547,-2.9112058447990066,3.367295829986474,0.0,0.0,0.0,0.0,0.0,0.0,0.0
"die frau kennt, die frauen kennt",childes,simple_agrmt,frau,frauen,kennt,kennt,-1.653569221496582,1.1372342109680176,3.9972457885742188,1.1603035926818848,-2,0,9.690912952571153,12.018959628000088,7.465082736399547,4.553876891600541,2.9112058447990066,5.0369526024136295,0.0,0.0,0.0,0.0,0.0,0.0,0.0
"die frauen kennen, die frau kennen",childes,simple_agrmt,frauen,frau,kennen,kennen,6.842670440673828,4.599528789520264,0.6307926177978516,4.0243306159973145,2,0,9.690912952571153,12.018959628000088,4.553876891600541,7.465082736399547,-2.9112058447990066,4.653960350157523,0.0,0.0,0.0,0.0,0.0,0.0,0.0
"die frau schreibt, die frauen schreibt",childes,simple_agrmt,frau,frauen,schreibt,schreibt,-0.08637714385986328,3.6825623512268066,2.671477794647217,2.0892210006713867,-2,0,11.633371618046095,12.018959628000088,7.465082736399547,4.553876891600541,2.9112058447990066,5.075173815233827,0.0,0.0,0.0,0.0,0.0,0.0,0.0
"die frauen schreiben, die frau schreiben",childes,simple_agrmt,frauen,frau,schreiben,schreiben,3.1861019134521484,4.421346187591553,0.21428394317626953,2.6072440147399902,2,0,11.633371618046095,12.018959628000088,4.553876891600541,7.465082736399547,-2.9112058447990066,6.558197802812269,0.0,0.0,0.0,0.0,0.0,0.0,0.0
"die frau erzählt, die frauen erzählt",childes,simple_agrmt,frau,frauen,erzählt,erzählt,-0.4341592788696289,2.2311220169067383,1.4101414680480957,1.069034735361735,-2,0,12.584680299468456,12.018959628000088,7.465082736399547,4.553876891600541,2.9112058447990066,6.274762021241939,0.0,0.0,0.0,0.0,0.0,0.0,0.0
"die frauen erzählen, die frau erzählen",childes,simple_agrmt,frauen,frau,erzählen,erzählen,2.472367286682129,1.4190568923950195,-0.6273708343505859,1.0880177815755208,2,0,12.584680299468456,12.018959628000088,4.553876891600541,7.465082736399547,-2.9112058447990066,6.309918278226516,0.0,0.0,0.0,0.0,0.0,0.0,0.0
"die frau spielt, die frauen spielt",childes,simple_agrmt,frau,frauen,spielt,spielt,0.624302864074707,0.7943124771118164,2.314476490020752,1.2443639437357585,-2,0,13.981524871483499,12.018959628000088,7.465082736399547,4.553876891600541,2.9112058447990066,6.075346031088684,0.0,0.0,0.0,0.0,0.0,0.0,0.0
"die frauen spielen, die frau spielen",childes,simple_agrmt,frauen,frau,spielen,spielen,5.462893486022949,5.234298229217529,3.452225685119629,4.716472466786702,2,0,13.981524871483499,12.018959628000088,4.553876891600541,7.465082736399547,-2.9112058447990066,7.906178840394815,0.0,0.0,0.0,0.0,0.0,0.0,0.0
"die frau kommt, die frauen kommt",childes,simple_agrmt,frau,frauen,kommt,kommt,1.9728240966796875,2.109842300415039,3.6843881607055664,2.589018185933431,-2,0,16.330189983863534,12.018959628000088,7.465082736399547,4.553876891600541,2.9112058447990066,8.893572718629306,0.0,0.0,0.0,1.791759469228055,0.0,0.0,0.0
"die frauen kommen, die frau kommen",childes,simple_agrmt,frauen,frau,kommen,kommen,6.528288841247559,5.460653781890869,3.5329036712646484,5.173948764801025,2,0,16.330189983863534,12.018959628000088,4.553876891600541,7.465082736399547,-2.9112058447990066,7.436617265234227,0.0,0.0,0.0,0.0,1.791759469228055,0.0,0.0
