sentences,paradigm,13_logp,30_logp,42_logp
der fahrgast schaukelt,simple_agrmt,-28.16454267501831,-31.24949359893799,-26.268378734588623
die fahrgäste schaukelt,simple_agrmt,-24.412595748901367,-29.476951599121094,-25.048171043395996
die fahrgäste schaukeln,simple_agrmt,-23.792922019958496,-27.723536491394043,-27.510236740112305
der fahrgast schaukeln,simple_agrmt,-30.044382095336914,-33.7417893409729,-32.1446533203125
der fahrgast flüchtet,simple_agrmt,-16.20744514465332,-14.57815933227539,-13.055346012115479
die fahrgäste flüchtet,simple_agrmt,-14.674221515655518,-12.807018756866455,-10.478107452392578
die fahrgäste flüchten,simple_agrmt,-12.912304401397705,-13.28843641281128,-12.632994651794434
der fahrgast flüchten,simple_agrmt,-17.287317276000977,-18.79020404815674,-19.046431064605713
der fahrgast riecht,simple_agrmt,-14.532498359680176,-12.981657028198242,-18.184521675109863
die fahrgäste riecht,simple_agrmt,-18.50779628753662,-13.507186889648438,-17.608248710632324
die fahrgäste riechen,simple_agrmt,-13.475207328796387,-12.566542625427246,-11.73643684387207
der fahrgast riechen,simple_agrmt,-17.53914737701416,-14.249518394470215,-15.98492431640625
der fahrgast wandert,simple_agrmt,-10.7517671585083,-10.941276550292969,-12.539353370666504
die fahrgäste wandert,simple_agrmt,-11.06639575958252,-9.611189365386963,-9.526102542877197
die fahrgäste wandern,simple_agrmt,-9.48094654083252,-9.053680896759033,-8.152161121368408
der fahrgast wandern,simple_agrmt,-12.098505020141602,-14.878982543945312,-17.85613250732422
der fahrgast feiert,simple_agrmt,-12.319243431091309,-10.4957857131958,-12.58823299407959
die fahrgäste feiert,simple_agrmt,-10.383846282958984,-11.677145004272461,-11.93775749206543
die fahrgäste feiern,simple_agrmt,-9.637362480163574,-12.163826942443848,-12.350917339324951
der fahrgast feiern,simple_agrmt,-14.07421588897705,-15.482717514038086,-14.330050468444824
der fahrgast verschwindet,simple_agrmt,-10.522506713867188,-11.575801849365234,-11.043118476867676
die fahrgäste verschwindet,simple_agrmt,-11.83122205734253,-11.58118724822998,-10.08182668685913
die fahrgäste verschwinden,simple_agrmt,-10.187431812286377,-10.985159873962402,-10.744689464569092
der fahrgast verschwinden,simple_agrmt,-13.948319435119629,-12.73388957977295,-13.161567687988281
der fahrgast denkt,simple_agrmt,-10.7324538230896,-11.64601755142212,-11.03454875946045
die fahrgäste denkt,simple_agrmt,-16.898783683776855,-17.070289611816406,-15.342051982879639
die fahrgäste denken,simple_agrmt,-13.853163719177246,-16.415861129760742,-14.796306610107422
der fahrgast denken,simple_agrmt,-15.364128112792969,-16.218578338623047,-15.490678787231445
der fahrgast spricht,simple_agrmt,-9.369322776794434,-14.384082794189453,-12.11101245880127
die fahrgäste spricht,simple_agrmt,-10.458939552307129,-10.318994522094727,-11.41661548614502
die fahrgäste sprechen,simple_agrmt,-9.62386417388916,-10.870716094970703,-12.338082313537598
der fahrgast sprechen,simple_agrmt,-13.130632400512695,-14.15308952331543,-13.214359283447266
der fahrgast arbeitet,simple_agrmt,-10.258865356445312,-8.769784927368164,-10.899081230163574
die fahrgäste arbeitet,simple_agrmt,-9.363670349121094,-9.085391998291016,-10.266438484191895
die fahrgäste arbeiten,simple_agrmt,-10.008452415466309,-9.960145950317383,-9.532886505126953
der fahrgast arbeiten,simple_agrmt,-12.037375450134277,-10.993501663208008,-10.738142013549805
der fahrgast liegt,simple_agrmt,-5.835399150848389,-7.403042793273926,-6.342885971069336
die fahrgäste liegt,simple_agrmt,-8.01459789276123,-5.404847621917725,-6.015311241149902
die fahrgäste liegen,simple_agrmt,-4.735052585601807,-4.212145805358887,-4.407585144042969
der fahrgast liegen,simple_agrmt,-10.143104553222656,-11.29145622253418,-9.833209037780762
das kleinkind schaukelt,simple_agrmt,-29.87257146835327,-31.62600040435791,-29.40803813934326
die kleinkinder schaukelt,simple_agrmt,-24.248365879058838,-27.56646728515625,-24.74948787689209
die kleinkinder schaukeln,simple_agrmt,-23.92732524871826,-26.572564125061035,-27.14298152923584
das kleinkind schaukeln,simple_agrmt,-29.125356674194336,-31.52231216430664,-33.736289501190186
das kleinkind flüchtet,simple_agrmt,-22.24010467529297,-17.566837310791016,-18.514527320861816
die kleinkinder flüchtet,simple_agrmt,-15.88432264328003,-14.038008689880371,-13.767066955566406
die kleinkinder flüchten,simple_agrmt,-11.567196369171143,-10.920774459838867,-12.662071228027344
das kleinkind flüchten,simple_agrmt,-23.411989212036133,-18.94852352142334,-22.246607780456543
das kleinkind riecht,simple_agrmt,-16.510722160339355,-15.596941947937012,-18.85648536682129
die kleinkinder riecht,simple_agrmt,-19.821837425231934,-12.313193321228027,-21.622032165527344
die kleinkinder riechen,simple_agrmt,-14.632133483886719,-12.488213539123535,-15.719470024108887
das kleinkind riechen,simple_agrmt,-15.383514404296875,-16.855223655700684,-17.826719284057617
das kleinkind wandert,simple_agrmt,-17.409655570983887,-14.20003890991211,-15.011324882507324
die kleinkinder wandert,simple_agrmt,-13.41259765625,-11.380331039428711,-13.38382625579834
die kleinkinder wandern,simple_agrmt,-11.64947509765625,-9.575252532958984,-10.648676872253418
das kleinkind wandern,simple_agrmt,-16.36197853088379,-18.164912223815918,-16.854246139526367
das kleinkind feiert,simple_agrmt,-14.955883979797363,-18.38129997253418,-16.401671409606934
die kleinkinder feiert,simple_agrmt,-14.194352149963379,-13.497452735900879,-13.130073547363281
die kleinkinder feiern,simple_agrmt,-8.96601390838623,-10.368064403533936,-12.05928897857666
das kleinkind feiern,simple_agrmt,-16.819068908691406,-17.7040376663208,-18.791823387145996
das kleinkind verschwindet,simple_agrmt,-16.34879207611084,-14.093559265136719,-16.19193458557129
die kleinkinder verschwindet,simple_agrmt,-14.494692325592041,-14.279958724975586,-12.32278060913086
die kleinkinder verschwinden,simple_agrmt,-10.459169864654541,-11.479453086853027,-9.545878410339355
das kleinkind verschwinden,simple_agrmt,-14.706170082092285,-12.532526969909668,-17.588032722473145
das kleinkind denkt,simple_agrmt,-17.004435062408447,-15.477910041809082,-16.811387538909912
die kleinkinder denkt,simple_agrmt,-12.719398498535156,-12.176500797271729,-12.786902904510498
die kleinkinder denken,simple_agrmt,-12.740249633789062,-13.19275188446045,-11.253666877746582
das kleinkind denken,simple_agrmt,-15.355981826782227,-14.156102180480957,-16.85582733154297
das kleinkind spricht,simple_agrmt,-13.704649925231934,-12.516668319702148,-12.762298583984375
die kleinkinder spricht,simple_agrmt,-10.386076927185059,-11.618361473083496,-13.868308067321777
die kleinkinder sprechen,simple_agrmt,-10.285845756530762,-9.910075187683105,-9.13061809539795
das kleinkind sprechen,simple_agrmt,-15.972424507141113,-16.07192611694336,-14.77825927734375
das kleinkind arbeitet,simple_agrmt,-15.471267700195312,-11.451221466064453,-13.3685884475708
die kleinkinder arbeitet,simple_agrmt,-10.516300201416016,-8.672333240509033,-9.798417091369629
die kleinkinder arbeiten,simple_agrmt,-9.338186264038086,-8.897958755493164,-7.377388954162598
das kleinkind arbeiten,simple_agrmt,-12.442916870117188,-13.728275299072266,-16.381061553955078
das kleinkind liegt,simple_agrmt,-13.080183029174805,-9.222343444824219,-12.519485473632812
die kleinkinder liegt,simple_agrmt,-12.51411247253418,-11.714742660522461,-10.545034408569336
die kleinkinder liegen,simple_agrmt,-7.784599304199219,-7.337653160095215,-7.070862293243408
das kleinkind liegen,simple_agrmt,-10.038030624389648,-11.52298355102539,-12.17203426361084
der zwilling schaukelt,simple_agrmt,-24.18523931503296,-34.46478509902954,-26.77641201019287
die zwillinge schaukelt,simple_agrmt,-22.947323322296143,-30.677910327911377,-28.39238691329956
die zwillinge schaukeln,simple_agrmt,-25.59852695465088,-27.67017650604248,-28.61686134338379
der zwilling schaukeln,simple_agrmt,-29.637898445129395,-36.83000898361206,-34.53674840927124
der zwilling flüchtet,simple_agrmt,-13.62874984741211,-17.698596000671387,-14.610275268554688
die zwillinge flüchtet,simple_agrmt,-14.47580337524414,-14.713435173034668,-16.33557939529419
die zwillinge flüchten,simple_agrmt,-11.296075820922852,-13.259498596191406,-14.84426736831665
der zwilling flüchten,simple_agrmt,-15.172353744506836,-21.119133949279785,-18.913947105407715
der zwilling riecht,simple_agrmt,-13.409929275512695,-17.20108127593994,-17.208550453186035
die zwillinge riecht,simple_agrmt,-16.592294692993164,-12.862236976623535,-18.324368476867676
die zwillinge riechen,simple_agrmt,-13.319371223449707,-10.027663230895996,-10.865730285644531
der zwilling riechen,simple_agrmt,-15.946767807006836,-16.5248966217041,-13.241107940673828
der zwilling wandert,simple_agrmt,-13.19328784942627,-13.632753372192383,-10.247884750366211
die zwillinge wandert,simple_agrmt,-13.84054946899414,-12.279223442077637,-12.642313957214355
die zwillinge wandern,simple_agrmt,-10.884730339050293,-9.738275527954102,-9.03850269317627
der zwilling wandern,simple_agrmt,-15.014423370361328,-15.255916595458984,-14.019229888916016
der zwilling feiert,simple_agrmt,-11.463641166687012,-17.050735473632812,-8.669240474700928
die zwillinge feiert,simple_agrmt,-12.261018753051758,-14.37165641784668,-12.071670532226562
die zwillinge feiern,simple_agrmt,-11.125767707824707,-14.065163612365723,-10.725595951080322
der zwilling feiern,simple_agrmt,-12.508875846862793,-18.42036247253418,-14.470268726348877
der zwilling verschwindet,simple_agrmt,-11.285113334655762,-14.125786781311035,-11.958308219909668
die zwillinge verschwindet,simple_agrmt,-14.61243724822998,-11.635168075561523,-11.561956405639648
die zwillinge verschwinden,simple_agrmt,-11.444554328918457,-9.0767240524292,-9.862872123718262
der zwilling verschwinden,simple_agrmt,-13.781688690185547,-16.14404582977295,-14.59416675567627
der zwilling denkt,simple_agrmt,-13.017640113830566,-15.760024547576904,-11.93308162689209
die zwillinge denkt,simple_agrmt,-14.24437952041626,-15.559293746948242,-13.03521728515625
die zwillinge denken,simple_agrmt,-14.101387977600098,-13.221725463867188,-11.687032699584961
der zwilling denken,simple_agrmt,-16.930208206176758,-17.36216163635254,-15.046431541442871
der zwilling spricht,simple_agrmt,-7.0965352058410645,-10.047542572021484,-9.337449073791504
die zwillinge spricht,simple_agrmt,-12.022047996520996,-10.68249797821045,-12.891108512878418
die zwillinge sprechen,simple_agrmt,-9.304952621459961,-10.3016996383667,-9.758689880371094
der zwilling sprechen,simple_agrmt,-12.507365226745605,-15.094329833984375,-14.845678329467773
der zwilling arbeitet,simple_agrmt,-9.122686386108398,-12.602420806884766,-9.827054977416992
die zwillinge arbeitet,simple_agrmt,-13.889939308166504,-9.679919242858887,-10.606023788452148
die zwillinge arbeiten,simple_agrmt,-9.745944023132324,-10.440768241882324,-8.246414184570312
der zwilling arbeiten,simple_agrmt,-11.415555953979492,-15.124897003173828,-12.053702354431152
der zwilling liegt,simple_agrmt,-6.355618000030518,-8.760858535766602,-6.639096260070801
die zwillinge liegt,simple_agrmt,-10.969664573669434,-8.468387603759766,-9.712376594543457
die zwillinge liegen,simple_agrmt,-4.466841697692871,-4.933754920959473,-4.322869777679443
der zwilling liegen,simple_agrmt,-10.344866752624512,-13.807168006896973,-9.028985977172852
der polizist schaukelt,simple_agrmt,-24.26089859008789,-28.65324592590332,-24.310635089874268
die polizisten schaukelt,simple_agrmt,-25.90156841278076,-29.12241268157959,-25.621988773345947
die polizisten schaukeln,simple_agrmt,-24.621350288391113,-28.61177921295166,-26.647724151611328
der polizist schaukeln,simple_agrmt,-27.396345615386963,-32.32988214492798,-28.454756259918213
der polizist flüchtet,simple_agrmt,-15.315549373626709,-14.20878791809082,-13.845928192138672
die polizisten flüchtet,simple_agrmt,-19.87825298309326,-13.323927402496338,-17.440892696380615
die polizisten flüchten,simple_agrmt,-12.265471458435059,-9.884586811065674,-12.085500240325928
der polizist flüchten,simple_agrmt,-16.249505519866943,-16.99609088897705,-18.372376441955566
der polizist riecht,simple_agrmt,-10.90967845916748,-13.031554222106934,-18.242552757263184
die polizisten riecht,simple_agrmt,-22.53482151031494,-19.099875450134277,-25.416763305664062
die polizisten riechen,simple_agrmt,-19.05535125732422,-17.3125638961792,-17.05578327178955
der polizist riechen,simple_agrmt,-13.525211334228516,-14.024291038513184,-14.284762382507324
der polizist wandert,simple_agrmt,-11.50914192199707,-13.536603927612305,-13.600998878479004
die polizisten wandert,simple_agrmt,-17.980578422546387,-18.39288902282715,-19.714731216430664
die polizisten wandern,simple_agrmt,-14.362813949584961,-15.619576454162598,-14.5621919631958
der polizist wandern,simple_agrmt,-13.271297454833984,-16.213772773742676,-17.36818218231201
der polizist feiert,simple_agrmt,-10.491917610168457,-12.586700439453125,-12.812615394592285
die polizisten feiert,simple_agrmt,-13.649045944213867,-15.008674621582031,-14.603842735290527
die polizisten feiern,simple_agrmt,-9.764247417449951,-9.591512680053711,-9.723357677459717
der polizist feiern,simple_agrmt,-10.471753597259521,-15.627726554870605,-12.51298999786377
der polizist verschwindet,simple_agrmt,-11.775460243225098,-14.460527420043945,-12.157968521118164
die polizisten verschwindet,simple_agrmt,-17.62869644165039,-16.33196449279785,-14.690319538116455
die polizisten verschwinden,simple_agrmt,-11.385939598083496,-11.716737747192383,-10.533724308013916
der polizist verschwinden,simple_agrmt,-13.570564270019531,-15.645859718322754,-14.301300048828125
der polizist denkt,simple_agrmt,-12.29248332977295,-10.163996696472168,-10.956764221191406
die polizisten denkt,simple_agrmt,-13.014776229858398,-13.02668571472168,-13.268588066101074
die polizisten denken,simple_agrmt,-11.248958587646484,-11.95516300201416,-10.941349029541016
der polizist denken,simple_agrmt,-12.243913650512695,-13.95460319519043,-15.29340648651123
der polizist spricht,simple_agrmt,-9.043179512023926,-9.108695983886719,-8.154170989990234
die polizisten spricht,simple_agrmt,-13.339570045471191,-12.626578330993652,-12.590548515319824
die polizisten sprechen,simple_agrmt,-10.341463088989258,-9.640149116516113,-8.037052154541016
der polizist sprechen,simple_agrmt,-12.299537658691406,-12.423821449279785,-13.129037857055664
der polizist arbeitet,simple_agrmt,-8.62889289855957,-9.434326171875,-9.021692276000977
die polizisten arbeitet,simple_agrmt,-15.46802043914795,-12.680070400238037,-15.056900978088379
die polizisten arbeiten,simple_agrmt,-8.064279556274414,-7.788823127746582,-8.371620178222656
der polizist arbeiten,simple_agrmt,-9.109334945678711,-10.962553024291992,-10.716246604919434
der polizist liegt,simple_agrmt,-11.167625427246094,-7.565184116363525,-7.912262916564941
die polizisten liegt,simple_agrmt,-12.040369033813477,-11.756678581237793,-13.511393547058105
die polizisten liegen,simple_agrmt,-6.496191501617432,-7.753326892852783,-7.685516357421875
der polizist liegen,simple_agrmt,-14.538436889648438,-13.240156173706055,-11.529581069946289
der kunde schaukelt,simple_agrmt,-24.123816967010498,-26.79405641555786,-24.434231758117676
die kunden schaukelt,simple_agrmt,-25.807687282562256,-28.647424697875977,-29.816423416137695
die kunden schaukeln,simple_agrmt,-26.060260772705078,-29.176836013793945,-30.269132614135742
der kunde schaukeln,simple_agrmt,-28.445545196533203,-33.24942922592163,-29.98888874053955
der kunde flüchtet,simple_agrmt,-14.538797378540039,-12.727709770202637,-12.515087127685547
die kunden flüchtet,simple_agrmt,-17.983919620513916,-13.284075736999512,-16.095733642578125
die kunden flüchten,simple_agrmt,-11.77262544631958,-10.247488021850586,-14.298856735229492
der kunde flüchten,simple_agrmt,-15.779300689697266,-16.183109283447266,-17.63857650756836
der kunde riecht,simple_agrmt,-16.894248008728027,-13.62746810913086,-15.918176651000977
die kunden riecht,simple_agrmt,-21.94585132598877,-15.649489402770996,-20.567188262939453
die kunden riechen,simple_agrmt,-17.117694854736328,-15.233932495117188,-13.233216285705566
der kunde riechen,simple_agrmt,-17.85170269012451,-14.888630867004395,-11.966702461242676
der kunde wandert,simple_agrmt,-10.995352745056152,-9.906012535095215,-11.411137580871582
die kunden wandert,simple_agrmt,-16.5538969039917,-15.344831466674805,-13.354928016662598
die kunden wandern,simple_agrmt,-12.65922737121582,-12.4199800491333,-9.761022567749023
der kunde wandern,simple_agrmt,-12.247291564941406,-12.425114631652832,-14.100399017333984
der kunde feiert,simple_agrmt,-11.106324195861816,-13.275806427001953,-9.883121490478516
die kunden feiert,simple_agrmt,-14.377083778381348,-13.60601806640625,-12.38968563079834
die kunden feiern,simple_agrmt,-11.704727172851562,-10.681451320648193,-12.235000610351562
der kunde feiern,simple_agrmt,-12.361547470092773,-16.128573417663574,-13.965442657470703
der kunde verschwindet,simple_agrmt,-11.634424209594727,-11.122793197631836,-7.9371442794799805
die kunden verschwindet,simple_agrmt,-17.039443969726562,-15.300311088562012,-12.744088172912598
die kunden verschwinden,simple_agrmt,-12.133586883544922,-10.60285472869873,-9.379682540893555
der kunde verschwinden,simple_agrmt,-13.684163093566895,-13.400397300720215,-9.744611740112305
der kunde denkt,simple_agrmt,-12.023652076721191,-10.632071495056152,-10.859909057617188
die kunden denkt,simple_agrmt,-12.488237380981445,-15.053606033325195,-15.820782661437988
die kunden denken,simple_agrmt,-12.394220352172852,-14.090494155883789,-10.909781455993652
der kunde denken,simple_agrmt,-15.726083755493164,-13.963363647460938,-13.820801734924316
der kunde spricht,simple_agrmt,-7.146058082580566,-6.5437235832214355,-9.524094581604004
die kunden spricht,simple_agrmt,-13.235334396362305,-11.40760326385498,-14.297163963317871
die kunden sprechen,simple_agrmt,-9.792756080627441,-11.481405258178711,-9.126120567321777
der kunde sprechen,simple_agrmt,-12.422179222106934,-12.046972274780273,-15.203805923461914
der kunde arbeitet,simple_agrmt,-9.732244491577148,-10.164271354675293,-8.098396301269531
die kunden arbeitet,simple_agrmt,-14.793644905090332,-12.659841537475586,-13.432062149047852
die kunden arbeiten,simple_agrmt,-7.991965293884277,-7.823031902313232,-9.979679107666016
der kunde arbeiten,simple_agrmt,-13.8417329788208,-11.356082916259766,-10.322988510131836
der kunde liegt,simple_agrmt,-5.670066833496094,-5.3517746925354,-4.329753875732422
die kunden liegt,simple_agrmt,-14.987242698669434,-12.257999420166016,-12.648334503173828
die kunden liegen,simple_agrmt,-7.78286075592041,-7.349826812744141,-6.52502965927124
der kunde liegen,simple_agrmt,-8.955873489379883,-6.822419166564941,-6.434090614318848
die schwester schaukelt,simple_agrmt,-20.466270446777344,-23.297253131866455,-23.428823947906494
die schwestern schaukelt,simple_agrmt,-23.913424968719482,-27.409647941589355,-27.10940170288086
die schwestern schaukeln,simple_agrmt,-24.22371482849121,-25.148436546325684,-29.621865272521973
die schwester schaukeln,simple_agrmt,-23.19997787475586,-26.002830505371094,-27.676589012145996
die schwester flüchtet,simple_agrmt,-14.800259590148926,-17.171768188476562,-14.341468811035156
die schwestern flüchtet,simple_agrmt,-16.729562282562256,-13.425232887268066,-14.120519161224365
die schwestern flüchten,simple_agrmt,-11.845339298248291,-11.452865600585938,-14.297590732574463
die schwester flüchten,simple_agrmt,-13.606460571289062,-14.13594913482666,-14.788987159729004
die schwester riecht,simple_agrmt,-18.68709087371826,-15.772683143615723,-17.135269165039062
die schwestern riecht,simple_agrmt,-21.89065170288086,-13.309799194335938,-20.972315788269043
die schwestern riechen,simple_agrmt,-16.746514320373535,-10.804056167602539,-14.178045272827148
die schwester riechen,simple_agrmt,-20.075974464416504,-14.033942699432373,-12.571030616760254
die schwester wandert,simple_agrmt,-15.655585289001465,-15.80519962310791,-15.098478317260742
die schwestern wandert,simple_agrmt,-16.054031372070312,-14.751554489135742,-12.813850402832031
die schwestern wandern,simple_agrmt,-12.066680908203125,-10.67251205444336,-9.890602111816406
die schwester wandern,simple_agrmt,-14.2526216506958,-17.044218063354492,-14.921127319335938
die schwester feiert,simple_agrmt,-12.988676071166992,-13.517634391784668,-16.47831916809082
die schwestern feiert,simple_agrmt,-13.76882266998291,-14.925497055053711,-15.231160163879395
die schwestern feiern,simple_agrmt,-10.965591430664062,-12.685181617736816,-11.35398244857788
die schwester feiern,simple_agrmt,-7.648985385894775,-11.003587245941162,-12.95823049545288
die schwester verschwindet,simple_agrmt,-14.554098129272461,-13.666236877441406,-13.22592544555664
die schwestern verschwindet,simple_agrmt,-18.097423553466797,-14.470083236694336,-11.99665641784668
die schwestern verschwinden,simple_agrmt,-12.876849174499512,-9.973028182983398,-9.958290100097656
die schwester verschwinden,simple_agrmt,-14.423377990722656,-13.628409385681152,-13.972997665405273
die schwester denkt,simple_agrmt,-16.237921714782715,-17.97812843322754,-19.097155570983887
die schwestern denkt,simple_agrmt,-13.6590256690979,-14.539726734161377,-12.086064338684082
die schwestern denken,simple_agrmt,-14.494447708129883,-12.62845516204834,-11.417384147644043
die schwester denken,simple_agrmt,-14.066011428833008,-15.636815071105957,-16.320884704589844
die schwester spricht,simple_agrmt,-10.855775833129883,-13.93471622467041,-11.479756355285645
die schwestern spricht,simple_agrmt,-13.868135452270508,-14.314690589904785,-13.893963813781738
die schwestern sprechen,simple_agrmt,-11.103320121765137,-10.025690078735352,-10.331648826599121
die schwester sprechen,simple_agrmt,-10.293952941894531,-14.115787506103516,-12.934713363647461
die schwester arbeitet,simple_agrmt,-12.085783958435059,-10.682329177856445,-10.223016738891602
die schwestern arbeitet,simple_agrmt,-12.443890571594238,-13.824135780334473,-13.61197280883789
die schwestern arbeiten,simple_agrmt,-9.821784973144531,-9.784370422363281,-9.895383834838867
die schwester arbeiten,simple_agrmt,-10.875929832458496,-11.74905014038086,-12.713669776916504
die schwester liegt,simple_agrmt,-8.362968444824219,-11.52325439453125,-8.246294021606445
die schwestern liegt,simple_agrmt,-12.41915225982666,-10.44965934753418,-9.732358932495117
die schwestern liegen,simple_agrmt,-7.383525848388672,-5.600348949432373,-6.564042568206787
die schwester liegen,simple_agrmt,-9.853655815124512,-11.854009628295898,-11.233834266662598
der bruder schaukelt,simple_agrmt,-22.23759937286377,-26.605746269226074,-28.417085647583008
die brüder schaukelt,simple_agrmt,-21.016144275665283,-24.51099967956543,-25.444619178771973
die brüder schaukeln,simple_agrmt,-22.32154655456543,-24.70108413696289,-29.431696891784668
der bruder schaukeln,simple_agrmt,-27.64565896987915,-32.350594997406006,-33.80222988128662
der bruder flüchtet,simple_agrmt,-15.624276161193848,-15.368655681610107,-14.000827312469482
die brüder flüchtet,simple_agrmt,-17.182984828948975,-13.516077518463135,-13.616149425506592
die brüder flüchten,simple_agrmt,-12.609601497650146,-10.210514545440674,-12.396831035614014
der bruder flüchten,simple_agrmt,-15.937432289123535,-17.741554737091064,-16.309939861297607
der bruder riecht,simple_agrmt,-20.66877841949463,-16.129013061523438,-19.00285243988037
die brüder riecht,simple_agrmt,-17.869997024536133,-13.855159759521484,-19.274824142456055
die brüder riechen,simple_agrmt,-14.925063133239746,-13.140399932861328,-13.10134506225586
der bruder riechen,simple_agrmt,-20.927767753601074,-17.270394325256348,-16.22445297241211
der bruder wandert,simple_agrmt,-14.138152122497559,-14.257059097290039,-15.515987396240234
die brüder wandert,simple_agrmt,-13.721650123596191,-13.157066345214844,-13.96776294708252
die brüder wandern,simple_agrmt,-11.965786933898926,-11.547246932983398,-10.970088005065918
der bruder wandern,simple_agrmt,-13.854755401611328,-16.243786811828613,-16.436738967895508
der bruder feiert,simple_agrmt,-12.397089958190918,-14.29077434539795,-17.66840171813965
die brüder feiert,simple_agrmt,-12.168745994567871,-14.711304664611816,-16.36731719970703
die brüder feiern,simple_agrmt,-7.032020568847656,-9.047073364257812,-9.218925476074219
der bruder feiern,simple_agrmt,-9.460353374481201,-12.923680305480957,-11.512190341949463
der bruder verschwindet,simple_agrmt,-17.12350845336914,-14.073992729187012,-14.802217483520508
die brüder verschwindet,simple_agrmt,-15.805217742919922,-14.752486228942871,-13.421211242675781
die brüder verschwinden,simple_agrmt,-12.628389358520508,-11.608254432678223,-10.786894798278809
der bruder verschwinden,simple_agrmt,-17.091524124145508,-16.314687728881836,-14.791662216186523
der bruder denkt,simple_agrmt,-15.942508697509766,-16.03978729248047,-16.34879207611084
die brüder denkt,simple_agrmt,-12.635764122009277,-12.993847846984863,-13.94522762298584
die brüder denken,simple_agrmt,-12.472538948059082,-11.48774242401123,-12.373751640319824
der bruder denken,simple_agrmt,-15.548505783081055,-14.71118450164795,-17.04945945739746
der bruder spricht,simple_agrmt,-10.42728042602539,-11.65333366394043,-11.040339469909668
die brüder spricht,simple_agrmt,-12.656882286071777,-12.335165977478027,-12.622394561767578
die brüder sprechen,simple_agrmt,-9.874841690063477,-8.61686897277832,-9.446581840515137
der bruder sprechen,simple_agrmt,-13.725159645080566,-14.209004402160645,-14.883620262145996
der bruder arbeitet,simple_agrmt,-10.596779823303223,-10.89076042175293,-10.787803649902344
die brüder arbeitet,simple_agrmt,-11.907488822937012,-9.448720932006836,-11.630316734313965
die brüder arbeiten,simple_agrmt,-9.407678604125977,-8.749466896057129,-8.901700019836426
der bruder arbeiten,simple_agrmt,-13.300310134887695,-14.134730339050293,-12.91960620880127
der bruder liegt,simple_agrmt,-7.402565002441406,-8.631583213806152,-7.395013332366943
die brüder liegt,simple_agrmt,-14.609000205993652,-13.623810768127441,-11.313812255859375
die brüder liegen,simple_agrmt,-8.9527006149292,-9.692977905273438,-7.4973907470703125
der bruder liegen,simple_agrmt,-11.469263076782227,-13.166473388671875,-12.294233322143555
der vater schaukelt,simple_agrmt,-23.037096977233887,-27.382562160491943,-27.737385272979736
die väter schaukelt,simple_agrmt,-23.08568048477173,-27.18675994873047,-27.71042823791504
die väter schaukeln,simple_agrmt,-25.80365562438965,-28.989985466003418,-32.27412414550781
der vater schaukeln,simple_agrmt,-27.221967220306396,-33.30270004272461,-31.776954174041748
der vater flüchtet,simple_agrmt,-13.31068468093872,-14.135002136230469,-12.181296825408936
die väter flüchtet,simple_agrmt,-16.30565071105957,-16.12376594543457,-16.265292167663574
die väter flüchten,simple_agrmt,-14.985252380371094,-11.999709129333496,-14.399919509887695
der vater flüchten,simple_agrmt,-13.266435146331787,-15.993830680847168,-15.953123569488525
der vater riecht,simple_agrmt,-16.63254976272583,-15.03199052810669,-20.5320987701416
die väter riecht,simple_agrmt,-22.55033016204834,-18.938140869140625,-21.952219009399414
die väter riechen,simple_agrmt,-21.457672119140625,-16.642727851867676,-16.50692844390869
der vater riechen,simple_agrmt,-18.57670783996582,-17.297374725341797,-18.352917671203613
der vater wandert,simple_agrmt,-12.640558242797852,-15.776205062866211,-16.63901138305664
die väter wandert,simple_agrmt,-14.060347557067871,-16.239794731140137,-18.35579204559326
die väter wandern,simple_agrmt,-12.513784408569336,-15.27672004699707,-16.221036911010742
der vater wandern,simple_agrmt,-13.092890739440918,-18.788701057434082,-19.22341251373291
der vater feiert,simple_agrmt,-15.044771194458008,-13.192115783691406,-16.77180290222168
die väter feiert,simple_agrmt,-10.99913501739502,-15.621349334716797,-13.637516975402832
die väter feiern,simple_agrmt,-10.133167266845703,-12.798307418823242,-13.514542579650879
der vater feiern,simple_agrmt,-9.556694984436035,-11.542502403259277,-10.409064769744873
der vater verschwindet,simple_agrmt,-14.639262199401855,-13.5597562789917,-13.232963562011719
die väter verschwindet,simple_agrmt,-15.716594696044922,-15.526642799377441,-15.632746696472168
die väter verschwinden,simple_agrmt,-14.225839614868164,-12.540027618408203,-13.974644660949707
der vater verschwinden,simple_agrmt,-16.4406681060791,-16.242233276367188,-15.393061637878418
der vater denkt,simple_agrmt,-13.51747179031372,-14.397490501403809,-16.357829093933105
die väter denkt,simple_agrmt,-12.832862377166748,-14.566192626953125,-15.820645809173584
die väter denken,simple_agrmt,-11.843057632446289,-14.290346145629883,-16.998899459838867
der vater denken,simple_agrmt,-16.39838981628418,-15.51949691772461,-17.099149703979492
der vater spricht,simple_agrmt,-10.907865524291992,-9.053871154785156,-10.828293800354004
die väter spricht,simple_agrmt,-12.633759498596191,-12.718587875366211,-13.68747329711914
die väter sprechen,simple_agrmt,-10.668993949890137,-11.929461479187012,-15.965049743652344
der vater sprechen,simple_agrmt,-12.979536056518555,-13.305928230285645,-16.001371383666992
der vater arbeitet,simple_agrmt,-9.449739456176758,-9.027417182922363,-8.220207214355469
die väter arbeitet,simple_agrmt,-13.176295280456543,-13.573159217834473,-13.91751480102539
die väter arbeiten,simple_agrmt,-9.379229545593262,-9.386600494384766,-11.663788795471191
der vater arbeiten,simple_agrmt,-12.088945388793945,-11.986213684082031,-12.381701469421387
der vater liegt,simple_agrmt,-7.19998025894165,-7.801815509796143,-7.2839202880859375
die väter liegt,simple_agrmt,-11.96855640411377,-13.072641372680664,-12.824376106262207
die väter liegen,simple_agrmt,-8.984496116638184,-9.082369804382324,-8.53416633605957
der vater liegen,simple_agrmt,-10.563377380371094,-13.812049865722656,-13.559896469116211
der mann schaukelt,simple_agrmt,-24.534529209136963,-31.224526405334473,-28.134215831756592
die männer schaukelt,simple_agrmt,-22.243204593658447,-29.315396308898926,-27.933104515075684
die männer schaukeln,simple_agrmt,-23.150758743286133,-28.201468467712402,-30.69131565093994
der mann schaukeln,simple_agrmt,-30.0440354347229,-34.060073375701904,-34.27319383621216
der mann flüchtet,simple_agrmt,-14.090878009796143,-15.269561767578125,-13.600131511688232
die männer flüchtet,simple_agrmt,-15.56070613861084,-12.166686058044434,-16.96499252319336
die männer flüchten,simple_agrmt,-10.538304328918457,-8.53374195098877,-13.833524703979492
der mann flüchten,simple_agrmt,-14.774339199066162,-17.044906616210938,-17.363489627838135
der mann riecht,simple_agrmt,-15.871642112731934,-14.691821098327637,-18.561375617980957
die männer riecht,simple_agrmt,-20.06111431121826,-18.19864273071289,-21.636356353759766
die männer riechen,simple_agrmt,-16.50688362121582,-17.272541999816895,-15.925095558166504
der mann riechen,simple_agrmt,-17.024658203125,-15.383459091186523,-16.060450553894043
der mann wandert,simple_agrmt,-11.688143730163574,-12.609329223632812,-12.585159301757812
die männer wandert,simple_agrmt,-14.695271492004395,-14.942856788635254,-16.354827880859375
die männer wandern,simple_agrmt,-11.356706619262695,-12.443883895874023,-12.104043006896973
der mann wandern,simple_agrmt,-12.945581436157227,-15.229642868041992,-16.64582061767578
der mann feiert,simple_agrmt,-13.170515060424805,-13.725617408752441,-13.38779067993164
die männer feiert,simple_agrmt,-11.994935989379883,-11.225703716278076,-14.271602630615234
die männer feiern,simple_agrmt,-7.280598163604736,-9.325939178466797,-9.909794330596924
der mann feiern,simple_agrmt,-11.460829257965088,-15.291943550109863,-10.83902359008789
der mann verschwindet,simple_agrmt,-12.124009132385254,-11.35962963104248,-10.889180183410645
die männer verschwindet,simple_agrmt,-13.309711456298828,-15.136896133422852,-11.904701232910156
die männer verschwinden,simple_agrmt,-9.957538604736328,-10.532047271728516,-8.6447172164917
der mann verschwinden,simple_agrmt,-14.8451509475708,-12.722528457641602,-12.90153980255127
der mann denkt,simple_agrmt,-11.127220630645752,-11.970221996307373,-13.4027419090271
die männer denkt,simple_agrmt,-14.921261310577393,-14.149537563323975,-16.739002227783203
die männer denken,simple_agrmt,-13.646125793457031,-14.452913284301758,-11.015745162963867
der mann denken,simple_agrmt,-14.477989196777344,-12.238035202026367,-14.28067684173584
der mann spricht,simple_agrmt,-7.898979663848877,-9.774895668029785,-7.946638584136963
die männer spricht,simple_agrmt,-10.304422378540039,-10.422886848449707,-11.391829490661621
die männer sprechen,simple_agrmt,-9.49089527130127,-9.195724487304688,-8.952092170715332
der mann sprechen,simple_agrmt,-12.74848461151123,-12.779224395751953,-13.477741241455078
der mann arbeitet,simple_agrmt,-10.425761222839355,-8.86427116394043,-10.181321144104004
die männer arbeitet,simple_agrmt,-13.174808502197266,-11.648619174957275,-12.81765079498291
die männer arbeiten,simple_agrmt,-9.107919692993164,-7.046760559082031,-9.147896766662598
der mann arbeiten,simple_agrmt,-13.603440284729004,-11.212257385253906,-13.176045417785645
der mann liegt,simple_agrmt,-6.767902851104736,-9.034783363342285,-7.635823726654053
die männer liegt,simple_agrmt,-9.624788284301758,-9.866471290588379,-9.773908615112305
die männer liegen,simple_agrmt,-6.970119476318359,-7.565131187438965,-6.804521560668945
der mann liegen,simple_agrmt,-12.52662467956543,-12.304924964904785,-14.271202087402344
die person schaukelt,simple_agrmt,-28.302792072296143,-30.82329034805298,-25.44385576248169
die personen schaukelt,simple_agrmt,-26.83680534362793,-28.347745418548584,-27.062530994415283
die personen schaukeln,simple_agrmt,-25.6613826751709,-27.785799026489258,-30.501358032226562
die person schaukeln,simple_agrmt,-28.46525001525879,-30.763392448425293,-29.428525924682617
die person flüchtet,simple_agrmt,-13.018749713897705,-14.908588409423828,-12.305713653564453
die personen flüchtet,simple_agrmt,-17.18359375,-12.713764190673828,-15.664819717407227
die personen flüchten,simple_agrmt,-12.164285659790039,-11.76787281036377,-13.233940124511719
die person flüchten,simple_agrmt,-14.217894077301025,-17.698650360107422,-14.31578540802002
die person riecht,simple_agrmt,-14.426005363464355,-17.854063987731934,-19.172222137451172
die personen riecht,simple_agrmt,-21.475106239318848,-20.337228775024414,-22.023158073425293
die personen riechen,simple_agrmt,-17.52650737762451,-16.872803688049316,-16.019478797912598
die person riechen,simple_agrmt,-16.140533447265625,-18.00431728363037,-14.49288272857666
die person wandert,simple_agrmt,-12.078414916992188,-13.126028060913086,-11.27783203125
die personen wandert,simple_agrmt,-15.39872932434082,-15.211236000061035,-14.673389434814453
die personen wandern,simple_agrmt,-10.834271430969238,-11.921076774597168,-11.339337348937988
die person wandern,simple_agrmt,-12.538778305053711,-17.272388458251953,-14.593045234680176
die person feiert,simple_agrmt,-11.829476356506348,-11.31478500366211,-11.527566909790039
die personen feiert,simple_agrmt,-12.684065818786621,-13.490632057189941,-15.000921249389648
die personen feiern,simple_agrmt,-9.67776870727539,-12.433356285095215,-12.066222190856934
die person feiern,simple_agrmt,-12.104326725006104,-15.720629215240479,-14.085591316223145
die person verschwindet,simple_agrmt,-11.541695594787598,-11.735393524169922,-13.093589782714844
die personen verschwindet,simple_agrmt,-18.015021324157715,-16.218265533447266,-16.15110969543457
die personen verschwinden,simple_agrmt,-11.559865951538086,-11.876676559448242,-11.011499404907227
die person verschwinden,simple_agrmt,-12.250137329101562,-13.498136520385742,-14.141310691833496
die person denkt,simple_agrmt,-12.419957160949707,-13.511693954467773,-13.46698522567749
die personen denkt,simple_agrmt,-14.083879947662354,-17.49201774597168,-17.441319465637207
die personen denken,simple_agrmt,-11.901274681091309,-13.735048294067383,-11.71273136138916
die person denken,simple_agrmt,-15.30520248413086,-14.779358863830566,-16.184329986572266
die person spricht,simple_agrmt,-8.586790084838867,-7.43086051940918,-7.647416114807129
die personen spricht,simple_agrmt,-10.749168395996094,-11.672436714172363,-13.853082656860352
die personen sprechen,simple_agrmt,-9.880377769470215,-11.154922485351562,-8.912433624267578
die person sprechen,simple_agrmt,-12.30366039276123,-12.427125930786133,-10.902029037475586
die person arbeitet,simple_agrmt,-9.44382381439209,-7.7026753425598145,-10.112192153930664
die personen arbeitet,simple_agrmt,-13.632742881774902,-11.676562309265137,-14.04052734375
die personen arbeiten,simple_agrmt,-9.228489875793457,-8.754745483398438,-10.263039588928223
die person arbeiten,simple_agrmt,-13.75769329071045,-14.244247436523438,-15.1030855178833
die person liegt,simple_agrmt,-6.765233993530273,-5.569985389709473,-8.209232330322266
die personen liegt,simple_agrmt,-9.397890090942383,-11.043440818786621,-11.58301830291748
die personen liegen,simple_agrmt,-6.881901741027832,-8.403556823730469,-6.323727130889893
die person liegen,simple_agrmt,-10.00364875793457,-13.029181480407715,-11.896459579467773
