minimal_pair,dataset,paradigm,nsubj1,nsubj2,verb1,verb2,delta_sent_length_char,delta_subwords,total_freq_verbs,total_freq_nouns,nsubj1_log_freq,nsubj2_log_freq,nsubj1_nsubj2_log_freq,verb_log_freq,dep_nsubj1_freq,dep_nsubj2_freq,dep_verb_freq,bigram_freq_gramm,bigram_freq_ungramm,bigram_nsubj_root1,bigram_nsubj_root2,delta_score_42,delta_score_13,delta_score_30,delta_avg
"the picker grinds, the pickers grinds",wiki,simple_agrmt,picker,pickers,grinds,grinds,-1,0,1.5040773967762742,0.8109302162163288,0.4054651081081644,0.4054651081081644,0.0,0.4054651081081644,0.0,0.0,0.4054651081081644,0.0,0.0,0.0,0.0,2.2720627784729004,-1.814284324645996,0.6629409790039062,0.37357314427693683
"the pickers grind, the picker grind",wiki,simple_agrmt,pickers,picker,grind,grind,1,0,1.5040773967762742,0.8109302162163288,0.4054651081081644,0.4054651081081644,0.0,1.0986122886681098,0.0,0.0,0.4054651081081644,0.0,0.0,0.0,0.0,-1.038339614868164,0.8211956024169922,-1.007948875427246,-0.40836429595947266
"the picker exaggerates, the pickers exaggerates",wiki,simple_agrmt,picker,pickers,exaggerates,exaggerates,-1,0,2.0149030205422647,0.8109302162163288,0.4054651081081644,0.4054651081081644,0.0,0.4054651081081644,0.0,0.0,0.0,0.0,0.0,0.0,0.0,1.838963508605957,3.438873291015625,3.6697521209716797,2.982529640197754
"the pickers exaggerate, the picker exaggerate",wiki,simple_agrmt,pickers,picker,exaggerate,exaggerate,1,0,2.0149030205422647,0.8109302162163288,0.4054651081081644,0.4054651081081644,0.0,1.6094379124341003,0.0,0.0,0.0,0.0,0.0,0.0,0.0,3.9987611770629883,2.161672592163086,4.27811336517334,3.479515711466471
"the picker screams, the pickers screams",wiki,simple_agrmt,picker,pickers,screams,screams,-1,0,3.401197381662156,0.8109302162163288,0.4054651081081644,0.4054651081081644,0.0,1.0986122886681098,0.0,0.0,0.4054651081081644,0.0,0.0,0.0,0.0,4.574775695800781,-0.013653755187988281,4.1894402503967285,2.9168540636698403
"the pickers scream, the picker scream",wiki,simple_agrmt,pickers,picker,scream,scream,1,0,3.401197381662156,0.8109302162163288,0.4054651081081644,0.4054651081081644,0.0,2.302585092994046,0.0,0.0,0.0,0.0,0.0,0.0,0.0,-3.0501585006713867,-0.3871145248413086,-1.3654322624206543,-1.60090176264445
"the picker swims, the pickers swims",wiki,simple_agrmt,picker,pickers,swims,swims,-1,0,4.430816798843313,0.8109302162163288,0.4054651081081644,0.4054651081081644,0.0,1.0986122886681098,0.0,0.0,0.0,0.0,0.0,0.0,0.0,3.481182098388672,4.25459098815918,5.146540641784668,4.29410457611084
"the pickers swim, the picker swim",wiki,simple_agrmt,pickers,picker,swim,swim,1,0,4.430816798843313,0.8109302162163288,0.4054651081081644,0.4054651081081644,0.0,3.332204510175204,0.0,0.0,2.302585092994046,0.0,0.0,0.0,0.0,-0.6231813430786133,1.7880210876464844,-0.17034053802490234,0.33149973551432294
"the picker enjoys, the pickers enjoys",wiki,simple_agrmt,picker,pickers,enjoys,enjoys,-1,0,7.3537223303996315,0.8109302162163288,0.4054651081081644,0.4054651081081644,0.0,3.091042453358316,0.0,0.0,2.5649493574615367,0.0,0.0,0.0,0.0,0.29468822479248047,-1.3406867980957031,-1.6742396354675293,-0.9067460695902506
"the pickers enjoy, the picker enjoy",wiki,simple_agrmt,pickers,picker,enjoy,enjoy,1,0,7.3537223303996315,0.8109302162163288,0.4054651081081644,0.4054651081081644,0.0,4.2626798770413155,0.0,0.0,3.1780538303479458,0.0,0.0,0.0,0.0,2.58943510055542,4.02152156829834,5.146126747131348,3.919027805328369
"the picker draws, the pickers draws",wiki,simple_agrmt,picker,pickers,draws,draws,-1,0,8.985570498917388,0.8109302162163288,0.4054651081081644,0.4054651081081644,0.0,3.8918202981106265,0.0,0.0,3.1780538303479458,0.0,0.0,0.0,0.0,3.669973373413086,4.011017799377441,5.837485313415527,4.506158828735352
"the pickers draw, the picker draw",wiki,simple_agrmt,pickers,picker,draw,draw,1,0,8.985570498917388,0.8109302162163288,0.4054651081081644,0.4054651081081644,0.0,5.093750200806762,0.0,0.0,2.995732273553991,0.0,0.0,0.0,0.0,0.19334983825683594,-0.5780487060546875,-0.12141799926757812,-0.16870562235514322
"the picker rests, the pickers rests",wiki,simple_agrmt,picker,pickers,rests,rests,-1,0,9.587406005562649,0.8109302162163288,0.4054651081081644,0.4054651081081644,0.0,3.4011973816621555,0.0,0.0,2.6390573296152584,0.0,0.0,0.0,0.0,5.209790229797363,4.248126029968262,4.66497802734375,4.707631429036458
"the pickers rest, the picker rest",wiki,simple_agrmt,pickers,picker,rest,rest,1,0,9.587406005562649,0.8109302162163288,0.4054651081081644,0.4054651081081644,0.0,6.186208623900494,0.0,0.0,2.1972245773362196,0.0,0.0,0.0,0.0,0.4182453155517578,-1.599863052368164,-0.2850160598754883,-0.48887793223063153
"the picker runs, the pickers runs",wiki,simple_agrmt,picker,pickers,runs,runs,-1,0,12.187114061928877,0.8109302162163288,0.4054651081081644,0.4054651081081644,0.0,5.648974238161206,0.0,0.0,4.465908118654584,0.0,0.0,0.0,0.0,1.6242666244506836,3.310521125793457,2.565903663635254,2.5002304712931314
"the pickers run, the picker run",wiki,simple_agrmt,pickers,picker,run,run,1,0,12.187114061928877,0.8109302162163288,0.4054651081081644,0.4054651081081644,0.0,6.53813982376767,0.0,0.0,4.812184355372417,0.0,0.0,0.0,0.0,3.0663084983825684,0.7913951873779297,0.4106254577636719,1.4227763811747234
"the picker plays, the pickers plays",wiki,simple_agrmt,picker,pickers,plays,plays,-1,0,12.530725305346046,0.8109302162163288,0.4054651081081644,0.4054651081081644,0.0,5.68697535633982,0.0,0.0,4.5217885770490405,0.0,0.0,0.0,0.0,2.5839452743530273,0.3312702178955078,1.2133665084838867,1.3761940002441406
"the pickers play, the picker play",wiki,simple_agrmt,pickers,picker,play,play,1,0,12.530725305346046,0.8109302162163288,0.4054651081081644,0.4054651081081644,0.0,6.843749949006225,0.0,0.0,4.912654885736052,0.0,0.0,0.0,0.0,2.0442543029785156,3.4484500885009766,2.1955766677856445,2.562760353088379
"the picker works, the pickers works",wiki,simple_agrmt,picker,pickers,works,works,-1,0,14.801847366510039,0.8109302162163288,0.4054651081081644,0.4054651081081644,0.0,6.9975959829819265,0.0,0.0,4.812184355372417,0.0,0.0,0.0,0.0,4.181946277618408,2.9433422088623047,4.114529132843018,3.74660587310791
"the pickers work, the picker work",wiki,simple_agrmt,pickers,picker,work,work,1,0,14.801847366510039,0.8109302162163288,0.4054651081081644,0.4054651081081644,0.0,7.804251383528112,0.0,0.0,5.017279836814924,0.0,0.0,0.0,0.0,-0.45357418060302734,2.4713191986083984,0.2487506866455078,0.7554985682169596
"the harvester grinds, the harvesters grinds",wiki,simple_agrmt,harvester,harvesters,grinds,grinds,-1,0,1.5040773967762742,1.0986122886681096,0.6931471805599453,0.4054651081081644,0.2876820724517809,0.4054651081081644,0.0,0.0,0.4054651081081644,0.0,0.0,0.0,0.0,0.6264381408691406,2.0904440879821777,2.7868332862854004,1.8345718383789062
"the harvesters grind, the harvester grind",wiki,simple_agrmt,harvesters,harvester,grind,grind,1,0,1.5040773967762742,1.0986122886681096,0.4054651081081644,0.6931471805599453,-0.2876820724517809,1.0986122886681098,0.0,0.0,0.4054651081081644,0.0,0.0,0.0,0.0,-0.8208627700805664,-2.1547274589538574,-2.450366497039795,-1.8086522420247395
"the harvester exaggerates, the harvesters exaggerates",wiki,simple_agrmt,harvester,harvesters,exaggerates,exaggerates,-1,0,2.0149030205422647,1.0986122886681096,0.6931471805599453,0.4054651081081644,0.2876820724517809,0.4054651081081644,0.0,0.0,0.0,0.0,0.0,0.0,0.0,1.1611881256103516,1.6805362701416016,5.3545823097229,2.7321022351582847
"the harvesters exaggerate, the harvester exaggerate",wiki,simple_agrmt,harvesters,harvester,exaggerate,exaggerate,1,0,2.0149030205422647,1.0986122886681096,0.4054651081081644,0.6931471805599453,-0.2876820724517809,1.6094379124341003,0.0,0.0,0.0,0.0,0.0,0.0,0.0,0.9573678970336914,0.7778663635253906,0.8132529258728027,0.8494957288106283
"the harvester screams, the harvesters screams",wiki,simple_agrmt,harvester,harvesters,screams,screams,-1,0,3.401197381662156,1.0986122886681096,0.6931471805599453,0.4054651081081644,0.2876820724517809,1.0986122886681098,0.0,0.0,0.4054651081081644,0.0,0.0,0.0,0.0,2.603738784790039,1.855576992034912,4.410698890686035,2.9566715558369956
"the harvesters scream, the harvester scream",wiki,simple_agrmt,harvesters,harvester,scream,scream,1,0,3.401197381662156,1.0986122886681096,0.4054651081081644,0.6931471805599453,-0.2876820724517809,2.302585092994046,0.0,0.0,0.0,0.0,0.0,0.0,0.0,-2.54207706451416,-2.135572910308838,-2.545069694519043,-2.4075732231140137
"the harvester swims, the harvesters swims",wiki,simple_agrmt,harvester,harvesters,swims,swims,-1,0,4.430816798843313,1.0986122886681096,0.6931471805599453,0.4054651081081644,0.2876820724517809,1.0986122886681098,0.0,0.0,0.0,0.0,0.0,0.0,0.0,2.074199676513672,3.141963005065918,2.7102913856506348,2.642151355743408
"the harvesters swim, the harvester swim",wiki,simple_agrmt,harvesters,harvester,swim,swim,1,0,4.430816798843313,1.0986122886681096,0.4054651081081644,0.6931471805599453,-0.2876820724517809,3.332204510175204,0.0,0.0,2.302585092994046,0.0,0.0,0.0,0.0,-1.3946189880371094,0.5546207427978516,-0.8892707824707031,-0.5764230092366537
"the harvester enjoys, the harvesters enjoys",wiki,simple_agrmt,harvester,harvesters,enjoys,enjoys,-1,0,7.3537223303996315,1.0986122886681096,0.6931471805599453,0.4054651081081644,0.2876820724517809,3.091042453358316,0.0,0.0,2.5649493574615367,0.0,0.0,0.0,0.0,-1.5407166481018066,-1.3806705474853516,0.8765268325805664,-0.6816201210021973
"the harvesters enjoy, the harvester enjoy",wiki,simple_agrmt,harvesters,harvester,enjoy,enjoy,1,0,7.3537223303996315,1.0986122886681096,0.4054651081081644,0.6931471805599453,-0.2876820724517809,4.2626798770413155,0.0,0.0,3.1780538303479458,0.0,0.0,0.0,0.0,3.2679824829101562,2.555267333984375,3.5260825157165527,3.1164441108703613
"the harvester draws, the harvesters draws",wiki,simple_agrmt,harvester,harvesters,draws,draws,-1,0,8.985570498917388,1.0986122886681096,0.6931471805599453,0.4054651081081644,0.2876820724517809,3.8918202981106265,0.0,0.0,3.1780538303479458,0.0,0.0,0.0,0.0,4.4267988204956055,4.017676830291748,7.44670295715332,5.297059535980225
"the harvesters draw, the harvester draw",wiki,simple_agrmt,harvesters,harvester,draw,draw,1,0,8.985570498917388,1.0986122886681096,0.4054651081081644,0.6931471805599453,-0.2876820724517809,5.093750200806762,0.0,0.0,2.995732273553991,0.0,0.0,0.0,0.0,-1.3873567581176758,-2.0172781944274902,-1.4608135223388672,-1.6218161582946777
"the harvester rests, the harvesters rests",wiki,simple_agrmt,harvester,harvesters,rests,rests,-1,0,9.587406005562649,1.0986122886681096,0.6931471805599453,0.4054651081081644,0.2876820724517809,3.4011973816621555,0.0,0.0,2.6390573296152584,0.0,0.0,0.0,0.0,2.8320250511169434,1.653508186340332,2.9423742294311523,2.475969155629476
"the harvesters rest, the harvester rest",wiki,simple_agrmt,harvesters,harvester,rest,rest,1,0,9.587406005562649,1.0986122886681096,0.4054651081081644,0.6931471805599453,-0.2876820724517809,6.186208623900494,0.0,0.0,2.1972245773362196,0.0,0.0,0.0,0.0,0.5176410675048828,0.2685661315917969,-0.2493448257446289,0.1789541244506836
"the harvester runs, the harvesters runs",wiki,simple_agrmt,harvester,harvesters,runs,runs,-1,0,12.187114061928877,1.0986122886681096,0.6931471805599453,0.4054651081081644,0.2876820724517809,5.648974238161206,0.0,0.0,4.465908118654584,0.0,0.0,0.0,0.0,1.850809097290039,0.32007503509521484,1.5272092819213867,1.2326978047688801
"the harvesters run, the harvester run",wiki,simple_agrmt,harvesters,harvester,run,run,1,0,12.187114061928877,1.0986122886681096,0.4054651081081644,0.6931471805599453,-0.2876820724517809,6.53813982376767,0.0,0.0,4.812184355372417,0.0,0.0,0.0,0.0,1.289985179901123,2.3952088356018066,0.8401994705200195,1.5084644953409831
"the harvester plays, the harvesters plays",wiki,simple_agrmt,harvester,harvesters,plays,plays,-1,0,12.530725305346046,1.0986122886681096,0.6931471805599453,0.4054651081081644,0.2876820724517809,5.68697535633982,0.0,0.0,4.5217885770490405,0.0,0.0,0.0,0.0,2.5605087280273438,0.9537429809570312,0.7137203216552734,1.409324010213216
"the harvesters play, the harvester play",wiki,simple_agrmt,harvesters,harvester,play,play,1,0,12.530725305346046,1.0986122886681096,0.4054651081081644,0.6931471805599453,-0.2876820724517809,6.843749949006225,0.0,0.0,4.912654885736052,0.0,0.0,0.0,0.0,0.0309600830078125,2.3994765281677246,1.4999771118164062,1.3101379076639812
"the harvester works, the harvesters works",wiki,simple_agrmt,harvester,harvesters,works,works,-1,0,14.801847366510039,1.0986122886681096,0.6931471805599453,0.4054651081081644,0.2876820724517809,6.9975959829819265,0.0,0.0,4.812184355372417,0.0,0.0,0.0,0.0,3.2338199615478516,2.0682544708251953,3.6130776405334473,2.971717357635498
"the harvesters work, the harvester work",wiki,simple_agrmt,harvesters,harvester,work,work,1,0,14.801847366510039,1.0986122886681096,0.4054651081081644,0.6931471805599453,-0.2876820724517809,7.804251383528112,0.0,0.0,5.017279836814924,0.0,0.0,0.0,0.0,1.134474754333496,1.313309669494629,0.7787466049194336,1.0755103429158528
"the fireman grinds, the firemen grinds",wiki,simple_agrmt,fireman,firemen,grinds,grinds,0,0,1.5040773967762742,2.8903717578961645,1.0986122886681098,1.791759469228055,-0.6931471805599452,0.4054651081081644,0.6931471805599453,0.4054651081081644,0.4054651081081644,0.0,0.0,0.0,0.0,2.232679843902588,-0.8214397430419922,3.8110504150390625,1.740763505299886
"the firemen grind, the fireman grind",wiki,simple_agrmt,firemen,fireman,grind,grind,0,0,1.5040773967762742,2.8903717578961645,1.791759469228055,1.0986122886681098,0.6931471805599452,1.0986122886681098,0.4054651081081644,0.6931471805599453,0.4054651081081644,0.0,0.0,0.0,0.0,-1.716956615447998,-0.1855487823486328,-3.8263683319091797,-1.9096245765686035
"the fireman exaggerates, the firemen exaggerates",wiki,simple_agrmt,fireman,firemen,exaggerates,exaggerates,0,0,2.0149030205422647,2.8903717578961645,1.0986122886681098,1.791759469228055,-0.6931471805599452,0.4054651081081644,0.6931471805599453,0.4054651081081644,0.0,0.0,0.0,0.0,0.0,0.44385337829589844,1.9373254776000977,4.241698265075684,2.20762570699056
"the firemen exaggerate, the fireman exaggerate",wiki,simple_agrmt,firemen,fireman,exaggerate,exaggerate,0,0,2.0149030205422647,2.8903717578961645,1.791759469228055,1.0986122886681098,0.6931471805599452,1.6094379124341003,0.4054651081081644,0.6931471805599453,0.0,0.0,0.0,0.0,0.0,2.7302379608154297,0.9502506256103516,1.786372184753418,1.8222869237263997
"the fireman screams, the firemen screams",wiki,simple_agrmt,fireman,firemen,screams,screams,0,0,3.401197381662156,2.8903717578961645,1.0986122886681098,1.791759469228055,-0.6931471805599452,1.0986122886681098,0.6931471805599453,0.4054651081081644,0.4054651081081644,0.0,0.0,0.0,0.0,2.6696977615356445,-1.3606452941894531,3.207156181335449,1.5054028828938801
"the firemen scream, the fireman scream",wiki,simple_agrmt,firemen,fireman,scream,scream,0,0,3.401197381662156,2.8903717578961645,1.791759469228055,1.0986122886681098,0.6931471805599452,2.302585092994046,0.4054651081081644,0.6931471805599453,0.0,0.0,0.0,0.0,0.0,-2.503019332885742,0.9889507293701172,-2.6890506744384766,-1.401039759318034
"the fireman swims, the firemen swims",wiki,simple_agrmt,fireman,firemen,swims,swims,0,0,4.430816798843313,2.8903717578961645,1.0986122886681098,1.791759469228055,-0.6931471805599452,1.0986122886681098,0.6931471805599453,0.4054651081081644,0.0,0.0,0.0,0.0,0.0,1.4561548233032227,1.3614182472229004,3.6470651626586914,2.154879411061605
"the firemen swim, the fireman swim",wiki,simple_agrmt,firemen,fireman,swim,swim,0,0,4.430816798843313,2.8903717578961645,1.791759469228055,1.0986122886681098,0.6931471805599452,3.332204510175204,0.4054651081081644,0.6931471805599453,2.302585092994046,0.0,0.0,0.0,0.0,0.19667434692382812,1.1696977615356445,-0.055169105529785156,0.4370676676432292
"the fireman enjoys, the firemen enjoys",wiki,simple_agrmt,fireman,firemen,enjoys,enjoys,0,0,7.3537223303996315,2.8903717578961645,1.0986122886681098,1.791759469228055,-0.6931471805599452,3.091042453358316,0.6931471805599453,0.4054651081081644,2.5649493574615367,0.0,0.0,0.0,0.0,0.37755584716796875,-1.7307724952697754,0.15680789947509766,-0.398802916208903
"the firemen enjoy, the fireman enjoy",wiki,simple_agrmt,firemen,fireman,enjoy,enjoy,0,0,7.3537223303996315,2.8903717578961645,1.791759469228055,1.0986122886681098,0.6931471805599452,4.2626798770413155,0.4054651081081644,0.6931471805599453,3.1780538303479458,0.0,0.0,0.0,0.0,2.8970489501953125,4.439001083374023,4.639011859893799,3.991687297821045
"the fireman draws, the firemen draws",wiki,simple_agrmt,fireman,firemen,draws,draws,0,0,8.985570498917388,2.8903717578961645,1.0986122886681098,1.791759469228055,-0.6931471805599452,3.8918202981106265,0.6931471805599453,0.4054651081081644,3.1780538303479458,0.0,0.0,0.0,0.0,0.259490966796875,-0.3557004928588867,2.8928050994873047,0.9321985244750977
"the firemen draw, the fireman draw",wiki,simple_agrmt,firemen,fireman,draw,draw,0,0,8.985570498917388,2.8903717578961645,1.791759469228055,1.0986122886681098,0.6931471805599452,5.093750200806762,0.4054651081081644,0.6931471805599453,2.995732273553991,0.0,0.0,0.0,0.0,1.3179445266723633,0.8004226684570312,-0.9720344543457031,0.3821109135945638
"the fireman rests, the firemen rests",wiki,simple_agrmt,fireman,firemen,rests,rests,0,0,9.587406005562649,2.8903717578961645,1.0986122886681098,1.791759469228055,-0.6931471805599452,3.4011973816621555,0.6931471805599453,0.4054651081081644,2.6390573296152584,0.0,0.0,0.0,0.0,0.8675174713134766,0.6756687164306641,3.005889892578125,1.5163586934407551
"the firemen rest, the fireman rest",wiki,simple_agrmt,firemen,fireman,rest,rest,0,0,9.587406005562649,2.8903717578961645,1.791759469228055,1.0986122886681098,0.6931471805599452,6.186208623900494,0.4054651081081644,0.6931471805599453,2.1972245773362196,0.0,0.0,0.0,0.0,1.928391456604004,0.168426513671875,-0.43634510040283203,0.553490956624349
"the fireman runs, the firemen runs",wiki,simple_agrmt,fireman,firemen,runs,runs,0,0,12.187114061928877,2.8903717578961645,1.0986122886681098,1.791759469228055,-0.6931471805599452,5.648974238161206,0.6931471805599453,0.4054651081081644,4.465908118654584,0.0,0.0,0.0,0.0,0.3601245880126953,2.716008186340332,2.4015045166015625,1.8258790969848633
"the firemen run, the fireman run",wiki,simple_agrmt,firemen,fireman,run,run,0,0,12.187114061928877,2.8903717578961645,1.791759469228055,1.0986122886681098,0.6931471805599452,6.53813982376767,0.4054651081081644,0.6931471805599453,4.812184355372417,0.0,0.0,0.0,0.0,-0.15770912170410156,-0.22861433029174805,0.28508472442626953,-0.03374624252319336
"the fireman plays, the firemen plays",wiki,simple_agrmt,fireman,firemen,plays,plays,0,0,12.530725305346046,2.8903717578961645,1.0986122886681098,1.791759469228055,-0.6931471805599452,5.68697535633982,0.6931471805599453,0.4054651081081644,4.5217885770490405,0.0,0.0,0.0,0.0,2.77817964553833,0.9237985610961914,0.2965860366821289,1.3328547477722168
"the firemen play, the fireman play",wiki,simple_agrmt,firemen,fireman,play,play,0,0,12.530725305346046,2.8903717578961645,1.791759469228055,1.0986122886681098,0.6931471805599452,6.843749949006225,0.4054651081081644,0.6931471805599453,4.912654885736052,0.0,0.0,0.0,0.0,1.0068292617797852,0.7610359191894531,1.8896970748901367,1.2191874186197917
"the fireman works, the firemen works",wiki,simple_agrmt,fireman,firemen,works,works,0,0,14.801847366510039,2.8903717578961645,1.0986122886681098,1.791759469228055,-0.6931471805599452,6.9975959829819265,0.6931471805599453,0.4054651081081644,4.812184355372417,0.0,0.0,0.0,0.0,3.2220945358276367,1.4885644912719727,4.033387184143066,2.914682070414225
"the firemen work, the fireman work",wiki,simple_agrmt,firemen,fireman,work,work,0,0,14.801847366510039,2.8903717578961645,1.791759469228055,1.0986122886681098,0.6931471805599452,7.804251383528112,0.4054651081081644,0.6931471805599453,5.017279836814924,0.0,0.0,0.0,0.0,-0.7026205062866211,0.5438413619995117,0.33748435974121094,0.05956840515136719
"the superhero grinds, the superheroes grinds",wiki,simple_agrmt,superhero,superheroes,grinds,grinds,-2,-1,1.5040773967762742,5.135798437050262,2.833213344056216,2.302585092994046,0.5306282510621703,0.4054651081081644,0.0,0.6931471805599453,0.4054651081081644,0.0,0.0,0.0,0.0,-0.4331340789794922,-2.024374008178711,0.7535648345947266,-0.5679810841878256
"the superheroes grind, the superhero grind",wiki,simple_agrmt,superheroes,superhero,grind,grind,2,1,1.5040773967762742,5.135798437050262,2.302585092994046,2.833213344056216,-0.5306282510621703,1.0986122886681098,0.6931471805599453,0.0,0.4054651081081644,0.0,0.0,0.0,0.0,1.1991796493530273,1.4349565505981445,-1.1461944580078125,0.49598058064778644
"the superhero exaggerates, the superheroes exaggerates",wiki,simple_agrmt,superhero,superheroes,exaggerates,exaggerates,-2,-1,2.0149030205422647,5.135798437050262,2.833213344056216,2.302585092994046,0.5306282510621703,0.4054651081081644,0.0,0.6931471805599453,0.0,0.0,0.0,0.0,0.0,-0.16904735565185547,-0.38525390625,-2.796415328979492,-1.1169055302937825
"the superheroes exaggerate, the superhero exaggerate",wiki,simple_agrmt,superheroes,superhero,exaggerate,exaggerate,2,1,2.0149030205422647,5.135798437050262,2.302585092994046,2.833213344056216,-0.5306282510621703,1.6094379124341003,0.6931471805599453,0.0,0.0,0.0,0.0,0.0,0.0,1.6628360748291016,3.528036117553711,6.123117446899414,3.771329879760742
"the superhero screams, the superheroes screams",wiki,simple_agrmt,superhero,superheroes,screams,screams,-2,-1,3.401197381662156,5.135798437050262,2.833213344056216,2.302585092994046,0.5306282510621703,1.0986122886681098,0.0,0.6931471805599453,0.4054651081081644,0.0,0.0,0.0,0.0,-0.2796630859375,-0.027176856994628906,1.3851704597473145,0.35944350560506183
"the superheroes scream, the superhero scream",wiki,simple_agrmt,superheroes,superhero,scream,scream,2,1,3.401197381662156,5.135798437050262,2.302585092994046,2.833213344056216,-0.5306282510621703,2.302585092994046,0.6931471805599453,0.0,0.0,0.0,0.0,0.0,0.0,0.637725830078125,-1.3280773162841797,-1.6124091148376465,-0.767586867014567
"the superhero swims, the superheroes swims",wiki,simple_agrmt,superhero,superheroes,swims,swims,-2,-1,4.430816798843313,5.135798437050262,2.833213344056216,2.302585092994046,0.5306282510621703,1.0986122886681098,0.0,0.6931471805599453,0.0,0.0,0.0,0.0,0.0,0.4852886199951172,4.731725692749023,2.9260621070861816,2.7143588066101074
"the superheroes swim, the superhero swim",wiki,simple_agrmt,superheroes,superhero,swim,swim,2,1,4.430816798843313,5.135798437050262,2.302585092994046,2.833213344056216,-0.5306282510621703,3.332204510175204,0.6931471805599453,0.0,2.302585092994046,0.0,0.0,0.0,0.0,0.6968936920166016,0.9554176330566406,-3.2069873809814453,-0.518225351969401
"the superhero enjoys, the superheroes enjoys",wiki,simple_agrmt,superhero,superheroes,enjoys,enjoys,-2,-1,7.3537223303996315,5.135798437050262,2.833213344056216,2.302585092994046,0.5306282510621703,3.091042453358316,0.0,0.6931471805599453,2.5649493574615367,0.0,0.0,0.0,0.0,-0.8097620010375977,-0.6386322975158691,1.6596355438232422,0.07041374842325847
"the superheroes enjoy, the superhero enjoy",wiki,simple_agrmt,superheroes,superhero,enjoy,enjoy,2,1,7.3537223303996315,5.135798437050262,2.302585092994046,2.833213344056216,-0.5306282510621703,4.2626798770413155,0.6931471805599453,0.0,3.1780538303479458,0.0,0.0,0.0,0.0,1.6648359298706055,1.5224018096923828,2.2080087661743164,1.7984155019124348
"the superhero draws, the superheroes draws",wiki,simple_agrmt,superhero,superheroes,draws,draws,-2,-1,8.985570498917388,5.135798437050262,2.833213344056216,2.302585092994046,0.5306282510621703,3.8918202981106265,0.0,0.6931471805599453,3.1780538303479458,0.0,0.0,0.0,0.0,1.600031852722168,2.4267053604125977,1.8417434692382812,1.9561602274576824
"the superheroes draw, the superhero draw",wiki,simple_agrmt,superheroes,superhero,draw,draw,2,1,8.985570498917388,5.135798437050262,2.302585092994046,2.833213344056216,-0.5306282510621703,5.093750200806762,0.6931471805599453,0.0,2.995732273553991,0.0,0.0,0.0,0.0,-0.12294864654541016,-1.976236343383789,0.5624732971191406,-0.5122372309366862
"the superhero rests, the superheroes rests",wiki,simple_agrmt,superhero,superheroes,rests,rests,-2,-1,9.587406005562649,5.135798437050262,2.833213344056216,2.302585092994046,0.5306282510621703,3.4011973816621555,0.0,0.6931471805599453,2.6390573296152584,0.0,0.0,0.0,0.0,0.7411508560180664,0.9796104431152344,0.6935844421386719,0.8047819137573242
"the superheroes rest, the superhero rest",wiki,simple_agrmt,superheroes,superhero,rest,rest,2,1,9.587406005562649,5.135798437050262,2.302585092994046,2.833213344056216,-0.5306282510621703,6.186208623900494,0.6931471805599453,0.0,2.1972245773362196,0.0,0.0,0.0,0.0,1.3484830856323242,-1.597442626953125,-0.029402732849121094,-0.0927874247233073
"the superhero runs, the superheroes runs",wiki,simple_agrmt,superhero,superheroes,runs,runs,-2,-1,12.187114061928877,5.135798437050262,2.833213344056216,2.302585092994046,0.5306282510621703,5.648974238161206,0.0,0.6931471805599453,4.465908118654584,0.0,0.0,0.0,0.0,0.4584970474243164,0.7873935699462891,3.757460594177246,1.6677837371826172
"the superheroes run, the superhero run",wiki,simple_agrmt,superheroes,superhero,run,run,2,1,12.187114061928877,5.135798437050262,2.302585092994046,2.833213344056216,-0.5306282510621703,6.53813982376767,0.6931471805599453,0.0,4.812184355372417,0.0,0.0,0.0,0.0,0.2921266555786133,1.9584331512451172,2.306631088256836,1.5190636316935222
"the superhero plays, the superheroes plays",wiki,simple_agrmt,superhero,superheroes,plays,plays,-2,-1,12.530725305346046,5.135798437050262,2.833213344056216,2.302585092994046,0.5306282510621703,5.68697535633982,0.0,0.6931471805599453,4.5217885770490405,0.0,0.0,0.0,0.0,3.4191980361938477,1.9454402923583984,2.32452392578125,2.563054084777832
"the superheroes play, the superhero play",wiki,simple_agrmt,superheroes,superhero,play,play,2,1,12.530725305346046,5.135798437050262,2.302585092994046,2.833213344056216,-0.5306282510621703,6.843749949006225,0.6931471805599453,0.0,4.912654885736052,0.0,0.0,0.0,0.0,0.3234844207763672,-2.584634304046631,-1.5018768310546875,-1.2543422381083171
"the superhero works, the superheroes works",wiki,simple_agrmt,superhero,superheroes,works,works,-2,-1,14.801847366510039,5.135798437050262,2.833213344056216,2.302585092994046,0.5306282510621703,6.9975959829819265,0.0,0.6931471805599453,4.812184355372417,0.0,0.0,0.0,0.0,1.0584335327148438,1.0549087524414062,2.0327768325805664,1.3820397059122722
"the superheroes work, the superhero work",wiki,simple_agrmt,superheroes,superhero,work,work,2,1,14.801847366510039,5.135798437050262,2.302585092994046,2.833213344056216,-0.5306282510621703,7.804251383528112,0.6931471805599453,0.0,5.017279836814924,0.0,0.0,0.0,0.0,-0.38456058502197266,-3.2625131607055664,-0.5526494979858398,-1.3999077479044597
"the explorer grinds, the explorers grinds",wiki,simple_agrmt,explorer,explorers,grinds,grinds,-1,0,1.5040773967762742,7.154615356913663,3.6888794541139363,3.4657359027997265,0.2231435513142097,0.4054651081081644,1.9459101490553132,2.5649493574615367,0.4054651081081644,0.0,0.0,0.0,0.0,0.8301477432250977,-0.673213005065918,1.2453680038452148,0.46743424733479816
"the explorers grind, the explorer grind",wiki,simple_agrmt,explorers,explorer,grind,grind,1,0,1.5040773967762742,7.154615356913663,3.4657359027997265,3.6888794541139363,-0.2231435513142097,1.0986122886681098,2.5649493574615367,1.9459101490553132,0.4054651081081644,0.0,0.0,0.0,0.0,0.17480945587158203,-0.05860614776611328,-1.6248226165771484,-0.5028731028238932
"the explorer exaggerates, the explorers exaggerates",wiki,simple_agrmt,explorer,explorers,exaggerates,exaggerates,-1,0,2.0149030205422647,7.154615356913663,3.6888794541139363,3.4657359027997265,0.2231435513142097,0.4054651081081644,1.9459101490553132,2.5649493574615367,0.0,0.0,0.0,0.0,0.0,0.2952761650085449,2.1378355026245117,3.98006534576416,2.1377256711324057
"the explorers exaggerate, the explorer exaggerate",wiki,simple_agrmt,explorers,explorer,exaggerate,exaggerate,1,0,2.0149030205422647,7.154615356913663,3.4657359027997265,3.6888794541139363,-0.2231435513142097,1.6094379124341003,2.5649493574615367,1.9459101490553132,0.0,0.0,0.0,0.0,0.0,4.022693157196045,1.4115476608276367,3.1444549560546875,2.859565258026123
"the explorer screams, the explorers screams",wiki,simple_agrmt,explorer,explorers,screams,screams,-1,0,3.401197381662156,7.154615356913663,3.6888794541139363,3.4657359027997265,0.2231435513142097,1.0986122886681098,1.9459101490553132,2.5649493574615367,0.4054651081081644,0.0,0.0,0.0,0.0,3.5478715896606445,1.044626235961914,5.057150840759277,3.216549555460612
"the explorers scream, the explorer scream",wiki,simple_agrmt,explorers,explorer,scream,scream,1,0,3.401197381662156,7.154615356913663,3.4657359027997265,3.6888794541139363,-0.2231435513142097,2.302585092994046,2.5649493574615367,1.9459101490553132,0.0,0.0,0.0,0.0,0.0,-2.8770999908447266,-0.8399572372436523,-3.409480094909668,-2.375512440999349
"the explorer swims, the explorers swims",wiki,simple_agrmt,explorer,explorers,swims,swims,-1,0,4.430816798843313,7.154615356913663,3.6888794541139363,3.4657359027997265,0.2231435513142097,1.0986122886681098,1.9459101490553132,2.5649493574615367,0.0,0.0,0.0,0.0,0.0,3.797732353210449,2.586061477661133,1.9690275192260742,2.7842737833658853
"the explorers swim, the explorer swim",wiki,simple_agrmt,explorers,explorer,swim,swim,1,0,4.430816798843313,7.154615356913663,3.4657359027997265,3.6888794541139363,-0.2231435513142097,3.332204510175204,2.5649493574615367,1.9459101490553132,2.302585092994046,0.0,0.0,0.0,0.0,0.5140600204467773,1.639693260192871,0.3594827651977539,0.8377453486124674
"the explorer enjoys, the explorers enjoys",wiki,simple_agrmt,explorer,explorers,enjoys,enjoys,-1,0,7.3537223303996315,7.154615356913663,3.6888794541139363,3.4657359027997265,0.2231435513142097,3.091042453358316,1.9459101490553132,2.5649493574615367,2.5649493574615367,0.0,0.0,0.0,0.0,-1.645594596862793,0.7696056365966797,-2.3063154220581055,-1.0607681274414062
"the explorers enjoy, the explorer enjoy",wiki,simple_agrmt,explorers,explorer,enjoy,enjoy,1,0,7.3537223303996315,7.154615356913663,3.4657359027997265,3.6888794541139363,-0.2231435513142097,4.2626798770413155,2.5649493574615367,1.9459101490553132,3.1780538303479458,0.0,0.0,0.0,0.0,4.143835067749023,5.4275007247924805,3.8573131561279297,4.4762163162231445
"the explorer draws, the explorers draws",wiki,simple_agrmt,explorer,explorers,draws,draws,-1,0,8.985570498917388,7.154615356913663,3.6888794541139363,3.4657359027997265,0.2231435513142097,3.8918202981106265,1.9459101490553132,2.5649493574615367,3.1780538303479458,0.0,0.0,0.0,0.0,0.995793342590332,1.2123346328735352,5.717313289642334,2.6418137550354004
"the explorers draw, the explorer draw",wiki,simple_agrmt,explorers,explorer,draw,draw,1,0,8.985570498917388,7.154615356913663,3.4657359027997265,3.6888794541139363,-0.2231435513142097,5.093750200806762,2.5649493574615367,1.9459101490553132,2.995732273553991,0.0,0.0,0.0,0.0,0.8111743927001953,0.546076774597168,-0.6001853942871094,0.25235525767008465
"the explorer rests, the explorers rests",wiki,simple_agrmt,explorer,explorers,rests,rests,-1,0,9.587406005562649,7.154615356913663,3.6888794541139363,3.4657359027997265,0.2231435513142097,3.4011973816621555,1.9459101490553132,2.5649493574615367,2.6390573296152584,0.0,0.0,0.0,0.0,6.309552192687988,2.233391761779785,3.653961181640625,4.065635045369466
"the explorers rest, the explorer rest",wiki,simple_agrmt,explorers,explorer,rest,rest,1,0,9.587406005562649,7.154615356913663,3.4657359027997265,3.6888794541139363,-0.2231435513142097,6.186208623900494,2.5649493574615367,1.9459101490553132,2.1972245773362196,0.0,0.0,0.0,0.0,-1.6179533004760742,0.03325176239013672,-0.4856758117675781,-0.6901257832845052
"the explorer runs, the explorers runs",wiki,simple_agrmt,explorer,explorers,runs,runs,-1,0,12.187114061928877,7.154615356913663,3.6888794541139363,3.4657359027997265,0.2231435513142097,5.648974238161206,1.9459101490553132,2.5649493574615367,4.465908118654584,0.0,0.0,0.0,0.0,3.150785446166992,4.752323150634766,1.515157699584961,3.1394220987955728
"the explorers run, the explorer run",wiki,simple_agrmt,explorers,explorer,run,run,1,0,12.187114061928877,7.154615356913663,3.4657359027997265,3.6888794541139363,-0.2231435513142097,6.53813982376767,2.5649493574615367,1.9459101490553132,4.812184355372417,0.0,0.0,0.0,0.0,1.8087244033813477,-0.24503707885742188,0.8407697677612305,0.8014856974283854
"the explorer plays, the explorers plays",wiki,simple_agrmt,explorer,explorers,plays,plays,-1,0,12.530725305346046,7.154615356913663,3.6888794541139363,3.4657359027997265,0.2231435513142097,5.68697535633982,1.9459101490553132,2.5649493574615367,4.5217885770490405,0.0,0.0,0.0,0.0,3.528108596801758,1.6515445709228516,2.8848228454589844,2.6881586710611978
"the explorers play, the explorer play",wiki,simple_agrmt,explorers,explorer,play,play,1,0,12.530725305346046,7.154615356913663,3.4657359027997265,3.6888794541139363,-0.2231435513142097,6.843749949006225,2.5649493574615367,1.9459101490553132,4.912654885736052,0.0,0.0,0.0,0.0,1.1786880493164062,2.6802978515625,0.7141637802124023,1.5243832270304363
"the explorer works, the explorers works",wiki,simple_agrmt,explorer,explorers,works,works,-1,0,14.801847366510039,7.154615356913663,3.6888794541139363,3.4657359027997265,0.2231435513142097,6.9975959829819265,1.9459101490553132,2.5649493574615367,4.812184355372417,0.0,0.0,0.0,0.0,4.066662311553955,2.317355155944824,3.6100597381591797,3.331359068552653
"the explorers work, the explorer work",wiki,simple_agrmt,explorers,explorer,work,work,1,0,14.801847366510039,7.154615356913663,3.4657359027997265,3.6888794541139363,-0.2231435513142097,7.804251383528112,2.5649493574615367,1.9459101490553132,5.017279836814924,0.0,0.0,0.0,0.0,0.810704231262207,1.1863727569580078,-1.0380773544311523,0.3196665445963542
"the painter grinds, the painters grinds",wiki,simple_agrmt,painter,painters,grinds,grinds,-1,0,1.5040773967762742,8.70946507906336,4.61512051684126,4.0943445622221,0.5207759546191593,0.4054651081081644,2.3978952727983707,2.833213344056216,0.4054651081081644,0.0,0.0,0.0,0.0,1.3510122299194336,-0.29077672958374023,3.8145055770874023,1.6249136924743652
"the painters grind, the painter grind",wiki,simple_agrmt,painters,painter,grind,grind,1,0,1.5040773967762742,8.70946507906336,4.0943445622221,4.61512051684126,-0.5207759546191593,1.0986122886681098,2.833213344056216,2.3978952727983707,0.4054651081081644,0.0,0.0,0.0,0.0,-1.196059226989746,-0.5150008201599121,-3.2263545989990234,-1.6458048820495605
"the painter exaggerates, the painters exaggerates",wiki,simple_agrmt,painter,painters,exaggerates,exaggerates,-1,0,2.0149030205422647,8.70946507906336,4.61512051684126,4.0943445622221,0.5207759546191593,0.4054651081081644,2.3978952727983707,2.833213344056216,0.0,0.0,0.0,0.0,0.0,0.7074365615844727,2.0213451385498047,6.295522689819336,3.008101463317871
"the painters exaggerate, the painter exaggerate",wiki,simple_agrmt,painters,painter,exaggerate,exaggerate,1,0,2.0149030205422647,8.70946507906336,4.0943445622221,4.61512051684126,-0.5207759546191593,1.6094379124341003,2.833213344056216,2.3978952727983707,0.0,0.0,0.0,0.0,0.0,4.285264015197754,3.3241281509399414,3.806136131286621,3.805176099141439
"the painter screams, the painters screams",wiki,simple_agrmt,painter,painters,screams,screams,-1,0,3.401197381662156,8.70946507906336,4.61512051684126,4.0943445622221,0.5207759546191593,1.0986122886681098,2.3978952727983707,2.833213344056216,0.4054651081081644,0.0,0.0,0.0,0.0,5.316841125488281,1.7802643775939941,6.463695526123047,4.520267009735107
"the painters scream, the painter scream",wiki,simple_agrmt,painters,painter,scream,scream,1,0,3.401197381662156,8.70946507906336,4.0943445622221,4.61512051684126,-0.5207759546191593,2.302585092994046,2.833213344056216,2.3978952727983707,0.0,0.0,0.0,0.0,0.0,-2.9313626289367676,-1.2448158264160156,-2.0680184364318848,-2.0813989639282227
"the painter swims, the painters swims",wiki,simple_agrmt,painter,painters,swims,swims,-1,0,4.430816798843313,8.70946507906336,4.61512051684126,4.0943445622221,0.5207759546191593,1.0986122886681098,2.3978952727983707,2.833213344056216,0.0,0.0,0.0,0.0,0.0,2.0623931884765625,3.8473806381225586,2.767578125,2.8924506505330405
"the painters swim, the painter swim",wiki,simple_agrmt,painters,painter,swim,swim,1,0,4.430816798843313,8.70946507906336,4.0943445622221,4.61512051684126,-0.5207759546191593,3.332204510175204,2.833213344056216,2.3978952727983707,2.302585092994046,0.0,0.0,0.0,0.0,1.5557527542114258,1.478011131286621,2.411325454711914,1.815029780069987
"the painter enjoys, the painters enjoys",wiki,simple_agrmt,painter,painters,enjoys,enjoys,-1,0,7.3537223303996315,8.70946507906336,4.61512051684126,4.0943445622221,0.5207759546191593,3.091042453358316,2.3978952727983707,2.833213344056216,2.5649493574615367,0.0,0.0,0.0,0.0,-0.674560546875,-0.14198923110961914,-2.502976417541504,-1.106508731842041
"the painters enjoy, the painter enjoy",wiki,simple_agrmt,painters,painter,enjoy,enjoy,1,0,7.3537223303996315,8.70946507906336,4.0943445622221,4.61512051684126,-0.5207759546191593,4.2626798770413155,2.833213344056216,2.3978952727983707,3.1780538303479458,0.0,0.0,0.0,0.0,3.084231376647949,3.628819465637207,4.873040199279785,3.862030347188314
"the painter draws, the painters draws",wiki,simple_agrmt,painter,painters,draws,draws,-1,0,8.985570498917388,8.70946507906336,4.61512051684126,4.0943445622221,0.5207759546191593,3.8918202981106265,2.3978952727983707,2.833213344056216,3.1780538303479458,0.0,0.0,0.0,0.0,2.4459657669067383,0.7785682678222656,4.612977981567383,2.612504005432129
"the painters draw, the painter draw",wiki,simple_agrmt,painters,painter,draw,draw,1,0,8.985570498917388,8.70946507906336,4.0943445622221,4.61512051684126,-0.5207759546191593,5.093750200806762,2.833213344056216,2.3978952727983707,2.995732273553991,0.0,0.0,0.0,0.0,0.49486351013183594,1.8111934661865234,0.8157892227172852,1.040615399678548
"the painter rests, the painters rests",wiki,simple_agrmt,painter,painters,rests,rests,-1,0,9.587406005562649,8.70946507906336,4.61512051684126,4.0943445622221,0.5207759546191593,3.4011973816621555,2.3978952727983707,2.833213344056216,2.6390573296152584,0.0,0.0,0.0,0.0,4.1589860916137695,2.5246028900146484,1.3158984184265137,2.6664958000183105
"the painters rest, the painter rest",wiki,simple_agrmt,painters,painter,rest,rest,1,0,9.587406005562649,8.70946507906336,4.0943445622221,4.61512051684126,-0.5207759546191593,6.186208623900494,2.833213344056216,2.3978952727983707,2.1972245773362196,0.0,0.0,0.0,0.0,0.7137308120727539,-0.1854991912841797,1.554081916809082,0.6941045125325521
"the painter runs, the painters runs",wiki,simple_agrmt,painter,painters,runs,runs,-1,0,12.187114061928877,8.70946507906336,4.61512051684126,4.0943445622221,0.5207759546191593,5.648974238161206,2.3978952727983707,2.833213344056216,4.465908118654584,0.0,0.0,0.0,0.0,1.2236328125,2.6685848236083984,1.5966224670410156,1.8296133677164714
"the painters run, the painter run",wiki,simple_agrmt,painters,painter,run,run,1,0,12.187114061928877,8.70946507906336,4.0943445622221,4.61512051684126,-0.5207759546191593,6.53813982376767,2.833213344056216,2.3978952727983707,4.812184355372417,0.0,0.0,0.0,0.0,3.5955429077148438,3.8432483673095703,2.2030906677246094,3.213960647583008
"the painter plays, the painters plays",wiki,simple_agrmt,painter,painters,plays,plays,-1,0,12.530725305346046,8.70946507906336,4.61512051684126,4.0943445622221,0.5207759546191593,5.68697535633982,2.3978952727983707,2.833213344056216,4.5217885770490405,0.0,0.0,0.0,0.0,2.517580032348633,1.7232341766357422,-0.764561653137207,1.158750851949056
"the painters play, the painter play",wiki,simple_agrmt,painters,painter,play,play,1,0,12.530725305346046,8.70946507906336,4.0943445622221,4.61512051684126,-0.5207759546191593,6.843749949006225,2.833213344056216,2.3978952727983707,4.912654885736052,0.0,0.0,0.0,0.0,0.6016273498535156,1.9840631484985352,4.1267499923706055,2.2374801635742188
"the painter works, the painters works",wiki,simple_agrmt,painter,painters,works,works,-1,0,14.801847366510039,8.70946507906336,4.61512051684126,4.0943445622221,0.5207759546191593,6.9975959829819265,2.3978952727983707,2.833213344056216,4.812184355372417,0.0,0.0,0.0,0.0,4.138153076171875,0.8301734924316406,2.981548309326172,2.649958292643229
"the painters work, the painter work",wiki,simple_agrmt,painters,painter,work,work,1,0,14.801847366510039,8.70946507906336,4.0943445622221,4.61512051684126,-0.5207759546191593,7.804251383528112,2.833213344056216,2.3978952727983707,5.017279836814924,0.0,0.0,0.0,0.0,1.1657705307006836,3.194186210632324,1.5739946365356445,1.977983792622884
"the parent grinds, the parents grinds",wiki,simple_agrmt,parent,parents,grinds,grinds,-1,0,1.5040773967762742,10.1456491096861,4.584967478670572,5.560681631015528,-0.9757141523449553,0.4054651081081644,1.0986122886681098,4.68213122712422,0.4054651081081644,0.0,0.0,0.0,0.0,0.1379852294921875,-3.1332716941833496,0.4978151321411133,-0.8324904441833496
"the parents grind, the parent grind",wiki,simple_agrmt,parents,parent,grind,grind,1,0,1.5040773967762742,10.1456491096861,5.560681631015528,4.584967478670572,0.9757141523449553,1.0986122886681098,4.68213122712422,1.0986122886681098,0.4054651081081644,0.0,0.0,0.0,0.0,-1.206512451171875,0.5387229919433594,-1.4538593292236328,-0.7072162628173828
"the parent exaggerates, the parents exaggerates",wiki,simple_agrmt,parent,parents,exaggerates,exaggerates,-1,0,2.0149030205422647,10.1456491096861,4.584967478670572,5.560681631015528,-0.9757141523449553,0.4054651081081644,1.0986122886681098,4.68213122712422,0.0,0.0,0.0,0.0,0.0,1.89689302444458,0.46298694610595703,3.9664902687072754,2.108790079752604
"the parents exaggerate, the parent exaggerate",wiki,simple_agrmt,parents,parent,exaggerate,exaggerate,1,0,2.0149030205422647,10.1456491096861,5.560681631015528,4.584967478670572,0.9757141523449553,1.6094379124341003,4.68213122712422,1.0986122886681098,0.0,0.0,0.0,0.0,0.0,1.8969626426696777,5.243034362792969,2.5633206367492676,3.234439214070638
"the parent screams, the parents screams",wiki,simple_agrmt,parent,parents,screams,screams,-1,0,3.401197381662156,10.1456491096861,4.584967478670572,5.560681631015528,-0.9757141523449553,1.0986122886681098,1.0986122886681098,4.68213122712422,0.4054651081081644,0.0,0.0,0.0,0.0,2.584878921508789,1.8338284492492676,5.585047245025635,3.334584871927897
"the parents scream, the parent scream",wiki,simple_agrmt,parents,parent,scream,scream,1,0,3.401197381662156,10.1456491096861,5.560681631015528,4.584967478670572,0.9757141523449553,2.302585092994046,4.68213122712422,1.0986122886681098,0.0,0.0,0.0,0.0,0.0,-0.7415132522583008,0.02026844024658203,-2.291017532348633,-1.0040874481201172
"the parent swims, the parents swims",wiki,simple_agrmt,parent,parents,swims,swims,-1,0,4.430816798843313,10.1456491096861,4.584967478670572,5.560681631015528,-0.9757141523449553,1.0986122886681098,1.0986122886681098,4.68213122712422,0.0,0.0,0.0,0.0,0.0,1.3488149642944336,3.5632433891296387,3.8336124420166016,2.9152235984802246
"the parents swim, the parent swim",wiki,simple_agrmt,parents,parent,swim,swim,1,0,4.430816798843313,10.1456491096861,5.560681631015528,4.584967478670572,0.9757141523449553,3.332204510175204,4.68213122712422,1.0986122886681098,2.302585092994046,0.0,0.0,0.0,0.0,0.7087011337280273,2.4762134552001953,0.3292427062988281,1.1713857650756836
"the parent enjoys, the parents enjoys",wiki,simple_agrmt,parent,parents,enjoys,enjoys,-1,0,7.3537223303996315,10.1456491096861,4.584967478670572,5.560681631015528,-0.9757141523449553,3.091042453358316,1.0986122886681098,4.68213122712422,2.5649493574615367,0.0,0.0,0.0,0.0,-0.1423168182373047,-0.03454732894897461,-1.3101778030395508,-0.4956806500752767
"the parents enjoy, the parent enjoy",wiki,simple_agrmt,parents,parent,enjoy,enjoy,1,0,7.3537223303996315,10.1456491096861,5.560681631015528,4.584967478670572,0.9757141523449553,4.2626798770413155,4.68213122712422,1.0986122886681098,3.1780538303479458,0.0,0.0,0.0,0.0,3.256962776184082,4.684475898742676,4.113421440124512,4.01828670501709
"the parent draws, the parents draws",wiki,simple_agrmt,parent,parents,draws,draws,-1,0,8.985570498917388,10.1456491096861,4.584967478670572,5.560681631015528,-0.9757141523449553,3.8918202981106265,1.0986122886681098,4.68213122712422,3.1780538303479458,0.0,0.0,0.0,0.0,-0.21500492095947266,3.395677089691162,1.358656883239746,1.5131096839904785
"the parents draw, the parent draw",wiki,simple_agrmt,parents,parent,draw,draw,1,0,8.985570498917388,10.1456491096861,5.560681631015528,4.584967478670572,0.9757141523449553,5.093750200806762,4.68213122712422,1.0986122886681098,2.995732273553991,0.0,0.0,0.0,0.0,3.083009719848633,-0.3312053680419922,1.1045598983764648,1.2854547500610352
"the parent rests, the parents rests",wiki,simple_agrmt,parent,parents,rests,rests,-1,0,9.587406005562649,10.1456491096861,4.584967478670572,5.560681631015528,-0.9757141523449553,3.4011973816621555,1.0986122886681098,4.68213122712422,2.6390573296152584,0.0,0.0,0.0,0.0,2.2479004859924316,3.0014848709106445,3.4498472213745117,2.899744192759196
"the parents rest, the parent rest",wiki,simple_agrmt,parents,parent,rest,rest,1,0,9.587406005562649,10.1456491096861,5.560681631015528,4.584967478670572,0.9757141523449553,6.186208623900494,4.68213122712422,1.0986122886681098,2.1972245773362196,0.0,0.0,0.0,0.0,2.3456268310546875,-0.640009880065918,-0.16257762908935547,0.5143464406331381
"the parent runs, the parents runs",wiki,simple_agrmt,parent,parents,runs,runs,-1,0,12.187114061928877,10.1456491096861,4.584967478670572,5.560681631015528,-0.9757141523449553,5.648974238161206,1.0986122886681098,4.68213122712422,4.465908118654584,0.0,0.0,0.0,0.0,3.8820276260375977,3.7227001190185547,2.954115867614746,3.5196145375569663
"the parents run, the parent run",wiki,simple_agrmt,parents,parent,run,run,1,0,12.187114061928877,10.1456491096861,5.560681631015528,4.584967478670572,0.9757141523449553,6.53813982376767,4.68213122712422,1.0986122886681098,4.812184355372417,0.0,0.0,0.0,0.0,0.8186664581298828,1.9095377922058105,1.3003673553466797,1.3428572018941243
"the parent plays, the parents plays",wiki,simple_agrmt,parent,parents,plays,plays,-1,0,12.530725305346046,10.1456491096861,4.584967478670572,5.560681631015528,-0.9757141523449553,5.68697535633982,1.0986122886681098,4.68213122712422,4.5217885770490405,0.0,0.0,0.0,0.0,2.4693212509155273,1.0085382461547852,1.5230541229248047,1.666971206665039
"the parents play, the parent play",wiki,simple_agrmt,parents,parent,play,play,1,0,12.530725305346046,10.1456491096861,5.560681631015528,4.584967478670572,0.9757141523449553,6.843749949006225,4.68213122712422,1.0986122886681098,4.912654885736052,0.0,0.0,0.0,0.0,2.347907066345215,3.2678098678588867,2.1054296493530273,2.5737155278523765
"the parent works, the parents works",wiki,simple_agrmt,parent,parents,works,works,-1,0,14.801847366510039,10.1456491096861,4.584967478670572,5.560681631015528,-0.9757141523449553,6.9975959829819265,1.0986122886681098,4.68213122712422,4.812184355372417,0.0,0.0,0.0,0.0,2.8035497665405273,2.8962106704711914,3.515291213989258,3.071683883666992
"the parents work, the parent work",wiki,simple_agrmt,parents,parent,work,work,1,0,14.801847366510039,10.1456491096861,5.560681631015528,4.584967478670572,0.9757141523449553,7.804251383528112,4.68213122712422,1.0986122886681098,5.017279836814924,0.0,0.0,0.0,0.0,-1.271212100982666,-0.42951488494873047,1.0668363571166992,-0.21129687627156576
"the writer grinds, the writers grinds",wiki,simple_agrmt,writer,writers,grinds,grinds,-1,0,1.5040773967762742,11.49537230572264,5.8289456176102075,5.666426688112432,0.16251892949777513,0.4054651081081644,3.58351893845611,4.653960350157523,0.4054651081081644,0.0,0.0,0.0,0.0,2.263014316558838,0.5098505020141602,1.8356990814208984,1.536187966664632
"the writers grind, the writer grind",wiki,simple_agrmt,writers,writer,grind,grind,1,0,1.5040773967762742,11.49537230572264,5.666426688112432,5.8289456176102075,-0.16251892949777513,1.0986122886681098,4.653960350157523,3.58351893845611,0.4054651081081644,0.0,0.0,0.0,0.0,-1.2764358520507812,0.2975015640258789,-1.203216552734375,-0.7273836135864258
"the writer exaggerates, the writers exaggerates",wiki,simple_agrmt,writer,writers,exaggerates,exaggerates,-1,0,2.0149030205422647,11.49537230572264,5.8289456176102075,5.666426688112432,0.16251892949777513,0.4054651081081644,3.58351893845611,4.653960350157523,0.0,0.0,0.0,0.0,0.0,4.039312362670898,4.223209381103516,4.96665096282959,4.409724235534668
"the writers exaggerate, the writer exaggerate",wiki,simple_agrmt,writers,writer,exaggerate,exaggerate,1,0,2.0149030205422647,11.49537230572264,5.666426688112432,5.8289456176102075,-0.16251892949777513,1.6094379124341003,4.653960350157523,3.58351893845611,0.0,0.0,0.0,0.0,0.0,3.939419746398926,1.7273139953613281,4.492865562438965,3.3865331013997397
"the writer screams, the writers screams",wiki,simple_agrmt,writer,writers,screams,screams,-1,0,3.401197381662156,11.49537230572264,5.8289456176102075,5.666426688112432,0.16251892949777513,1.0986122886681098,3.58351893845611,4.653960350157523,0.4054651081081644,0.0,0.0,0.0,0.0,5.601129055023193,2.718050003051758,7.23157262802124,5.183583895365397
"the writers scream, the writer scream",wiki,simple_agrmt,writers,writer,scream,scream,1,0,3.401197381662156,11.49537230572264,5.666426688112432,5.8289456176102075,-0.16251892949777513,2.302585092994046,4.653960350157523,3.58351893845611,0.0,0.0,0.0,0.0,0.0,-2.854788303375244,-0.0928201675415039,-2.957615375518799,-1.9684079488118489
"the writer swims, the writers swims",wiki,simple_agrmt,writer,writers,swims,swims,-1,0,4.430816798843313,11.49537230572264,5.8289456176102075,5.666426688112432,0.16251892949777513,1.0986122886681098,3.58351893845611,4.653960350157523,0.0,0.0,0.0,0.0,0.0,3.142770767211914,4.928542137145996,3.2964696884155273,3.7892608642578125
"the writers swim, the writer swim",wiki,simple_agrmt,writers,writer,swim,swim,1,0,4.430816798843313,11.49537230572264,5.666426688112432,5.8289456176102075,-0.16251892949777513,3.332204510175204,4.653960350157523,3.58351893845611,2.302585092994046,0.0,0.0,0.0,0.0,0.10101795196533203,1.470534324645996,1.249934196472168,0.940495491027832
"the writer enjoys, the writers enjoys",wiki,simple_agrmt,writer,writers,enjoys,enjoys,-1,0,7.3537223303996315,11.49537230572264,5.8289456176102075,5.666426688112432,0.16251892949777513,3.091042453358316,3.58351893845611,4.653960350157523,2.5649493574615367,0.0,0.0,0.0,0.0,-0.5596404075622559,0.3348960876464844,0.5961122512817383,0.12378931045532227
"the writers enjoy, the writer enjoy",wiki,simple_agrmt,writers,writer,enjoy,enjoy,1,0,7.3537223303996315,11.49537230572264,5.666426688112432,5.8289456176102075,-0.16251892949777513,4.2626798770413155,4.653960350157523,3.58351893845611,3.1780538303479458,0.0,0.0,0.0,0.0,2.597325325012207,4.575309753417969,3.6664533615112305,3.6130294799804688
"the writer draws, the writers draws",wiki,simple_agrmt,writer,writers,draws,draws,-1,0,8.985570498917388,11.49537230572264,5.8289456176102075,5.666426688112432,0.16251892949777513,3.8918202981106265,3.58351893845611,4.653960350157523,3.1780538303479458,0.0,0.0,0.0,0.0,3.7340145111083984,2.0585107803344727,5.374533653259277,3.722352981567383
"the writers draw, the writer draw",wiki,simple_agrmt,writers,writer,draw,draw,1,0,8.985570498917388,11.49537230572264,5.666426688112432,5.8289456176102075,-0.16251892949777513,5.093750200806762,4.653960350157523,3.58351893845611,2.995732273553991,0.0,0.0,0.0,0.0,-0.5144405364990234,1.6461610794067383,-1.0574398040771484,0.02476024627685547
"the writer rests, the writers rests",wiki,simple_agrmt,writer,writers,rests,rests,-1,0,9.587406005562649,11.49537230572264,5.8289456176102075,5.666426688112432,0.16251892949777513,3.4011973816621555,3.58351893845611,4.653960350157523,2.6390573296152584,0.0,0.0,0.0,0.0,7.610543727874756,5.589669227600098,5.181286334991455,6.1271664301554365
"the writers rest, the writer rest",wiki,simple_agrmt,writers,writer,rest,rest,1,0,9.587406005562649,11.49537230572264,5.666426688112432,5.8289456176102075,-0.16251892949777513,6.186208623900494,4.653960350157523,3.58351893845611,2.1972245773362196,0.0,0.0,0.0,0.0,-0.5069599151611328,-0.863774299621582,-1.3994741439819336,-0.9234027862548828
"the writer runs, the writers runs",wiki,simple_agrmt,writer,writers,runs,runs,-1,0,12.187114061928877,11.49537230572264,5.8289456176102075,5.666426688112432,0.16251892949777513,5.648974238161206,3.58351893845611,4.653960350157523,4.465908118654584,0.0,0.0,0.0,0.0,4.862525939941406,5.999338150024414,4.41152286529541,5.091128985087077
"the writers run, the writer run",wiki,simple_agrmt,writers,writer,run,run,1,0,12.187114061928877,11.49537230572264,5.666426688112432,5.8289456176102075,-0.16251892949777513,6.53813982376767,4.653960350157523,3.58351893845611,4.812184355372417,0.0,0.0,0.0,0.0,1.0918054580688477,-0.28971290588378906,2.762521743774414,1.1882047653198242
"the writer plays, the writers plays",wiki,simple_agrmt,writer,writers,plays,plays,-1,0,12.530725305346046,11.49537230572264,5.8289456176102075,5.666426688112432,0.16251892949777513,5.68697535633982,3.58351893845611,4.653960350157523,4.5217885770490405,0.0,0.0,0.0,0.0,5.570451259613037,3.5342321395874023,5.275453567504883,4.793378988901774
"the writers play, the writer play",wiki,simple_agrmt,writers,writer,play,play,1,0,12.530725305346046,11.49537230572264,5.666426688112432,5.8289456176102075,-0.16251892949777513,6.843749949006225,4.653960350157523,3.58351893845611,4.912654885736052,0.0,0.0,0.0,0.0,-0.5152072906494141,2.653120994567871,1.0719633102416992,1.069959004720052
"the writer works, the writers works",wiki,simple_agrmt,writer,writers,works,works,-1,0,14.801847366510039,11.49537230572264,5.8289456176102075,5.666426688112432,0.16251892949777513,6.9975959829819265,3.58351893845611,4.653960350157523,4.812184355372417,0.0,0.0,0.0,0.0,5.236847877502441,3.823221206665039,4.700282096862793,4.586783727010091
"the writers work, the writer work",wiki,simple_agrmt,writers,writer,work,work,1,0,14.801847366510039,11.49537230572264,5.666426688112432,5.8289456176102075,-0.16251892949777513,7.804251383528112,4.653960350157523,3.58351893845611,5.017279836814924,0.0,0.0,0.0,0.0,0.6760778427124023,1.5947542190551758,0.19109058380126953,0.8206408818562826
"the president grinds, the presidents grinds",wiki,simple_agrmt,president,presidents,grinds,grinds,-1,-1,1.5040773967762742,11.409518595258351,7.25063551189868,4.1588830833596715,3.0917524285390083,0.4054651081081644,5.19295685089021,2.772588722239781,0.4054651081081644,0.0,0.0,0.0,0.0,0.4983510971069336,-0.30811214447021484,3.481572151184082,1.2239370346069336
"the presidents grind, the president grind",wiki,simple_agrmt,presidents,president,grind,grind,1,1,1.5040773967762742,11.409518595258351,4.1588830833596715,7.25063551189868,-3.0917524285390083,1.0986122886681098,2.772588722239781,5.19295685089021,0.4054651081081644,0.0,0.0,0.0,0.0,-0.23144149780273438,0.6472330093383789,-2.3462228775024414,-0.6434771219889323
"the president exaggerates, the presidents exaggerates",wiki,simple_agrmt,president,presidents,exaggerates,exaggerates,-1,-1,2.0149030205422647,11.409518595258351,7.25063551189868,4.1588830833596715,3.0917524285390083,0.4054651081081644,5.19295685089021,2.772588722239781,0.0,0.0,0.0,0.0,0.0,4.057979583740234,3.04091739654541,6.778791904449463,4.625896294911702
"the presidents exaggerate, the president exaggerate",wiki,simple_agrmt,presidents,president,exaggerate,exaggerate,1,1,2.0149030205422647,11.409518595258351,4.1588830833596715,7.25063551189868,-3.0917524285390083,1.6094379124341003,2.772588722239781,5.19295685089021,0.0,0.0,0.0,0.0,0.0,1.2764339447021484,2.548701286315918,1.8394131660461426,1.888182799021403
"the president screams, the presidents screams",wiki,simple_agrmt,president,presidents,screams,screams,-1,-1,3.401197381662156,11.409518595258351,7.25063551189868,4.1588830833596715,3.0917524285390083,1.0986122886681098,5.19295685089021,2.772588722239781,0.4054651081081644,0.0,0.0,0.0,0.0,3.8576149940490723,0.6646900177001953,4.912928581237793,3.14507786432902
"the presidents scream, the president scream",wiki,simple_agrmt,presidents,president,scream,scream,1,1,3.401197381662156,11.409518595258351,4.1588830833596715,7.25063551189868,-3.0917524285390083,2.302585092994046,2.772588722239781,5.19295685089021,0.0,0.0,0.0,0.0,0.0,-1.2123608589172363,0.6070175170898438,-3.1679201126098633,-1.2577544848124187
"the president swims, the presidents swims",wiki,simple_agrmt,president,presidents,swims,swims,-1,-1,4.430816798843313,11.409518595258351,7.25063551189868,4.1588830833596715,3.0917524285390083,1.0986122886681098,5.19295685089021,2.772588722239781,0.0,0.0,0.0,0.0,0.0,1.8262948989868164,1.31524658203125,3.520510673522949,2.220684051513672
"the presidents swim, the president swim",wiki,simple_agrmt,presidents,president,swim,swim,1,1,4.430816798843313,11.409518595258351,4.1588830833596715,7.25063551189868,-3.0917524285390083,3.332204510175204,2.772588722239781,5.19295685089021,2.302585092994046,0.0,0.0,0.0,0.0,-0.5130939483642578,2.2753725051879883,-1.3290023803710938,0.1444253921508789
"the president enjoys, the presidents enjoys",wiki,simple_agrmt,president,presidents,enjoys,enjoys,-1,-1,7.3537223303996315,11.409518595258351,7.25063551189868,4.1588830833596715,3.0917524285390083,3.091042453358316,5.19295685089021,2.772588722239781,2.5649493574615367,0.0,0.0,0.0,0.0,5.138454437255859,4.200498580932617,5.912906169891357,5.083953062693278
"the presidents enjoy, the president enjoy",wiki,simple_agrmt,presidents,president,enjoy,enjoy,1,1,7.3537223303996315,11.409518595258351,4.1588830833596715,7.25063551189868,-3.0917524285390083,4.2626798770413155,2.772588722239781,5.19295685089021,3.1780538303479458,0.0,0.0,0.0,0.0,0.7625732421875,1.5123538970947266,1.4501886367797852,1.2417052586873372
"the president draws, the presidents draws",wiki,simple_agrmt,president,presidents,draws,draws,-1,-1,8.985570498917388,11.409518595258351,7.25063551189868,4.1588830833596715,3.0917524285390083,3.8918202981106265,5.19295685089021,2.772588722239781,3.1780538303479458,0.0,0.0,0.0,0.0,0.848536491394043,3.401158332824707,4.193145275115967,2.8142800331115723
"the presidents draw, the president draw",wiki,simple_agrmt,presidents,president,draw,draw,1,1,8.985570498917388,11.409518595258351,4.1588830833596715,7.25063551189868,-3.0917524285390083,5.093750200806762,2.772588722239781,5.19295685089021,2.995732273553991,0.0,0.0,0.0,0.0,1.3925790786743164,0.8524494171142578,-0.5777215957641602,0.5557689666748047
"the president rests, the presidents rests",wiki,simple_agrmt,president,presidents,rests,rests,-1,-1,9.587406005562649,11.409518595258351,7.25063551189868,4.1588830833596715,3.0917524285390083,3.4011973816621555,5.19295685089021,2.772588722239781,2.6390573296152584,0.0,0.0,0.0,0.0,2.0641860961914062,4.491911888122559,4.775214195251465,3.777104059855143
"the presidents rest, the president rest",wiki,simple_agrmt,presidents,president,rest,rest,1,1,9.587406005562649,11.409518595258351,4.1588830833596715,7.25063551189868,-3.0917524285390083,6.186208623900494,2.772588722239781,5.19295685089021,2.1972245773362196,0.0,0.0,0.0,0.0,-0.3231220245361328,-2.2548627853393555,-1.5260648727416992,-1.3680165608723958
"the president runs, the presidents runs",wiki,simple_agrmt,president,presidents,runs,runs,-1,-1,12.187114061928877,11.409518595258351,7.25063551189868,4.1588830833596715,3.0917524285390083,5.648974238161206,5.19295685089021,2.772588722239781,4.465908118654584,0.0,0.0,0.0,0.0,6.422794342041016,2.173847198486328,2.515561103820801,3.7040675481160483
"the presidents run, the president run",wiki,simple_agrmt,presidents,president,run,run,1,1,12.187114061928877,11.409518595258351,4.1588830833596715,7.25063551189868,-3.0917524285390083,6.53813982376767,2.772588722239781,5.19295685089021,4.812184355372417,0.0,0.0,0.0,0.0,3.768594741821289,1.4764814376831055,1.0559911727905273,2.100355784098307
"the president plays, the presidents plays",wiki,simple_agrmt,president,presidents,plays,plays,-1,-1,12.530725305346046,11.409518595258351,7.25063551189868,4.1588830833596715,3.0917524285390083,5.68697535633982,5.19295685089021,2.772588722239781,4.5217885770490405,0.0,0.0,0.0,0.0,3.1964282989501953,3.490581512451172,4.092123031616211,3.5930442810058594
"the presidents play, the president play",wiki,simple_agrmt,presidents,president,play,play,1,1,12.530725305346046,11.409518595258351,4.1588830833596715,7.25063551189868,-3.0917524285390083,6.843749949006225,2.772588722239781,5.19295685089021,4.912654885736052,0.0,0.0,0.0,0.0,3.5118942260742188,1.7230939865112305,1.6875791549682617,2.307522455851237
"the president works, the presidents works",wiki,simple_agrmt,president,presidents,works,works,-1,-1,14.801847366510039,11.409518595258351,7.25063551189868,4.1588830833596715,3.0917524285390083,6.9975959829819265,5.19295685089021,2.772588722239781,4.812184355372417,0.0,0.0,0.0,0.0,4.06772518157959,5.785332679748535,5.102503299713135,4.98518705368042
"the presidents work, the president work",wiki,simple_agrmt,presidents,president,work,work,1,1,14.801847366510039,11.409518595258351,4.1588830833596715,7.25063551189868,-3.0917524285390083,7.804251383528112,2.772588722239781,5.19295685089021,5.017279836814924,0.0,0.0,0.0,0.0,2.8876733779907227,0.04779243469238281,-0.7288494110107422,0.7355388005574545
"the group grinds, the groups grinds",wiki,simple_agrmt,group,groups,grinds,grinds,-1,0,1.5040773967762742,14.585965941614884,7.605890001053122,6.980075940561763,0.6258140604913587,0.4054651081081644,6.100318952020064,5.501258210544727,0.4054651081081644,0.0,0.0,0.0,0.0,-0.47669458389282227,-2.625211715698242,-1.1365833282470703,-1.412829875946045
"the groups grind, the group grind",wiki,simple_agrmt,groups,group,grind,grind,1,0,1.5040773967762742,14.585965941614884,6.980075940561763,7.605890001053122,-0.6258140604913587,1.0986122886681098,5.501258210544727,6.100318952020064,0.4054651081081644,0.0,0.0,0.0,0.0,-0.24352169036865234,1.0474824905395508,0.6277036666870117,0.4772214889526367
"the group exaggerates, the groups exaggerates",wiki,simple_agrmt,group,groups,exaggerates,exaggerates,-1,0,2.0149030205422647,14.585965941614884,7.605890001053122,6.980075940561763,0.6258140604913587,0.4054651081081644,6.100318952020064,5.501258210544727,0.0,0.0,0.0,0.0,0.0,0.7419886589050293,1.1481866836547852,1.9634275436401367,1.2845342953999836
"the groups exaggerate, the group exaggerate",wiki,simple_agrmt,groups,group,exaggerate,exaggerate,1,0,2.0149030205422647,14.585965941614884,6.980075940561763,7.605890001053122,-0.6258140604913587,1.6094379124341003,5.501258210544727,6.100318952020064,0.0,0.0,0.0,0.0,0.0,5.083738803863525,4.1911211013793945,4.953974723815918,4.742944876352946
"the group screams, the groups screams",wiki,simple_agrmt,group,groups,screams,screams,-1,0,3.401197381662156,14.585965941614884,7.605890001053122,6.980075940561763,0.6258140604913587,1.0986122886681098,6.100318952020064,5.501258210544727,0.4054651081081644,0.0,0.0,0.0,0.0,5.929637908935547,3.713658332824707,7.666840076446533,5.770045439402263
"the groups scream, the group scream",wiki,simple_agrmt,groups,group,scream,scream,1,0,3.401197381662156,14.585965941614884,6.980075940561763,7.605890001053122,-0.6258140604913587,2.302585092994046,5.501258210544727,6.100318952020064,0.0,0.0,0.0,0.0,0.0,-3.1683263778686523,-1.0748815536499023,-3.896970272064209,-2.713392734527588
"the group swims, the groups swims",wiki,simple_agrmt,group,groups,swims,swims,-1,0,4.430816798843313,14.585965941614884,7.605890001053122,6.980075940561763,0.6258140604913587,1.0986122886681098,6.100318952020064,5.501258210544727,0.0,0.0,0.0,0.0,0.0,0.6918039321899414,1.9631214141845703,4.345783233642578,2.3335695266723633
"the groups swim, the group swim",wiki,simple_agrmt,groups,group,swim,swim,1,0,4.430816798843313,14.585965941614884,6.980075940561763,7.605890001053122,-0.6258140604913587,3.332204510175204,5.501258210544727,6.100318952020064,2.302585092994046,0.0,0.0,0.0,0.0,-0.14889812469482422,1.2623653411865234,0.250396728515625,0.4546213150024414
"the group enjoys, the groups enjoys",wiki,simple_agrmt,group,groups,enjoys,enjoys,-1,0,7.3537223303996315,14.585965941614884,7.605890001053122,6.980075940561763,0.6258140604913587,3.091042453358316,6.100318952020064,5.501258210544727,2.5649493574615367,0.0,0.0,0.0,0.0,1.5660009384155273,1.145895004272461,0.276947021484375,0.9962809880574545
"the groups enjoy, the group enjoy",wiki,simple_agrmt,groups,group,enjoy,enjoy,1,0,7.3537223303996315,14.585965941614884,6.980075940561763,7.605890001053122,-0.6258140604913587,4.2626798770413155,5.501258210544727,6.100318952020064,3.1780538303479458,0.0,0.0,0.0,0.0,2.641587734222412,3.6008405685424805,2.1853294372558594,2.8092525800069175
"the group draws, the groups draws",wiki,simple_agrmt,group,groups,draws,draws,-1,0,8.985570498917388,14.585965941614884,7.605890001053122,6.980075940561763,0.6258140604913587,3.8918202981106265,6.100318952020064,5.501258210544727,3.1780538303479458,0.0,0.0,0.0,0.0,4.548431396484375,6.6025309562683105,4.270766735076904,5.140576362609863
"the groups draw, the group draw",wiki,simple_agrmt,groups,group,draw,draw,1,0,8.985570498917388,14.585965941614884,6.980075940561763,7.605890001053122,-0.6258140604913587,5.093750200806762,5.501258210544727,6.100318952020064,2.995732273553991,0.0,0.0,0.0,0.0,0.13051795959472656,-1.3978042602539062,0.5144863128662109,-0.25093332926432294
"the group rests, the groups rests",wiki,simple_agrmt,group,groups,rests,rests,-1,0,9.587406005562649,14.585965941614884,7.605890001053122,6.980075940561763,0.6258140604913587,3.4011973816621555,6.100318952020064,5.501258210544727,2.6390573296152584,0.0,0.0,0.0,0.0,3.419069290161133,4.620854377746582,4.864742279052734,4.301555315653483
"the groups rest, the group rest",wiki,simple_agrmt,groups,group,rest,rest,1,0,9.587406005562649,14.585965941614884,6.980075940561763,7.605890001053122,-0.6258140604913587,6.186208623900494,5.501258210544727,6.100318952020064,2.1972245773362196,0.0,0.0,0.0,0.0,1.2755556106567383,0.10627365112304688,-1.5085296630859375,-0.04223346710205078
"the group runs, the groups runs",wiki,simple_agrmt,group,groups,runs,runs,-1,0,12.187114061928877,14.585965941614884,7.605890001053122,6.980075940561763,0.6258140604913587,5.648974238161206,6.100318952020064,5.501258210544727,4.465908118654584,0.0,0.0,0.0,0.0,4.778801918029785,5.617476463317871,5.405613422393799,5.267297267913818
"the groups run, the group run",wiki,simple_agrmt,groups,group,run,run,1,0,12.187114061928877,14.585965941614884,6.980075940561763,7.605890001053122,-0.6258140604913587,6.53813982376767,5.501258210544727,6.100318952020064,4.812184355372417,0.0,0.0,0.0,0.0,2.5698680877685547,0.8098773956298828,1.2983827590942383,1.5593760808308919
"the group plays, the groups plays",wiki,simple_agrmt,group,groups,plays,plays,-1,0,12.530725305346046,14.585965941614884,7.605890001053122,6.980075940561763,0.6258140604913587,5.68697535633982,6.100318952020064,5.501258210544727,4.5217885770490405,0.0,0.4054651081081644,0.0,0.0,4.3988800048828125,4.330014705657959,4.431759357452393,4.386884689331055
"the groups play, the group play",wiki,simple_agrmt,groups,group,play,play,1,0,12.530725305346046,14.585965941614884,6.980075940561763,7.605890001053122,-0.6258140604913587,6.843749949006225,5.501258210544727,6.100318952020064,4.912654885736052,0.4054651081081644,0.0,0.0,0.0,0.3246316909790039,1.213515281677246,1.641183853149414,1.0597769419352214
"the group works, the groups works",wiki,simple_agrmt,group,groups,works,works,-1,0,14.801847366510039,14.585965941614884,7.605890001053122,6.980075940561763,0.6258140604913587,6.9975959829819265,6.100318952020064,5.501258210544727,4.812184355372417,0.0,0.0,0.0,0.0,2.43841552734375,2.4792823791503906,3.377305030822754,2.7650009791056314
"the groups work, the group work",wiki,simple_agrmt,groups,group,work,work,1,0,14.801847366510039,14.585965941614884,6.980075940561763,7.605890001053122,-0.6258140604913587,7.804251383528112,5.501258210544727,6.100318952020064,5.017279836814924,0.0,0.0,0.0,0.0,0.9057483673095703,0.9420528411865234,0.4131927490234375,0.7536646525065104
