minimal_pair,dataset,paradigm,nsubj1,nsubj2,verb1,verb2,delta_score_42,delta_score_13,delta_score_30,delta_avg,delta_sent_length_char,delta_subwords,total_freq_verbs,total_freq_nouns,nsubj1_log_freq,nsubj2_log_freq,nsubj1_nsubj2_log_freq,verb_log_freq,dep_nsubj1_freq,dep_nsubj2_freq,dep_verb_freq,bigram_freq_gramm,bigram_freq_ungramm,bigram_nsubj2_root,bigram_nsubj1_root
"le gamin casse, les gamins casse",wiki,simple_agrmt,gamin,gamins,casse,casse,-2.0689620971679688,1.4867591857910156,1.6636343002319336,0.36047712961832684,-2,0,4.219507705176107,1.0986122886681096,0.4054651081081644,0.6931471805599453,-0.2876820724517809,2.833213344056216,0.0,0.0,0.0,0.0,0.0,0.0,0.0
"les gamins cassent, le gamin cassent",wiki,simple_agrmt,gamins,gamin,cassent,cassent,3.875432014465332,4.521858215332031,4.646302223205566,4.347864151000977,2,0,4.219507705176107,1.0986122886681096,0.6931471805599453,0.4054651081081644,0.2876820724517809,1.3862943611198906,0.0,0.0,0.0,0.0,0.0,0.0,0.0
"le gamin rentre, les gamins rentre",wiki,simple_agrmt,gamin,gamins,rentre,rentre,-1.1142253875732422,2.838789939880371,1.1296586990356445,0.9514077504475912,-2,0,6.705639094860002,1.0986122886681096,0.4054651081081644,0.6931471805599453,-0.2876820724517809,3.7612001156935624,0.0,0.0,0.0,0.0,0.0,0.0,0.0
"les gamins rentrent, le gamin rentrent",wiki,simple_agrmt,gamins,gamin,rentrent,rentrent,4.969196319580078,6.269669532775879,8.484114170074463,6.574326674143474,2,0,6.705639094860002,1.0986122886681096,0.6931471805599453,0.4054651081081644,0.2876820724517809,2.9444389791664403,0.0,0.0,0.0,0.0,0.0,0.0,0.0
"le gamin continue, les gamins continue",wiki,simple_agrmt,gamin,gamins,continue,continue,0.5812444686889648,0.06894969940185547,1.912705421447754,0.8542998631795248,-2,0,9.696709355308183,1.0986122886681096,0.4054651081081644,0.6931471805599453,-0.2876820724517809,5.365976015021851,0.0,0.0,4.8283137373023015,0.0,0.0,0.0,0.0
"les gamins continuent, le gamin continuent",wiki,simple_agrmt,gamins,gamin,continuent,continuent,3.8034820556640625,3.883939743041992,4.056474685668945,3.9146321614583335,2,0,9.696709355308183,1.0986122886681096,0.6931471805599453,0.4054651081081644,0.2876820724517809,4.330733340286331,0.0,0.0,0.0,0.0,0.0,0.0,0.0
"le gamin suit, les gamins suit",wiki,simple_agrmt,gamin,gamins,suit,suit,0.7289676666259766,2.6871585845947266,4.960758209228516,2.7922948201497397,-2,0,10.062327221849518,1.0986122886681096,0.4054651081081644,0.6931471805599453,-0.2876820724517809,5.2832037287379885,0.0,0.0,1.0986122886681098,0.0,0.0,0.0,0.0
"les gamins suivent, le gamin suivent",wiki,simple_agrmt,gamins,gamin,suivent,suivent,4.532417297363281,6.523011684417725,4.947989463806152,5.33447281519572,2,0,10.062327221849518,1.0986122886681096,0.6931471805599453,0.4054651081081644,0.2876820724517809,4.77912349311153,0.0,0.0,0.0,0.0,0.0,0.0,0.0
"le gamin rend, les gamins rend",wiki,simple_agrmt,gamin,gamins,rend,rend,-1.6066694259643555,-0.7308406829833984,-1.6937294006347656,-1.343746503194173,-2,0,10.216837371736487,1.0986122886681096,0.4054651081081644,0.6931471805599453,-0.2876820724517809,5.652489180268651,0.0,0.0,0.0,0.0,0.0,0.0,0.0
"les gamins rendent, le gamin rendent",wiki,simple_agrmt,gamins,gamin,rendent,rendent,4.24870491027832,5.67227840423584,5.568890571594238,5.163291295369466,2,0,10.216837371736487,1.0986122886681096,0.6931471805599453,0.4054651081081644,0.2876820724517809,4.564348191467836,0.0,0.0,0.0,0.0,0.0,0.0,0.0
"le gamin va, les gamins va",wiki,simple_agrmt,gamin,gamins,va,va,3.207277297973633,1.3562898635864258,4.427365303039551,2.9969774881998696,-2,0,11.125791313546788,1.0986122886681096,0.4054651081081644,0.6931471805599453,-0.2876820724517809,5.961005339623274,0.0,0.0,0.0,0.0,0.0,0.0,0.0
"les gamins vont, le gamin vont",wiki,simple_agrmt,gamins,gamin,vont,vont,5.530344009399414,5.074115753173828,5.612390518188477,5.405616760253906,2,0,11.125791313546788,1.0986122886681096,0.6931471805599453,0.4054651081081644,0.2876820724517809,5.1647859739235145,0.0,0.0,0.0,0.0,0.0,0.0,0.0
"le gamin permet, les gamins permet",wiki,simple_agrmt,gamin,gamins,permet,permet,2.506193161010742,3.0310606956481934,1.6321687698364258,2.3898075421651206,-2,0,12.231896325539632,1.0986122886681096,0.4054651081081644,0.6931471805599453,-0.2876820724517809,6.694562058521095,0.0,0.0,0.0,0.0,0.0,0.0,0.0
"les gamins permettent, le gamin permettent",wiki,simple_agrmt,gamins,gamin,permettent,permettent,4.1822590827941895,6.092667102813721,6.875279426574707,5.716735204060872,2,0,12.231896325539632,1.0986122886681096,0.6931471805599453,0.4054651081081644,0.2876820724517809,5.537334267018537,0.0,0.0,0.0,0.0,0.0,0.0,0.0
"la vilaine casse, les vilaines casse",wiki,simple_agrmt,vilaine,vilaines,casse,casse,-1.5595102310180664,2.430739402770996,-0.5544300079345703,0.10559972127278645,-2,0,4.219507705176107,3.4657359027997265,2.772588722239781,0.6931471805599453,2.0794415416798357,2.833213344056216,0.0,0.0,0.0,0.0,0.0,0.0,0.0
"les vilaines cassent, la vilaine cassent",wiki,simple_agrmt,vilaines,vilaine,cassent,cassent,5.826055526733398,2.1293482780456543,2.4930009841918945,3.482801596323649,2,0,4.219507705176107,3.4657359027997265,0.6931471805599453,2.772588722239781,-2.0794415416798357,1.3862943611198906,0.0,0.0,0.0,0.0,0.0,0.0,0.0
"la vilaine rentre, les vilaines rentre",wiki,simple_agrmt,vilaine,vilaines,rentre,rentre,1.6056451797485352,0.6730737686157227,1.8348979949951172,1.3712056477864583,-2,0,6.705639094860002,3.4657359027997265,2.772588722239781,0.6931471805599453,2.0794415416798357,3.7612001156935624,0.0,0.0,0.0,0.0,0.0,0.0,0.0
"les vilaines rentrent, la vilaine rentrent",wiki,simple_agrmt,vilaines,vilaine,rentrent,rentrent,2.4358272552490234,2.9339094161987305,7.287394046783447,4.219043572743733,2,0,6.705639094860002,3.4657359027997265,0.6931471805599453,2.772588722239781,-2.0794415416798357,2.9444389791664403,0.0,0.0,0.0,0.0,0.0,0.0,0.0
"la vilaine continue, les vilaines continue",wiki,simple_agrmt,vilaine,vilaines,continue,continue,2.19984769821167,3.6552743911743164,2.92733097076416,2.9274843533833823,-2,0,9.696709355308183,3.4657359027997265,2.772588722239781,0.6931471805599453,2.0794415416798357,5.365976015021851,0.0,0.0,4.8283137373023015,0.0,0.0,0.0,0.0
"les vilaines continuent, la vilaine continuent",wiki,simple_agrmt,vilaines,vilaine,continuent,continuent,4.6400909423828125,4.439902305603027,5.662356376647949,4.914116541544597,2,0,9.696709355308183,3.4657359027997265,0.6931471805599453,2.772588722239781,-2.0794415416798357,4.330733340286331,0.0,0.0,0.0,0.0,0.0,0.0,0.0
"la vilaine suit, les vilaines suit",wiki,simple_agrmt,vilaine,vilaines,suit,suit,3.2285614013671875,3.177783966064453,3.8023433685302734,3.402896245320638,-2,0,10.062327221849518,3.4657359027997265,2.772588722239781,0.6931471805599453,2.0794415416798357,5.2832037287379885,0.0,0.0,1.0986122886681098,0.0,0.0,0.0,0.0
"les vilaines suivent, la vilaine suivent",wiki,simple_agrmt,vilaines,vilaine,suivent,suivent,5.83466911315918,5.149472236633301,7.387392997741699,6.1238447825113935,2,0,10.062327221849518,3.4657359027997265,0.6931471805599453,2.772588722239781,-2.0794415416798357,4.77912349311153,0.0,0.0,0.0,0.0,0.0,0.0,0.0
"la vilaine rend, les vilaines rend",wiki,simple_agrmt,vilaine,vilaines,rend,rend,3.085066795349121,1.1574811935424805,0.5925235748291016,1.6116905212402344,-2,0,10.216837371736487,3.4657359027997265,2.772588722239781,0.6931471805599453,2.0794415416798357,5.652489180268651,0.0,0.0,0.0,0.0,0.0,0.0,0.0
"les vilaines rendent, la vilaine rendent",wiki,simple_agrmt,vilaines,vilaine,rendent,rendent,3.291947364807129,3.662816047668457,5.072657585144043,4.009140332539876,2,0,10.216837371736487,3.4657359027997265,0.6931471805599453,2.772588722239781,-2.0794415416798357,4.564348191467836,0.0,0.0,0.0,0.0,0.0,0.0,0.0
"la vilaine va, les vilaines va",wiki,simple_agrmt,vilaine,vilaines,va,va,2.186800003051758,2.4788360595703125,3.3168444633483887,2.660826841990153,-2,0,11.125791313546788,3.4657359027997265,2.772588722239781,0.6931471805599453,2.0794415416798357,5.961005339623274,0.0,0.0,0.0,0.0,0.0,0.0,0.0
"les vilaines vont, la vilaine vont",wiki,simple_agrmt,vilaines,vilaine,vont,vont,5.021642684936523,3.7295150756835938,6.510473728179932,5.087210496266683,2,0,11.125791313546788,3.4657359027997265,0.6931471805599453,2.772588722239781,-2.0794415416798357,5.1647859739235145,0.0,0.0,0.0,0.0,0.0,0.0,0.0
"la vilaine permet, les vilaines permet",wiki,simple_agrmt,vilaine,vilaines,permet,permet,3.602524757385254,5.4592180252075195,3.205352783203125,4.0890318552653,-2,0,12.231896325539632,3.4657359027997265,2.772588722239781,0.6931471805599453,2.0794415416798357,6.694562058521095,0.0,0.0,0.0,0.0,0.0,0.0,0.0
"les vilaines permettent, la vilaine permettent",wiki,simple_agrmt,vilaines,vilaine,permettent,permettent,2.9129247665405273,2.3986597061157227,3.794508934020996,3.0353644688924155,2,0,12.231896325539632,3.4657359027997265,0.6931471805599453,2.772588722239781,-2.0794415416798357,5.537334267018537,0.0,0.0,0.0,0.0,0.0,0.0,0.0
"le cuisinier casse, les cuisiniers casse",wiki,simple_agrmt,cuisinier,cuisiniers,casse,casse,0.3993797302246094,3.5370311737060547,-0.4139823913574219,1.174142837524414,-2,0,4.219507705176107,2.890371757896165,2.1972245773362196,0.6931471805599453,1.5040773967762742,2.833213344056216,0.0,0.0,0.0,0.0,0.0,0.0,0.0
"les cuisiniers cassent, le cuisinier cassent",wiki,simple_agrmt,cuisiniers,cuisinier,cassent,cassent,2.704648971557617,0.979557991027832,3.3492488861083984,2.344485282897949,2,0,4.219507705176107,2.890371757896165,0.6931471805599453,2.1972245773362196,-1.5040773967762742,1.3862943611198906,0.0,0.0,0.0,0.0,0.0,0.0,0.0
"le cuisinier rentre, les cuisiniers rentre",wiki,simple_agrmt,cuisinier,cuisiniers,rentre,rentre,1.2789278030395508,1.528055191040039,3.201420783996582,2.002801259358724,-2,0,6.705639094860002,2.890371757896165,2.1972245773362196,0.6931471805599453,1.5040773967762742,3.7612001156935624,0.0,0.0,0.0,0.0,0.0,0.0,0.0
"les cuisiniers rentrent, le cuisinier rentrent",wiki,simple_agrmt,cuisiniers,cuisinier,rentrent,rentrent,5.867915153503418,5.632379531860352,6.855832099914551,6.1187089284261065,2,0,6.705639094860002,2.890371757896165,0.6931471805599453,2.1972245773362196,-1.5040773967762742,2.9444389791664403,0.0,0.0,0.0,0.0,0.0,0.0,0.0
"le cuisinier continue, les cuisiniers continue",wiki,simple_agrmt,cuisinier,cuisiniers,continue,continue,0.9173812866210938,2.3481483459472656,1.786433219909668,1.6839876174926758,-2,0,9.696709355308183,2.890371757896165,2.1972245773362196,0.6931471805599453,1.5040773967762742,5.365976015021851,0.0,0.0,4.8283137373023015,0.0,0.0,0.0,0.0
"les cuisiniers continuent, le cuisinier continuent",wiki,simple_agrmt,cuisiniers,cuisinier,continuent,continuent,5.194759368896484,2.5959300994873047,5.465395927429199,4.418695131937663,2,0,9.696709355308183,2.890371757896165,0.6931471805599453,2.1972245773362196,-1.5040773967762742,4.330733340286331,0.0,0.0,0.0,0.0,0.0,0.0,0.0
"le cuisinier suit, les cuisiniers suit",wiki,simple_agrmt,cuisinier,cuisiniers,suit,suit,2.6922035217285156,3.2233152389526367,4.999383926391602,3.638300895690918,-2,0,10.062327221849518,2.890371757896165,2.1972245773362196,0.6931471805599453,1.5040773967762742,5.2832037287379885,0.0,0.0,1.0986122886681098,0.0,0.0,0.0,0.0
"les cuisiniers suivent, le cuisinier suivent",wiki,simple_agrmt,cuisiniers,cuisinier,suivent,suivent,6.471624374389648,6.146567344665527,5.4945478439331055,6.037579854329427,2,0,10.062327221849518,2.890371757896165,0.6931471805599453,2.1972245773362196,-1.5040773967762742,4.77912349311153,0.0,0.0,0.0,0.0,0.0,0.0,0.0
"le cuisinier rend, les cuisiniers rend",wiki,simple_agrmt,cuisinier,cuisiniers,rend,rend,-1.9253911972045898,0.019021987915039062,-0.5290384292602539,-0.8118025461832682,-2,0,10.216837371736487,2.890371757896165,2.1972245773362196,0.6931471805599453,1.5040773967762742,5.652489180268651,0.0,0.0,0.0,0.0,0.0,0.0,0.0
"les cuisiniers rendent, le cuisinier rendent",wiki,simple_agrmt,cuisiniers,cuisinier,rendent,rendent,5.795690536499023,2.708250045776367,4.021272659301758,4.175071080525716,2,0,10.216837371736487,2.890371757896165,0.6931471805599453,2.1972245773362196,-1.5040773967762742,4.564348191467836,0.0,0.0,0.0,0.0,0.0,0.0,0.0
"le cuisinier va, les cuisiniers va",wiki,simple_agrmt,cuisinier,cuisiniers,va,va,4.028265953063965,3.8226232528686523,3.9631829261779785,3.9380240440368652,-2,0,11.125791313546788,2.890371757896165,2.1972245773362196,0.6931471805599453,1.5040773967762742,5.961005339623274,0.0,0.0,0.0,0.0,0.0,0.0,0.0
"les cuisiniers vont, le cuisinier vont",wiki,simple_agrmt,cuisiniers,cuisinier,vont,vont,5.7794952392578125,3.6525182723999023,5.2583699226379395,4.896794478098552,2,0,11.125791313546788,2.890371757896165,0.6931471805599453,2.1972245773362196,-1.5040773967762742,5.1647859739235145,0.0,0.0,0.0,0.0,0.0,0.0,0.0
"le cuisinier permet, les cuisiniers permet",wiki,simple_agrmt,cuisinier,cuisiniers,permet,permet,4.189106464385986,4.725587844848633,3.830705165863037,4.248466491699219,-2,0,12.231896325539632,2.890371757896165,2.1972245773362196,0.6931471805599453,1.5040773967762742,6.694562058521095,0.0,0.0,0.0,0.0,0.0,0.0,0.0
"les cuisiniers permettent, le cuisinier permettent",wiki,simple_agrmt,cuisiniers,cuisinier,permettent,permettent,3.5751028060913086,3.7098703384399414,4.531681060791016,3.938884735107422,2,0,12.231896325539632,2.890371757896165,0.6931471805599453,2.1972245773362196,-1.5040773967762742,5.537334267018537,0.0,0.0,0.0,0.0,0.0,0.0,0.0
"l'avocat casse, les avocats casse",wiki,simple_agrmt,avocat,avocats,casse,casse,0.2769594192504883,0.014048576354980469,0.49533557891845703,0.2621145248413086,-3,1,4.219507705176107,6.396929655216146,3.6888794541139363,2.70805020110221,0.9808292530117262,2.833213344056216,0.0,0.0,0.0,0.0,0.0,0.0,0.0
"les avocats cassent, l'avocat cassent",wiki,simple_agrmt,avocats,avocat,cassent,cassent,2.7661070823669434,4.101105213165283,5.5854387283325195,4.150883674621582,3,-1,4.219507705176107,6.396929655216146,2.70805020110221,3.6888794541139363,-0.9808292530117262,1.3862943611198906,0.0,0.0,0.0,0.0,0.0,0.0,0.0
"l'avocat rentre, les avocats rentre",wiki,simple_agrmt,avocat,avocats,rentre,rentre,-0.3772745132446289,0.13593387603759766,1.1154870986938477,0.2913821538289388,-3,1,6.705639094860002,6.396929655216146,3.6888794541139363,2.70805020110221,0.9808292530117262,3.7612001156935624,0.0,0.0,0.0,0.0,0.0,0.0,0.0
"les avocats rentrent, l'avocat rentrent",wiki,simple_agrmt,avocats,avocat,rentrent,rentrent,4.017180442810059,8.00858211517334,8.017253875732422,6.681005477905273,3,-1,6.705639094860002,6.396929655216146,2.70805020110221,3.6888794541139363,-0.9808292530117262,2.9444389791664403,0.0,0.0,0.0,0.0,0.0,0.0,0.0
"l'avocat continue, les avocats continue",wiki,simple_agrmt,avocat,avocats,continue,continue,1.403829574584961,1.3574886322021484,2.208815574645996,1.656711260477702,-3,1,9.696709355308183,6.396929655216146,3.6888794541139363,2.70805020110221,0.9808292530117262,5.365976015021851,0.0,0.0,4.8283137373023015,0.0,0.0,0.0,0.0
"les avocats continuent, l'avocat continuent",wiki,simple_agrmt,avocats,avocat,continuent,continuent,1.4741935729980469,2.000277042388916,4.68565559387207,2.720042069753011,3,-1,9.696709355308183,6.396929655216146,2.70805020110221,3.6888794541139363,-0.9808292530117262,4.330733340286331,0.0,0.0,0.0,0.0,0.0,0.0,0.0
"l'avocat suit, les avocats suit",wiki,simple_agrmt,avocat,avocats,suit,suit,5.315885543823242,3.2662744522094727,2.314642906188965,3.632267634073893,-3,1,10.062327221849518,6.396929655216146,3.6888794541139363,2.70805020110221,0.9808292530117262,5.2832037287379885,0.0,0.0,1.0986122886681098,0.0,0.0,0.0,0.0
"les avocats suivent, l'avocat suivent",wiki,simple_agrmt,avocats,avocat,suivent,suivent,1.3077335357666016,4.512978553771973,4.112157821655273,3.3109566370646157,3,-1,10.062327221849518,6.396929655216146,2.70805020110221,3.6888794541139363,-0.9808292530117262,4.77912349311153,0.0,0.0,0.0,0.0,0.0,0.0,0.0
"l'avocat rend, les avocats rend",wiki,simple_agrmt,avocat,avocats,rend,rend,-0.8088855743408203,-0.6815099716186523,-0.9315004348754883,-0.8072986602783203,-3,1,10.216837371736487,6.396929655216146,3.6888794541139363,2.70805020110221,0.9808292530117262,5.652489180268651,0.0,0.0,0.0,0.0,0.0,0.0,0.0
"les avocats rendent, l'avocat rendent",wiki,simple_agrmt,avocats,avocat,rendent,rendent,2.613945960998535,2.759671211242676,3.272799491882324,2.8821388880411782,3,-1,10.216837371736487,6.396929655216146,2.70805020110221,3.6888794541139363,-0.9808292530117262,4.564348191467836,0.0,0.0,0.0,0.0,0.0,0.0,0.0
"l'avocat va, les avocats va",wiki,simple_agrmt,avocat,avocats,va,va,4.814875602722168,3.2070178985595703,2.8225555419921875,3.614816347757975,-3,1,11.125791313546788,6.396929655216146,3.6888794541139363,2.70805020110221,0.9808292530117262,5.961005339623274,0.0,0.0,0.0,0.0,0.0,0.0,0.0
"les avocats vont, l'avocat vont",wiki,simple_agrmt,avocats,avocat,vont,vont,2.248037338256836,3.197938919067383,5.048405170440674,3.4981271425882974,3,-1,11.125791313546788,6.396929655216146,2.70805020110221,3.6888794541139363,-0.9808292530117262,5.1647859739235145,0.0,0.0,0.0,0.0,0.0,0.0,0.0
"l'avocat permet, les avocats permet",wiki,simple_agrmt,avocat,avocats,permet,permet,4.077150821685791,4.114741325378418,1.7880892753601074,3.326660474141439,-3,1,12.231896325539632,6.396929655216146,3.6888794541139363,2.70805020110221,0.9808292530117262,6.694562058521095,0.0,0.0,0.0,0.0,0.0,0.0,0.0
"les avocats permettent, l'avocat permettent",wiki,simple_agrmt,avocats,avocat,permettent,permettent,0.7718067169189453,3.3747925758361816,3.3669328689575195,2.5045107205708823,3,-1,12.231896325539632,6.396929655216146,2.70805020110221,3.6888794541139363,-0.9808292530117262,5.537334267018537,0.0,0.0,0.0,0.0,0.0,0.0,0.0
"le pilote casse, les pilotes casse",wiki,simple_agrmt,pilote,pilotes,casse,casse,0.6461753845214844,0.24221229553222656,-0.5139093399047852,0.12482611338297527,-2,0,4.219507705176107,9.124782483614535,4.624972813284271,4.499809670330265,0.12516314295400566,2.833213344056216,0.0,0.0,0.0,0.0,0.0,0.0,0.0
"les pilotes cassent, le pilote cassent",wiki,simple_agrmt,pilotes,pilote,cassent,cassent,3.4603261947631836,5.669771194458008,3.9186434745788574,4.34958028793335,2,0,4.219507705176107,9.124782483614535,4.499809670330265,4.624972813284271,-0.12516314295400566,1.3862943611198906,0.0,0.0,0.0,0.0,0.0,0.0,0.0
"le pilote rentre, les pilotes rentre",wiki,simple_agrmt,pilote,pilotes,rentre,rentre,1.8634204864501953,1.448542594909668,-0.15343284606933594,1.052843411763509,-2,0,6.705639094860002,9.124782483614535,4.624972813284271,4.499809670330265,0.12516314295400566,3.7612001156935624,0.0,0.0,0.0,0.0,0.0,0.0,0.0
"les pilotes rentrent, le pilote rentrent",wiki,simple_agrmt,pilotes,pilote,rentrent,rentrent,3.4409427642822266,6.010684967041016,7.25792932510376,5.569852352142334,2,0,6.705639094860002,9.124782483614535,4.499809670330265,4.624972813284271,-0.12516314295400566,2.9444389791664403,0.0,0.0,0.0,0.0,0.0,0.0,0.0
"le pilote continue, les pilotes continue",wiki,simple_agrmt,pilote,pilotes,continue,continue,3.9378232955932617,1.2838134765625,2.3837890625,2.535141944885254,-2,0,9.696709355308183,9.124782483614535,4.624972813284271,4.499809670330265,0.12516314295400566,5.365976015021851,0.0,0.0,4.8283137373023015,0.0,0.4054651081081644,0.0,0.0
"les pilotes continuent, le pilote continuent",wiki,simple_agrmt,pilotes,pilote,continuent,continuent,5.461795806884766,5.7473626136779785,3.839676856994629,5.016278425852458,2,0,9.696709355308183,9.124782483614535,4.499809670330265,4.624972813284271,-0.12516314295400566,4.330733340286331,0.0,0.0,0.0,0.4054651081081644,0.0,0.0,0.0
"le pilote suit, les pilotes suit",wiki,simple_agrmt,pilote,pilotes,suit,suit,0.7788171768188477,1.194901466369629,1.381235122680664,1.1183179219563801,-2,0,10.062327221849518,9.124782483614535,4.624972813284271,4.499809670330265,0.12516314295400566,5.2832037287379885,0.0,0.0,1.0986122886681098,0.0,0.0,0.0,0.0
"les pilotes suivent, le pilote suivent",wiki,simple_agrmt,pilotes,pilote,suivent,suivent,6.268580436706543,7.839333534240723,5.132835388183594,6.413583119710286,2,0,10.062327221849518,9.124782483614535,4.499809670330265,4.624972813284271,-0.12516314295400566,4.77912349311153,0.0,0.0,0.0,0.0,0.0,0.0,0.0
"le pilote rend, les pilotes rend",wiki,simple_agrmt,pilote,pilotes,rend,rend,0.5487804412841797,-0.6710062026977539,-0.9647636413574219,-0.36232980092366535,-2,0,10.216837371736487,9.124782483614535,4.624972813284271,4.499809670330265,0.12516314295400566,5.652489180268651,0.0,0.0,0.0,0.0,0.0,0.0,0.0
"les pilotes rendent, le pilote rendent",wiki,simple_agrmt,pilotes,pilote,rendent,rendent,2.821359634399414,4.088052749633789,4.765480995178223,3.8916311264038086,2,0,10.216837371736487,9.124782483614535,4.499809670330265,4.624972813284271,-0.12516314295400566,4.564348191467836,0.0,0.0,0.0,0.0,0.0,0.0,0.0
"le pilote va, les pilotes va",wiki,simple_agrmt,pilote,pilotes,va,va,4.052393436431885,1.8631677627563477,0.04343986511230469,1.986333688100179,-2,0,11.125791313546788,9.124782483614535,4.624972813284271,4.499809670330265,0.12516314295400566,5.961005339623274,0.0,0.0,0.0,0.0,0.0,0.0,0.0
"les pilotes vont, le pilote vont",wiki,simple_agrmt,pilotes,pilote,vont,vont,5.666584491729736,4.589887619018555,7.041082382202148,5.7658514976501465,2,0,11.125791313546788,9.124782483614535,4.499809670330265,4.624972813284271,-0.12516314295400566,5.1647859739235145,0.0,0.0,0.0,0.0,0.0,0.0,0.0
"le pilote permet, les pilotes permet",wiki,simple_agrmt,pilote,pilotes,permet,permet,4.791299343109131,2.9445104598999023,0.6123342514038086,2.7827146848042807,-2,0,12.231896325539632,9.124782483614535,4.624972813284271,4.499809670330265,0.12516314295400566,6.694562058521095,0.0,0.0,0.0,0.0,0.0,0.0,0.0
"les pilotes permettent, le pilote permettent",wiki,simple_agrmt,pilotes,pilote,permettent,permettent,2.9724254608154297,5.220134735107422,3.1029930114746094,3.7651844024658203,2,0,12.231896325539632,9.124782483614535,4.499809670330265,4.624972813284271,-0.12516314295400566,5.537334267018537,0.0,0.0,0.0,0.0,0.0,0.0,0.0
"le lecteur casse, les lecteurs casse",wiki,simple_agrmt,lecteur,lecteurs,casse,casse,-1.0240812301635742,2.468454360961914,2.4092941284179688,1.2845557530721028,-2,0,4.219507705176107,8.533853632309345,4.406719247264253,4.127134385045092,0.2795848622191617,2.833213344056216,0.0,0.0,0.0,0.0,0.0,0.0,0.0
"les lecteurs cassent, le lecteur cassent",wiki,simple_agrmt,lecteurs,lecteur,cassent,cassent,6.837873935699463,7.025965690612793,3.35543155670166,5.739757061004639,2,0,4.219507705176107,8.533853632309345,4.127134385045092,4.406719247264253,-0.2795848622191617,1.3862943611198906,0.0,0.0,0.0,0.0,0.0,0.0,0.0
"le lecteur rentre, les lecteurs rentre",wiki,simple_agrmt,lecteur,lecteurs,rentre,rentre,3.1426897048950195,5.341055870056152,2.6818342208862305,3.721859931945801,-2,0,6.705639094860002,8.533853632309345,4.406719247264253,4.127134385045092,0.2795848622191617,3.7612001156935624,0.0,0.0,0.0,0.0,0.0,0.0,0.0
"les lecteurs rentrent, le lecteur rentrent",wiki,simple_agrmt,lecteurs,lecteur,rentrent,rentrent,9.388758659362793,7.53770637512207,8.381300926208496,8.435921986897787,2,0,6.705639094860002,8.533853632309345,4.127134385045092,4.406719247264253,-0.2795848622191617,2.9444389791664403,0.0,0.0,0.0,0.0,0.0,0.0,0.0
"le lecteur continue, les lecteurs continue",wiki,simple_agrmt,lecteur,lecteurs,continue,continue,2.8816299438476562,3.3098645210266113,2.563480854034424,2.918325106302897,-2,0,9.696709355308183,8.533853632309345,4.406719247264253,4.127134385045092,0.2795848622191617,5.365976015021851,0.0,0.0,4.8283137373023015,0.0,0.0,0.0,0.0
"les lecteurs continuent, le lecteur continuent",wiki,simple_agrmt,lecteurs,lecteur,continuent,continuent,6.797626972198486,5.301829814910889,5.07258939743042,5.724015394846599,2,0,9.696709355308183,8.533853632309345,4.127134385045092,4.406719247264253,-0.2795848622191617,4.330733340286331,0.0,0.0,0.0,0.0,0.0,0.0,0.0
"le lecteur suit, les lecteurs suit",wiki,simple_agrmt,lecteur,lecteurs,suit,suit,6.130326271057129,6.487699508666992,3.7670764923095703,5.4617007573445635,-2,0,10.062327221849518,8.533853632309345,4.406719247264253,4.127134385045092,0.2795848622191617,5.2832037287379885,0.0,0.0,1.0986122886681098,0.0,0.0,0.0,0.0
"les lecteurs suivent, le lecteur suivent",wiki,simple_agrmt,lecteurs,lecteur,suivent,suivent,6.337255954742432,6.078404426574707,5.533939838409424,5.9832000732421875,2,0,10.062327221849518,8.533853632309345,4.127134385045092,4.406719247264253,-0.2795848622191617,4.77912349311153,0.0,0.0,0.0,0.0,0.0,0.0,0.0
"le lecteur rend, les lecteurs rend",wiki,simple_agrmt,lecteur,lecteurs,rend,rend,0.9478073120117188,2.705124855041504,0.5363779067993164,1.3964366912841797,-2,0,10.216837371736487,8.533853632309345,4.406719247264253,4.127134385045092,0.2795848622191617,5.652489180268651,0.0,0.0,0.0,0.0,0.0,0.0,0.0
"les lecteurs rendent, le lecteur rendent",wiki,simple_agrmt,lecteurs,lecteur,rendent,rendent,5.402192115783691,2.907362937927246,5.415848731994629,4.5751345952351885,2,0,10.216837371736487,8.533853632309345,4.127134385045092,4.406719247264253,-0.2795848622191617,4.564348191467836,0.0,0.0,0.0,0.0,0.0,0.0,0.0
"le lecteur va, les lecteurs va",wiki,simple_agrmt,lecteur,lecteurs,va,va,6.85183572769165,4.4555559158325195,4.329911231994629,5.2124342918396,-2,0,11.125791313546788,8.533853632309345,4.406719247264253,4.127134385045092,0.2795848622191617,5.961005339623274,0.0,0.0,0.0,0.0,0.0,0.0,0.0
"les lecteurs vont, le lecteur vont",wiki,simple_agrmt,lecteurs,lecteur,vont,vont,5.876918792724609,5.436242580413818,3.6937880516052246,5.002316474914551,2,0,11.125791313546788,8.533853632309345,4.127134385045092,4.406719247264253,-0.2795848622191617,5.1647859739235145,0.0,0.0,0.0,0.0,0.0,0.0,0.0
"le lecteur permet, les lecteurs permet",wiki,simple_agrmt,lecteur,lecteurs,permet,permet,5.475698947906494,3.876601219177246,4.257275581359863,4.536525249481201,-2,0,12.231896325539632,8.533853632309345,4.406719247264253,4.127134385045092,0.2795848622191617,6.694562058521095,0.0,0.0,0.0,0.0,0.0,0.0,0.0
"les lecteurs permettent, le lecteur permettent",wiki,simple_agrmt,lecteurs,lecteur,permettent,permettent,4.8026580810546875,5.550885200500488,3.080754280090332,4.478099187215169,2,0,12.231896325539632,8.533853632309345,4.127134385045092,4.406719247264253,-0.2795848622191617,5.537334267018537,0.0,0.0,0.0,0.0,0.0,0.0,0.0
"le prince casse, les princes casse",wiki,simple_agrmt,prince,princes,casse,casse,-2.288567543029785,2.6209330558776855,-0.6509742736816406,-0.1062029202779134,-2,0,4.219507705176107,10.043423392833645,6.054439346269371,3.9889840465642745,2.0654552997050963,2.833213344056216,3.58351893845611,2.5649493574615367,0.0,0.0,0.0,0.0,0.0
"les princes cassent, le prince cassent",wiki,simple_agrmt,princes,prince,cassent,cassent,4.586683750152588,5.09706974029541,4.99118709564209,4.891646862030029,2,0,4.219507705176107,10.043423392833645,3.9889840465642745,6.054439346269371,-2.0654552997050963,1.3862943611198906,2.5649493574615367,3.58351893845611,0.0,0.0,0.0,0.0,0.0
"le prince rentre, les princes rentre",wiki,simple_agrmt,prince,princes,rentre,rentre,2.3014793395996094,0.9659080505371094,2.8105812072753906,2.025989532470703,-2,0,6.705639094860002,10.043423392833645,6.054439346269371,3.9889840465642745,2.0654552997050963,3.7612001156935624,3.58351893845611,2.5649493574615367,0.0,0.0,0.0,0.0,0.0
"les princes rentrent, le prince rentrent",wiki,simple_agrmt,princes,prince,rentrent,rentrent,6.539336204528809,3.6722822189331055,9.078904151916504,6.430174191792806,2,0,6.705639094860002,10.043423392833645,3.9889840465642745,6.054439346269371,-2.0654552997050963,2.9444389791664403,2.5649493574615367,3.58351893845611,0.0,0.0,0.0,0.0,0.0
"le prince continue, les princes continue",wiki,simple_agrmt,prince,princes,continue,continue,4.443751811981201,6.335384845733643,4.0477495193481445,4.942295392354329,-2,0,9.696709355308183,10.043423392833645,6.054439346269371,3.9889840465642745,2.0654552997050963,5.365976015021851,3.58351893845611,2.5649493574615367,4.8283137373023015,0.0,0.0,0.0,0.0
"les princes continuent, le prince continuent",wiki,simple_agrmt,princes,prince,continuent,continuent,3.6449265480041504,0.4031791687011719,4.319131374359131,2.789079030354818,2,0,9.696709355308183,10.043423392833645,3.9889840465642745,6.054439346269371,-2.0654552997050963,4.330733340286331,2.5649493574615367,3.58351893845611,0.0,0.0,0.0,0.0,0.0
"le prince suit, les princes suit",wiki,simple_agrmt,prince,princes,suit,suit,6.7494797706604,6.0885114669799805,5.336780071258545,6.058257102966309,-2,0,10.062327221849518,10.043423392833645,6.054439346269371,3.9889840465642745,2.0654552997050963,5.2832037287379885,3.58351893845611,2.5649493574615367,1.0986122886681098,0.6931471805599453,0.0,0.0,0.0
"les princes suivent, le prince suivent",wiki,simple_agrmt,princes,prince,suivent,suivent,6.20098876953125,3.5931568145751953,6.755711555480957,5.516619046529134,2,0,10.062327221849518,10.043423392833645,3.9889840465642745,6.054439346269371,-2.0654552997050963,4.77912349311153,2.5649493574615367,3.58351893845611,0.0,0.0,0.6931471805599453,0.0,0.0
"le prince rend, les princes rend",wiki,simple_agrmt,prince,princes,rend,rend,1.1726140975952148,1.4840888977050781,2.020358085632324,1.5590203603108723,-2,0,10.216837371736487,10.043423392833645,6.054439346269371,3.9889840465642745,2.0654552997050963,5.652489180268651,3.58351893845611,2.5649493574615367,0.0,0.0,0.0,0.0,0.0
"les princes rendent, le prince rendent",wiki,simple_agrmt,princes,prince,rendent,rendent,4.096404075622559,3.42996883392334,5.258322715759277,4.261565208435059,2,0,10.216837371736487,10.043423392833645,3.9889840465642745,6.054439346269371,-2.0654552997050963,4.564348191467836,2.5649493574615367,3.58351893845611,0.0,0.0,0.0,0.0,0.0
"le prince va, les princes va",wiki,simple_agrmt,prince,princes,va,va,5.127275466918945,3.946056365966797,2.7912120819091797,3.954847971598307,-2,0,11.125791313546788,10.043423392833645,6.054439346269371,3.9889840465642745,2.0654552997050963,5.961005339623274,3.58351893845611,2.5649493574615367,0.0,0.0,0.0,0.0,0.0
"les princes vont, le prince vont",wiki,simple_agrmt,princes,prince,vont,vont,2.8062210083007812,2.5005626678466797,4.956488609313965,3.421090761820475,2,0,11.125791313546788,10.043423392833645,3.9889840465642745,6.054439346269371,-2.0654552997050963,5.1647859739235145,2.5649493574615367,3.58351893845611,0.0,0.0,0.0,0.0,0.0
"le prince permet, les princes permet",wiki,simple_agrmt,prince,princes,permet,permet,4.2008466720581055,4.699795722961426,4.681674957275391,4.527439117431641,-2,0,12.231896325539632,10.043423392833645,6.054439346269371,3.9889840465642745,2.0654552997050963,6.694562058521095,3.58351893845611,2.5649493574615367,0.0,0.0,0.0,0.0,0.0
"les princes permettent, le prince permettent",wiki,simple_agrmt,princes,prince,permettent,permettent,3.4165639877319336,3.163389205932617,3.2261857986450195,3.2687129974365234,2,0,12.231896325539632,10.043423392833645,3.9889840465642745,6.054439346269371,-2.0654552997050963,5.537334267018537,2.5649493574615367,3.58351893845611,0.0,0.0,0.0,0.0,0.0
"le personnage casse, les personnages casse",wiki,simple_agrmt,personnage,personnages,casse,casse,-1.884847640991211,1.6165285110473633,-0.27390384674072266,-0.1807409922281901,-2,0,4.219507705176107,12.416799426829295,6.142037405587356,6.274762021241939,-0.13272461565458293,2.833213344056216,0.0,0.0,0.0,0.0,0.0,0.0,0.0
"les personnages cassent, le personnage cassent",wiki,simple_agrmt,personnages,personnage,cassent,cassent,5.004114151000977,4.144482612609863,1.5425539016723633,3.5637168884277344,2,0,4.219507705176107,12.416799426829295,6.274762021241939,6.142037405587356,0.13272461565458293,1.3862943611198906,0.0,0.0,0.0,0.0,0.0,0.0,0.0
"le personnage rentre, les personnages rentre",wiki,simple_agrmt,personnage,personnages,rentre,rentre,2.1678237915039062,2.1882781982421875,1.3149547576904297,1.8903522491455078,-2,0,6.705639094860002,12.416799426829295,6.142037405587356,6.274762021241939,-0.13272461565458293,3.7612001156935624,0.0,0.0,0.0,0.0,0.0,0.0,0.0
"les personnages rentrent, le personnage rentrent",wiki,simple_agrmt,personnages,personnage,rentrent,rentrent,4.786501884460449,8.229023933410645,6.294406414031982,6.436644077301025,2,0,6.705639094860002,12.416799426829295,6.274762021241939,6.142037405587356,0.13272461565458293,2.9444389791664403,0.0,0.0,0.0,0.0,0.0,0.0,0.0
"le personnage continue, les personnages continue",wiki,simple_agrmt,personnage,personnages,continue,continue,2.211869239807129,1.8887052536010742,2.5531044006347656,2.2178929646809897,-2,0,9.696709355308183,12.416799426829295,6.142037405587356,6.274762021241939,-0.13272461565458293,5.365976015021851,0.0,0.0,4.8283137373023015,0.0,0.0,0.0,0.0
"les personnages continuent, le personnage continuent",wiki,simple_agrmt,personnages,personnage,continuent,continuent,6.543922424316406,4.313323974609375,4.764230251312256,5.207158883412679,2,0,9.696709355308183,12.416799426829295,6.274762021241939,6.142037405587356,0.13272461565458293,4.330733340286331,0.0,0.0,0.0,0.0,0.0,0.0,0.0
"le personnage suit, les personnages suit",wiki,simple_agrmt,personnage,personnages,suit,suit,4.447428226470947,3.0425052642822266,3.1698055267333984,3.553246339162191,-2,0,10.062327221849518,12.416799426829295,6.142037405587356,6.274762021241939,-0.13272461565458293,5.2832037287379885,0.0,0.0,1.0986122886681098,0.0,0.0,0.0,0.0
"les personnages suivent, le personnage suivent",wiki,simple_agrmt,personnages,personnage,suivent,suivent,5.973820686340332,4.1686601638793945,5.022613525390625,5.055031458536784,2,0,10.062327221849518,12.416799426829295,6.274762021241939,6.142037405587356,0.13272461565458293,4.77912349311153,0.0,0.0,0.0,0.0,0.0,0.0,0.0
"le personnage rend, les personnages rend",wiki,simple_agrmt,personnage,personnages,rend,rend,-1.4834537506103516,0.0775003433227539,0.10766983032226562,-0.43276119232177734,-2,0,10.216837371736487,12.416799426829295,6.142037405587356,6.274762021241939,-0.13272461565458293,5.652489180268651,0.0,0.0,0.0,0.0,0.0,0.0,0.0
"les personnages rendent, le personnage rendent",wiki,simple_agrmt,personnages,personnage,rendent,rendent,5.148290634155273,3.2127065658569336,4.051074028015137,4.137357076009114,2,0,10.216837371736487,12.416799426829295,6.274762021241939,6.142037405587356,0.13272461565458293,4.564348191467836,0.0,0.0,0.0,0.0,0.0,0.0,0.0
"le personnage va, les personnages va",wiki,simple_agrmt,personnage,personnages,va,va,4.76361608505249,1.7774581909179688,4.396760940551758,3.6459450721740723,-2,0,11.125791313546788,12.416799426829295,6.142037405587356,6.274762021241939,-0.13272461565458293,5.961005339623274,0.0,0.0,0.0,0.0,0.4054651081081644,0.0,0.0
"les personnages vont, le personnage vont",wiki,simple_agrmt,personnages,personnage,vont,vont,5.823151588439941,6.781223297119141,5.894287586212158,6.166220823923747,2,0,11.125791313546788,12.416799426829295,6.274762021241939,6.142037405587356,0.13272461565458293,5.1647859739235145,0.0,0.0,0.0,0.4054651081081644,0.0,0.0,0.0
"le personnage permet, les personnages permet",wiki,simple_agrmt,personnage,personnages,permet,permet,3.0365304946899414,2.469938278198242,3.4568023681640625,2.9877570470174155,-2,0,12.231896325539632,12.416799426829295,6.142037405587356,6.274762021241939,-0.13272461565458293,6.694562058521095,0.0,0.0,0.0,0.0,0.0,0.0,0.0
"les personnages permettent, le personnage permettent",wiki,simple_agrmt,personnages,personnage,permettent,permettent,6.803415298461914,6.363330364227295,5.0016632080078125,6.056136290232341,2,0,12.231896325539632,12.416799426829295,6.274762021241939,6.142037405587356,0.13272461565458293,5.537334267018537,0.0,0.0,0.0,0.0,0.0,0.0,0.0
"le groupe casse, les groupes casse",wiki,simple_agrmt,groupe,groupes,casse,casse,-1.635960578918457,3.049311637878418,-0.49204540252685547,0.30710188547770184,-2,0,4.219507705176107,12.873802013105497,7.180069874302796,5.6937321388027,1.4863377355000962,2.833213344056216,0.0,0.0,0.0,0.0,0.0,0.0,0.0
"les groupes cassent, le groupe cassent",wiki,simple_agrmt,groupes,groupe,cassent,cassent,3.10544490814209,4.442154407501221,0.8919076919555664,2.813169002532959,2,0,4.219507705176107,12.873802013105497,5.6937321388027,7.180069874302796,-1.4863377355000962,1.3862943611198906,0.0,0.0,0.0,0.0,0.0,0.0,0.0
"le groupe rentre, les groupes rentre",wiki,simple_agrmt,groupe,groupes,rentre,rentre,2.6203737258911133,4.471442222595215,3.465475082397461,3.519097010294596,-2,0,6.705639094860002,12.873802013105497,7.180069874302796,5.6937321388027,1.4863377355000962,3.7612001156935624,0.0,0.0,0.0,0.0,0.0,0.0,0.0
"les groupes rentrent, le groupe rentrent",wiki,simple_agrmt,groupes,groupe,rentrent,rentrent,3.770127296447754,4.824575424194336,5.619503974914551,4.73806889851888,2,0,6.705639094860002,12.873802013105497,5.6937321388027,7.180069874302796,-1.4863377355000962,2.9444389791664403,0.0,0.0,0.0,0.0,0.0,0.0,0.0
"le groupe continue, les groupes continue",wiki,simple_agrmt,groupe,groupes,continue,continue,4.232833385467529,3.848137378692627,3.60731840133667,3.896096388498942,-2,0,9.696709355308183,12.873802013105497,7.180069874302796,5.6937321388027,1.4863377355000962,5.365976015021851,0.0,0.0,4.8283137373023015,0.4054651081081644,0.0,0.0,0.0
"les groupes continuent, le groupe continuent",wiki,simple_agrmt,groupes,groupe,continuent,continuent,2.459592819213867,3.8649024963378906,5.341648101806641,3.8887144724527993,2,0,9.696709355308183,12.873802013105497,5.6937321388027,7.180069874302796,-1.4863377355000962,4.330733340286331,0.0,0.0,0.0,0.0,0.4054651081081644,0.0,0.0
"le groupe suit, les groupes suit",wiki,simple_agrmt,groupe,groupes,suit,suit,3.7813000679016113,5.335683345794678,6.8111772537231445,5.3093868891398115,-2,0,10.062327221849518,12.873802013105497,7.180069874302796,5.6937321388027,1.4863377355000962,5.2832037287379885,0.0,0.0,1.0986122886681098,0.0,0.0,0.0,0.0
"les groupes suivent, le groupe suivent",wiki,simple_agrmt,groupes,groupe,suivent,suivent,1.2129096984863281,4.654599189758301,3.481534957885742,3.1163479487101235,2,0,10.062327221849518,12.873802013105497,5.6937321388027,7.180069874302796,-1.4863377355000962,4.77912349311153,0.0,0.0,0.0,0.0,0.0,0.0,0.0
"le groupe rend, les groupes rend",wiki,simple_agrmt,groupe,groupes,rend,rend,1.0243053436279297,2.440445899963379,0.6763057708740234,1.3803523381551106,-2,0,10.216837371736487,12.873802013105497,7.180069874302796,5.6937321388027,1.4863377355000962,5.652489180268651,0.0,0.0,0.0,0.0,0.0,0.0,0.0
"les groupes rendent, le groupe rendent",wiki,simple_agrmt,groupes,groupe,rendent,rendent,1.3762569427490234,2.8189611434936523,5.89794921875,3.364389101664225,2,0,10.216837371736487,12.873802013105497,5.6937321388027,7.180069874302796,-1.4863377355000962,4.564348191467836,0.0,0.0,0.0,0.0,0.0,0.0,0.0
"le groupe va, les groupes va",wiki,simple_agrmt,groupe,groupes,va,va,4.966738224029541,4.993802547454834,5.90872049331665,5.289753754933675,-2,0,11.125791313546788,12.873802013105497,7.180069874302796,5.6937321388027,1.4863377355000962,5.961005339623274,0.0,0.0,0.0,0.4054651081081644,0.0,0.0,0.0
"les groupes vont, le groupe vont",wiki,simple_agrmt,groupes,groupe,vont,vont,3.901681900024414,3.822721481323242,5.401722431182861,4.375375270843506,2,0,11.125791313546788,12.873802013105497,5.6937321388027,7.180069874302796,-1.4863377355000962,5.1647859739235145,0.0,0.0,0.0,0.0,0.4054651081081644,0.0,0.0
"le groupe permet, les groupes permet",wiki,simple_agrmt,groupe,groupes,permet,permet,3.3625683784484863,2.0382862091064453,2.6586036682128906,2.686486085255941,-2,0,12.231896325539632,12.873802013105497,7.180069874302796,5.6937321388027,1.4863377355000962,6.694562058521095,0.0,0.0,0.0,0.0,0.0,0.0,0.0
"les groupes permettent, le groupe permettent",wiki,simple_agrmt,groupes,groupe,permettent,permettent,3.64300537109375,5.698511123657227,5.555965423583984,4.965827306111653,2,0,12.231896325539632,12.873802013105497,5.6937321388027,7.180069874302796,-1.4863377355000962,5.537334267018537,0.0,0.0,0.0,0.0,0.0,0.0,0.0
