minimal_pair,dataset,paradigm,nsubj1,nsubj2,verb1,verb2,delta_sent_length_char,delta_subwords,total_freq_verbs,total_freq_nouns,nsubj1_log_freq,nsubj2_log_freq,nsubj1_nsubj2_log_freq,verb_log_freq,dep_nsubj1_freq,dep_nsubj2_freq,dep_verb_freq,bigram_freq_gramm,bigram_freq_ungramm,bigram_nsubj_root1,bigram_nsubj_root2,delta_score_42,delta_score_13,delta_score_30,delta_avg
"the roommate awaits, the roommates awaits",childes,simple_agrmt,roommate,roommates,awaits,awaits,-1,0,0.8109302162163288,0.8109302162163288,0.4054651081081644,0.4054651081081644,0.0,0.4054651081081644,0.0,0.0,0.4054651081081644,0.0,0.0,0.0,0.0,0.761993408203125,0.1854534149169922,-0.2292637825012207,0.23939434687296549
"the roommates await, the roommate await",childes,simple_agrmt,roommates,roommate,await,await,1,0,0.8109302162163288,0.8109302162163288,0.4054651081081644,0.4054651081081644,0.0,0.4054651081081644,0.0,0.0,0.4054651081081644,0.0,0.0,0.0,0.0,-1.311701774597168,-0.365694522857666,-0.6624135971069336,-0.7799366315205892
"the roommate complains, the roommates complains",childes,simple_agrmt,roommate,roommates,complains,complains,-1,0,0.8109302162163288,0.8109302162163288,0.4054651081081644,0.4054651081081644,0.0,0.4054651081081644,0.0,0.0,0.4054651081081644,0.0,0.0,0.0,0.0,-0.3803520202636719,-2.3329124450683594,-1.9001779556274414,-1.5378141403198242
"the roommates complain, the roommate complain",childes,simple_agrmt,roommates,roommate,complain,complain,1,0,3.8918202981106265,0.8109302162163288,0.4054651081081644,0.4054651081081644,0.0,1.9459101490553132,0.0,0.0,1.791759469228055,0.0,0.0,0.0,0.0,0.7458839416503906,1.9649410247802734,1.914597511291504,1.541807492574056
"the roommate arrives, the roommates arrives",childes,simple_agrmt,roommate,roommates,arrives,arrives,-1,0,0.8109302162163288,0.8109302162163288,0.4054651081081644,0.4054651081081644,0.0,0.4054651081081644,0.0,0.0,0.4054651081081644,0.0,0.0,0.0,0.0,-0.3872261047363281,-1.5931353569030762,-2.4235787391662598,-1.4679800669352214
"the roommates arrive, the roommate arrive",childes,simple_agrmt,roommates,roommate,arrive,arrive,1,0,5.545177444479562,0.8109302162163288,0.4054651081081644,0.4054651081081644,0.0,2.772588722239781,0.0,0.0,1.9459101490553132,0.0,0.0,0.0,0.0,2.2276735305786133,2.751692771911621,3.6027841567993164,2.8607168197631836
"the roommate disappears, the roommates disappears",childes,simple_agrmt,roommate,roommates,disappears,disappears,-1,0,3.2188758248682006,0.8109302162163288,0.4054651081081644,0.4054651081081644,0.0,1.6094379124341003,0.0,0.0,1.3862943611198906,0.0,0.0,0.0,0.0,1.019608497619629,-0.4976835250854492,0.2335205078125,0.2518151601155599
"the roommates disappear, the roommate disappear",childes,simple_agrmt,roommates,roommate,disappear,disappear,1,0,7.221835825288449,0.8109302162163288,0.4054651081081644,0.4054651081081644,0.0,3.6109179126442243,0.0,0.0,2.6390573296152584,0.0,0.0,0.0,0.0,1.4176101684570312,0.9373016357421875,-0.45943641662597656,0.6318251291910807
"the roommate bows, the roommates bows",childes,simple_agrmt,roommate,roommates,bows,bows,-1,0,6.089044875446846,0.8109302162163288,0.4054651081081644,0.4054651081081644,0.0,3.044522437723423,0.0,0.0,1.0986122886681098,0.0,0.0,0.0,0.0,-0.42395925521850586,0.036837100982666016,3.2744035720825195,0.9624271392822266
"the roommates bow, the roommate bow",childes,simple_agrmt,roommates,roommate,bow,bow,1,0,10.805354763744559,0.8109302162163288,0.4054651081081644,0.4054651081081644,0.0,5.402677381872279,0.0,0.0,4.394449154672439,0.0,0.0,0.0,0.0,-1.5345678329467773,-1.5254783630371094,-4.266961097717285,-2.442335764567057
"the roommate hides, the roommates hides",childes,simple_agrmt,roommate,roommates,hides,hides,-1,0,4.795790545596741,0.8109302162163288,0.4054651081081644,0.4054651081081644,0.0,2.3978952727983707,0.0,0.0,2.1972245773362196,0.0,0.0,0.0,0.0,-1.4167628288269043,0.38353729248046875,-0.24073028564453125,-0.4246519406636556
"the roommates hide, the roommate hide",childes,simple_agrmt,roommates,roommate,hide,hide,1,0,11.880342505440863,0.8109302162163288,0.4054651081081644,0.4054651081081644,0.0,5.940171252720432,0.0,0.0,5.267858159063328,0.0,0.0,0.0,0.0,3.239443778991699,2.3322720527648926,1.1683759689331055,2.246697266896566
"the roommate leaves, the roommates leaves",childes,simple_agrmt,roommate,roommates,leaves,leaves,-1,0,11.346646534342986,0.8109302162163288,0.4054651081081644,0.4054651081081644,0.0,5.673323267171493,0.0,0.0,4.382026634673881,0.0,0.0,0.0,0.0,1.7460126876831055,-0.08703136444091797,2.4392919540405273,1.3660910924275715
"the roommates leave, the roommate leave",childes,simple_agrmt,roommates,roommate,leave,leave,1,0,14.62910566464816,0.8109302162163288,0.4054651081081644,0.4054651081081644,0.0,7.31455283232408,0.0,0.0,6.943122422819428,0.0,0.0,0.0,0.0,1.3261871337890625,1.7616262435913086,3.136777877807617,2.0748637517293296
"the roommate sits, the roommates sits",childes,simple_agrmt,roommate,roommates,sits,sits,-1,0,9.436997742590188,0.8109302162163288,0.4054651081081644,0.4054651081081644,0.0,4.718498871295094,0.0,0.0,4.219507705176107,0.0,0.0,0.0,0.0,1.2778301239013672,1.959320068359375,3.6453123092651367,2.294154167175293
"the roommates sit, the roommate sit",childes,simple_agrmt,roommates,roommate,sit,sit,1,0,16.640896227913117,0.8109302162163288,0.4054651081081644,0.4054651081081644,0.0,8.320448113956559,0.0,0.0,7.906915488678587,0.0,0.0,0.0,0.0,0.8829240798950195,0.6149797439575195,1.399599552154541,0.9658344586690267
"the roommate thinks, the roommates thinks",childes,simple_agrmt,roommate,roommates,thinks,thinks,-1,0,10.073905204827259,0.8109302162163288,0.4054651081081644,0.4054651081081644,0.0,5.0369526024136295,0.0,0.0,4.77912349311153,0.0,0.0,0.0,0.0,1.692373275756836,0.9894189834594727,0.16522216796875,0.9490048090616862
"the roommates think, the roommate think",childes,simple_agrmt,roommates,roommate,think,think,1,0,19.171517117464102,0.8109302162163288,0.4054651081081644,0.4054651081081644,0.0,9.585758558732051,0.0,0.0,9.520908548214665,0.0,0.0,0.0,0.0,2.7559452056884766,1.630457878112793,2.605721950531006,2.3307083447774253
"the roommate goes, the roommates goes",childes,simple_agrmt,roommate,roommates,goes,goes,-1,0,16.39892839522432,0.8109302162163288,0.4054651081081644,0.4054651081081644,0.0,8.19946419761216,0.0,0.0,7.878912912297133,0.0,0.0,0.0,0.0,3.0602855682373047,1.9463567733764648,2.036407947540283,2.3476834297180176
"the roommates go, the roommate go",childes,simple_agrmt,roommates,roommate,go,go,1,0,20.170034258259747,0.8109302162163288,0.4054651081081644,0.4054651081081644,0.0,10.085017129129874,0.0,0.0,9.702777967428895,0.0,0.0,0.0,0.0,2.186809539794922,2.8883562088012695,1.84417724609375,2.306447664896647
"the resident awaits, the residents awaits",childes,simple_agrmt,resident,residents,awaits,awaits,-1,-1,0.8109302162163288,2.0794415416798357,0.6931471805599453,1.3862943611198906,-0.6931471805599453,0.4054651081081644,0.4054651081081644,0.6931471805599453,0.4054651081081644,0.0,0.0,0.0,0.0,-0.41301631927490234,-1.395627498626709,-2.979926109313965,-1.5961899757385254
"the residents await, the resident await",childes,simple_agrmt,residents,resident,await,await,1,1,0.8109302162163288,2.0794415416798357,1.3862943611198906,0.6931471805599453,0.6931471805599453,0.4054651081081644,0.6931471805599453,0.4054651081081644,0.4054651081081644,0.0,0.0,0.0,0.0,0.26956844329833984,1.49658203125,2.3785390853881836,1.3815631866455078
"the resident complains, the residents complains",childes,simple_agrmt,resident,residents,complains,complains,-1,-1,0.8109302162163288,2.0794415416798357,0.6931471805599453,1.3862943611198906,-0.6931471805599453,0.4054651081081644,0.4054651081081644,0.6931471805599453,0.4054651081081644,0.0,0.0,0.0,0.0,-4.805150508880615,-2.711702823638916,-3.017300605773926,-3.511384646097819
"the residents complain, the resident complain",childes,simple_agrmt,residents,resident,complain,complain,1,1,3.8918202981106265,2.0794415416798357,1.3862943611198906,0.6931471805599453,0.6931471805599453,1.9459101490553132,0.6931471805599453,0.4054651081081644,1.791759469228055,0.0,0.0,0.0,0.0,5.434830188751221,3.0472798347473145,3.2006959915161133,3.8942686716715493
"the resident arrives, the residents arrives",childes,simple_agrmt,resident,residents,arrives,arrives,-1,-1,0.8109302162163288,2.0794415416798357,0.6931471805599453,1.3862943611198906,-0.6931471805599453,0.4054651081081644,0.4054651081081644,0.6931471805599453,0.4054651081081644,0.0,0.0,0.0,0.0,-1.550431251525879,-4.1958770751953125,-6.198587417602539,-3.9816319147745767
"the residents arrive, the resident arrive",childes,simple_agrmt,residents,resident,arrive,arrive,1,1,5.545177444479562,2.0794415416798357,1.3862943611198906,0.6931471805599453,0.6931471805599453,2.772588722239781,0.6931471805599453,0.4054651081081644,1.9459101490553132,0.0,0.0,0.0,0.0,2.3789477348327637,3.6525745391845703,4.470149040222168,3.5005571047465005
"the resident disappears, the residents disappears",childes,simple_agrmt,resident,residents,disappears,disappears,-1,-1,3.2188758248682006,2.0794415416798357,0.6931471805599453,1.3862943611198906,-0.6931471805599453,1.6094379124341003,0.4054651081081644,0.6931471805599453,1.3862943611198906,0.0,0.0,0.0,0.0,-1.984694480895996,-1.7542667388916016,-2.201639175415039,-1.9802001317342122
"the residents disappear, the resident disappear",childes,simple_agrmt,residents,resident,disappear,disappear,1,1,7.221835825288449,2.0794415416798357,1.3862943611198906,0.6931471805599453,0.6931471805599453,3.6109179126442243,0.6931471805599453,0.4054651081081644,2.6390573296152584,0.0,0.0,0.0,0.0,0.3891153335571289,3.4916906356811523,1.8819952011108398,1.920933723449707
"the resident bows, the residents bows",childes,simple_agrmt,resident,residents,bows,bows,-1,-1,6.089044875446846,2.0794415416798357,0.6931471805599453,1.3862943611198906,-0.6931471805599453,3.044522437723423,0.4054651081081644,0.6931471805599453,1.0986122886681098,0.0,0.0,0.0,0.0,1.6149168014526367,2.434220314025879,-2.247056007385254,0.6006937026977539
"the residents bow, the resident bow",childes,simple_agrmt,residents,resident,bow,bow,1,1,10.805354763744559,2.0794415416798357,1.3862943611198906,0.6931471805599453,0.6931471805599453,5.402677381872279,0.6931471805599453,0.4054651081081644,4.394449154672439,0.0,0.0,0.0,0.0,-0.9356069564819336,-2.1789445877075195,1.7252578735351562,-0.46309789021809894
"the resident hides, the residents hides",childes,simple_agrmt,resident,residents,hides,hides,-1,-1,4.795790545596741,2.0794415416798357,0.6931471805599453,1.3862943611198906,-0.6931471805599453,2.3978952727983707,0.4054651081081644,0.6931471805599453,2.1972245773362196,0.0,0.0,0.0,0.0,-1.6256999969482422,1.4705963134765625,-3.947126865386963,-1.3674101829528809
"the residents hide, the resident hide",childes,simple_agrmt,residents,resident,hide,hide,1,1,11.880342505440863,2.0794415416798357,1.3862943611198906,0.6931471805599453,0.6931471805599453,5.940171252720432,0.6931471805599453,0.4054651081081644,5.267858159063328,0.0,0.0,0.0,0.0,0.032494544982910156,1.5627374649047852,3.8556461334228516,1.8169593811035156
"the resident leaves, the residents leaves",childes,simple_agrmt,resident,residents,leaves,leaves,-1,-1,11.346646534342986,2.0794415416798357,0.6931471805599453,1.3862943611198906,-0.6931471805599453,5.673323267171493,0.4054651081081644,0.6931471805599453,4.382026634673881,0.0,0.0,0.0,0.0,-0.48285770416259766,-1.175776481628418,0.9089937210083008,-0.24988015492757162
"the residents leave, the resident leave",childes,simple_agrmt,residents,resident,leave,leave,1,1,14.62910566464816,2.0794415416798357,1.3862943611198906,0.6931471805599453,0.6931471805599453,7.31455283232408,0.6931471805599453,0.4054651081081644,6.943122422819428,0.0,0.0,0.0,0.0,1.1581401824951172,2.8131179809570312,3.260051727294922,2.4104366302490234
"the resident sits, the residents sits",childes,simple_agrmt,resident,residents,sits,sits,-1,-1,9.436997742590188,2.0794415416798357,0.6931471805599453,1.3862943611198906,-0.6931471805599453,4.718498871295094,0.4054651081081644,0.6931471805599453,4.219507705176107,0.0,0.0,0.0,0.0,4.037205696105957,0.20433807373046875,-0.09557437896728516,1.3819897969563801
"the residents sit, the resident sit",childes,simple_agrmt,residents,resident,sit,sit,1,1,16.640896227913117,2.0794415416798357,1.3862943611198906,0.6931471805599453,0.6931471805599453,8.320448113956559,0.6931471805599453,0.4054651081081644,7.906915488678587,0.0,0.0,0.0,0.0,1.893296241760254,3.5330734252929688,3.4008312225341797,2.9424002965291343
"the resident thinks, the residents thinks",childes,simple_agrmt,resident,residents,thinks,thinks,-1,-1,10.073905204827259,2.0794415416798357,0.6931471805599453,1.3862943611198906,-0.6931471805599453,5.0369526024136295,0.4054651081081644,0.6931471805599453,4.77912349311153,0.0,0.0,0.0,0.0,-0.7573947906494141,-0.8254575729370117,-2.9554319381713867,-1.5127614339192708
"the residents think, the resident think",childes,simple_agrmt,residents,resident,think,think,1,1,19.171517117464102,2.0794415416798357,1.3862943611198906,0.6931471805599453,0.6931471805599453,9.585758558732051,0.6931471805599453,0.4054651081081644,9.520908548214665,0.0,0.0,0.0,0.0,3.1981544494628906,4.886293411254883,3.4049158096313477,3.8297878901163735
"the resident goes, the residents goes",childes,simple_agrmt,resident,residents,goes,goes,-1,-1,16.39892839522432,2.0794415416798357,0.6931471805599453,1.3862943611198906,-0.6931471805599453,8.19946419761216,0.4054651081081644,0.6931471805599453,7.878912912297133,0.0,0.0,0.0,0.0,2.8350791931152344,2.8081464767456055,0.8342437744140625,2.1591564814249673
"the residents go, the resident go",childes,simple_agrmt,residents,resident,go,go,1,1,20.170034258259747,2.0794415416798357,1.3862943611198906,0.6931471805599453,0.6931471805599453,10.085017129129874,0.6931471805599453,0.4054651081081644,9.702777967428895,0.0,0.0,0.0,0.0,2.8215980529785156,3.974327564239502,2.6538805961608887,3.1499354044596353
"the librarian awaits, the librarians awaits",childes,simple_agrmt,librarian,librarians,awaits,awaits,-1,-1,0.8109302162163288,2.8903717578961645,2.4849066497880004,0.4054651081081644,2.079441541679836,0.4054651081081644,0.6931471805599453,0.0,0.4054651081081644,0.0,0.0,0.0,0.0,-0.9377150535583496,-0.800631046295166,0.4439239501953125,-0.4314740498860677
"the librarians await, the librarian await",childes,simple_agrmt,librarians,librarian,await,await,1,1,0.8109302162163288,2.8903717578961645,0.4054651081081644,2.4849066497880004,-2.079441541679836,0.4054651081081644,0.0,0.6931471805599453,0.4054651081081644,0.0,0.0,0.0,0.0,0.9550652503967285,0.2940559387207031,-0.7021341323852539,0.18232901891072592
"the librarian complains, the librarians complains",childes,simple_agrmt,librarian,librarians,complains,complains,-1,-1,0.8109302162163288,2.8903717578961645,2.4849066497880004,0.4054651081081644,2.079441541679836,0.4054651081081644,0.6931471805599453,0.0,0.4054651081081644,0.0,0.0,0.0,0.0,-0.4990663528442383,-0.43708038330078125,-0.14673614501953125,-0.3609609603881836
"the librarians complain, the librarian complain",childes,simple_agrmt,librarians,librarian,complain,complain,1,1,3.8918202981106265,2.8903717578961645,0.4054651081081644,2.4849066497880004,-2.079441541679836,1.9459101490553132,0.0,0.6931471805599453,1.791759469228055,0.0,0.0,0.0,0.0,0.6087217330932617,0.20560359954833984,-0.1179952621459961,0.23211002349853516
"the librarian arrives, the librarians arrives",childes,simple_agrmt,librarian,librarians,arrives,arrives,-1,-1,0.8109302162163288,2.8903717578961645,2.4849066497880004,0.4054651081081644,2.079441541679836,0.4054651081081644,0.6931471805599453,0.0,0.4054651081081644,0.0,0.0,0.0,0.0,-1.6925668716430664,-3.3211469650268555,-3.3448486328125,-2.786187489827474
"the librarians arrive, the librarian arrive",childes,simple_agrmt,librarians,librarian,arrive,arrive,1,1,5.545177444479562,2.8903717578961645,0.4054651081081644,2.4849066497880004,-2.079441541679836,2.772588722239781,0.0,0.6931471805599453,1.9459101490553132,0.0,0.0,0.0,0.0,2.500269889831543,2.62636661529541,1.4795465469360352,2.2020610173543296
"the librarian disappears, the librarians disappears",childes,simple_agrmt,librarian,librarians,disappears,disappears,-1,-1,3.2188758248682006,2.8903717578961645,2.4849066497880004,0.4054651081081644,2.079441541679836,1.6094379124341003,0.6931471805599453,0.0,1.3862943611198906,0.0,0.0,0.0,0.0,0.7156152725219727,-0.5013761520385742,3.707822799682617,1.3073539733886719
"the librarians disappear, the librarian disappear",childes,simple_agrmt,librarians,librarian,disappear,disappear,1,1,7.221835825288449,2.8903717578961645,0.4054651081081644,2.4849066497880004,-2.079441541679836,3.6109179126442243,0.0,0.6931471805599453,2.6390573296152584,0.0,0.0,0.0,0.0,2.0999717712402344,2.392038345336914,0.9164390563964844,1.802816390991211
"the librarian bows, the librarians bows",childes,simple_agrmt,librarian,librarians,bows,bows,-1,-1,6.089044875446846,2.8903717578961645,2.4849066497880004,0.4054651081081644,2.079441541679836,3.044522437723423,0.6931471805599453,0.0,1.0986122886681098,0.0,0.0,0.0,0.0,1.2556509971618652,1.064579963684082,-0.261505126953125,0.6862419446309408
"the librarians bow, the librarian bow",childes,simple_agrmt,librarians,librarian,bow,bow,1,1,10.805354763744559,2.8903717578961645,0.4054651081081644,2.4849066497880004,-2.079441541679836,5.402677381872279,0.0,0.6931471805599453,4.394449154672439,0.0,0.0,0.0,0.0,-1.0157203674316406,0.32744789123535156,0.4138336181640625,-0.09147961934407552
"the librarian hides, the librarians hides",childes,simple_agrmt,librarian,librarians,hides,hides,-1,-1,4.795790545596741,2.8903717578961645,2.4849066497880004,0.4054651081081644,2.079441541679836,2.3978952727983707,0.6931471805599453,0.0,2.1972245773362196,0.0,0.0,0.0,0.0,1.1754121780395508,0.16504192352294922,1.2323675155639648,0.8576072057088217
"the librarians hide, the librarian hide",childes,simple_agrmt,librarians,librarian,hide,hide,1,1,11.880342505440863,2.8903717578961645,0.4054651081081644,2.4849066497880004,-2.079441541679836,5.940171252720432,0.0,0.6931471805599453,5.267858159063328,0.0,0.0,0.0,0.0,2.0858583450317383,-0.13279438018798828,1.2680492401123047,1.0737044016520183
"the librarian leaves, the librarians leaves",childes,simple_agrmt,librarian,librarians,leaves,leaves,-1,-1,11.346646534342986,2.8903717578961645,2.4849066497880004,0.4054651081081644,2.079441541679836,5.673323267171493,0.6931471805599453,0.0,4.382026634673881,0.0,0.0,0.0,0.0,1.040644645690918,-0.06136608123779297,1.900125503540039,0.9598013559977213
"the librarians leave, the librarian leave",childes,simple_agrmt,librarians,librarian,leave,leave,1,1,14.62910566464816,2.8903717578961645,0.4054651081081644,2.4849066497880004,-2.079441541679836,7.31455283232408,0.0,0.6931471805599453,6.943122422819428,0.0,0.0,0.0,0.0,-0.051174163818359375,0.65887451171875,-0.37462615966796875,0.07769139607747395
"the librarian sits, the librarians sits",childes,simple_agrmt,librarian,librarians,sits,sits,-1,-1,9.436997742590188,2.8903717578961645,2.4849066497880004,0.4054651081081644,2.079441541679836,4.718498871295094,0.6931471805599453,0.0,4.219507705176107,0.0,0.0,0.0,0.0,6.796022891998291,3.4197206497192383,5.71060848236084,5.308784008026123
"the librarians sit, the librarian sit",childes,simple_agrmt,librarians,librarian,sit,sit,1,1,16.640896227913117,2.8903717578961645,0.4054651081081644,2.4849066497880004,-2.079441541679836,8.320448113956559,0.0,0.6931471805599453,7.906915488678587,0.0,0.0,0.0,0.0,0.14938831329345703,-1.2762765884399414,0.6457486152648926,-0.16037988662719727
"the librarian thinks, the librarians thinks",childes,simple_agrmt,librarian,librarians,thinks,thinks,-1,-1,10.073905204827259,2.8903717578961645,2.4849066497880004,0.4054651081081644,2.079441541679836,5.0369526024136295,0.6931471805599453,0.0,4.77912349311153,0.0,0.0,0.0,0.0,3.8799009323120117,3.4995718002319336,1.9855823516845703,3.121685028076172
"the librarians think, the librarian think",childes,simple_agrmt,librarians,librarian,think,think,1,1,19.171517117464102,2.8903717578961645,0.4054651081081644,2.4849066497880004,-2.079441541679836,9.585758558732051,0.0,0.6931471805599453,9.520908548214665,0.0,0.0,0.0,0.0,2.0447521209716797,-0.2240447998046875,2.3113455772399902,1.3773509661356609
"the librarian goes, the librarians goes",childes,simple_agrmt,librarian,librarians,goes,goes,-1,-1,16.39892839522432,2.8903717578961645,2.4849066497880004,0.4054651081081644,2.079441541679836,8.19946419761216,0.6931471805599453,0.0,7.878912912297133,0.0,0.0,0.0,0.0,3.7834949493408203,2.6930675506591797,4.499742031097412,3.6587681770324707
"the librarians go, the librarian go",childes,simple_agrmt,librarians,librarian,go,go,1,1,20.170034258259747,2.8903717578961645,0.4054651081081644,2.4849066497880004,-2.079441541679836,10.085017129129874,0.0,0.6931471805599453,9.702777967428895,0.0,0.0,0.0,0.0,3.0031790733337402,1.9182124137878418,2.3475565910339355,2.422982692718506
"the officer awaits, the officers awaits",childes,simple_agrmt,officer,officers,awaits,awaits,-1,-2,0.8109302162163288,5.313205979041787,3.367295829986474,1.9459101490553132,1.421385680931161,0.4054651081081644,1.9459101490553132,2.302585092994046,0.4054651081081644,0.0,0.0,0.0,0.0,-0.22946834564208984,-0.7137622833251953,-3.8033671379089355,-1.582199255625407
"the officers await, the officer await",childes,simple_agrmt,officers,officer,await,await,1,2,0.8109302162163288,5.313205979041787,1.9459101490553132,3.367295829986474,-1.421385680931161,0.4054651081081644,2.302585092994046,1.9459101490553132,0.4054651081081644,0.0,0.0,0.0,0.0,0.4297027587890625,1.373495101928711,2.3712000846862793,1.3914659818013508
"the officer complains, the officers complains",childes,simple_agrmt,officer,officers,complains,complains,-1,-2,0.8109302162163288,5.313205979041787,3.367295829986474,1.9459101490553132,1.421385680931161,0.4054651081081644,1.9459101490553132,2.302585092994046,0.4054651081081644,0.0,0.0,0.0,0.0,-6.408260345458984,-1.3224163055419922,-1.6413655281066895,-3.124014059702555
"the officers complain, the officer complain",childes,simple_agrmt,officers,officer,complain,complain,1,2,3.8918202981106265,5.313205979041787,1.9459101490553132,3.367295829986474,-1.421385680931161,1.9459101490553132,2.302585092994046,1.9459101490553132,1.791759469228055,0.0,0.0,0.0,0.0,6.629757881164551,3.2015810012817383,1.7138285636901855,3.848389148712158
"the officer arrives, the officers arrives",childes,simple_agrmt,officer,officers,arrives,arrives,-1,-2,0.8109302162163288,5.313205979041787,3.367295829986474,1.9459101490553132,1.421385680931161,0.4054651081081644,1.9459101490553132,2.302585092994046,0.4054651081081644,0.0,0.0,0.0,0.0,0.09558391571044922,-1.1006340980529785,-1.3763847351074219,-0.7938116391499838
"the officers arrive, the officer arrive",childes,simple_agrmt,officers,officer,arrive,arrive,1,2,5.545177444479562,5.313205979041787,1.9459101490553132,3.367295829986474,-1.421385680931161,2.772588722239781,2.302585092994046,1.9459101490553132,1.9459101490553132,0.0,0.0,0.0,0.0,5.977703094482422,4.020811080932617,2.9478673934936523,4.3154605229695635
"the officer disappears, the officers disappears",childes,simple_agrmt,officer,officers,disappears,disappears,-1,-2,3.2188758248682006,5.313205979041787,3.367295829986474,1.9459101490553132,1.421385680931161,1.6094379124341003,1.9459101490553132,2.302585092994046,1.3862943611198906,0.0,0.0,0.0,0.0,-0.8522415161132812,-1.4113264083862305,0.3855762481689453,-0.6259972254435221
"the officers disappear, the officer disappear",childes,simple_agrmt,officers,officer,disappear,disappear,1,2,7.221835825288449,5.313205979041787,1.9459101490553132,3.367295829986474,-1.421385680931161,3.6109179126442243,2.302585092994046,1.9459101490553132,2.6390573296152584,0.0,0.0,0.0,0.0,0.6334323883056641,1.5041875839233398,2.8208532333374023,1.6528244018554688
"the officer bows, the officers bows",childes,simple_agrmt,officer,officers,bows,bows,-1,-2,6.089044875446846,5.313205979041787,3.367295829986474,1.9459101490553132,1.421385680931161,3.044522437723423,1.9459101490553132,2.302585092994046,1.0986122886681098,0.0,0.0,0.0,0.0,-2.0011277198791504,0.6933183670043945,0.7459592819213867,-0.1872833569844564
"the officers bow, the officer bow",childes,simple_agrmt,officers,officer,bow,bow,1,2,10.805354763744559,5.313205979041787,1.9459101490553132,3.367295829986474,-1.421385680931161,5.402677381872279,2.302585092994046,1.9459101490553132,4.394449154672439,0.0,0.0,0.0,0.0,1.109166145324707,-1.2192411422729492,-1.322854995727539,-0.47764333089192706
"the officer hides, the officers hides",childes,simple_agrmt,officer,officers,hides,hides,-1,-2,4.795790545596741,5.313205979041787,3.367295829986474,1.9459101490553132,1.421385680931161,2.3978952727983707,1.9459101490553132,2.302585092994046,2.1972245773362196,0.0,0.0,0.0,0.0,-0.0747995376586914,1.6392850875854492,1.0601911544799805,0.8748922348022461
"the officers hide, the officer hide",childes,simple_agrmt,officers,officer,hide,hide,1,2,11.880342505440863,5.313205979041787,1.9459101490553132,3.367295829986474,-1.421385680931161,5.940171252720432,2.302585092994046,1.9459101490553132,5.267858159063328,0.0,0.0,0.0,0.0,-2.315371513366699,0.6142673492431641,0.05926036834716797,-0.5472812652587891
"the officer leaves, the officers leaves",childes,simple_agrmt,officer,officers,leaves,leaves,-1,-2,11.346646534342986,5.313205979041787,3.367295829986474,1.9459101490553132,1.421385680931161,5.673323267171493,1.9459101490553132,2.302585092994046,4.382026634673881,0.0,0.0,0.0,0.0,-1.1445941925048828,1.416555404663086,0.915593147277832,0.39585145314534503
"the officers leave, the officer leave",childes,simple_agrmt,officers,officer,leave,leave,1,2,14.62910566464816,5.313205979041787,1.9459101490553132,3.367295829986474,-1.421385680931161,7.31455283232408,2.302585092994046,1.9459101490553132,6.943122422819428,0.0,0.0,0.0,0.0,0.8775224685668945,-0.19881820678710938,2.4371633529663086,1.038622538248698
"the officer sits, the officers sits",childes,simple_agrmt,officer,officers,sits,sits,-1,-2,9.436997742590188,5.313205979041787,3.367295829986474,1.9459101490553132,1.421385680931161,4.718498871295094,1.9459101490553132,2.302585092994046,4.219507705176107,0.0,0.0,0.0,0.0,4.31259822845459,3.992222785949707,4.514647483825684,4.27315616607666
"the officers sit, the officer sit",childes,simple_agrmt,officers,officer,sit,sit,1,2,16.640896227913117,5.313205979041787,1.9459101490553132,3.367295829986474,-1.421385680931161,8.320448113956559,2.302585092994046,1.9459101490553132,7.906915488678587,0.0,0.0,0.0,0.0,-0.11808013916015625,0.6687870025634766,1.5977697372436523,0.7161588668823242
"the officer thinks, the officers thinks",childes,simple_agrmt,officer,officers,thinks,thinks,-1,-2,10.073905204827259,5.313205979041787,3.367295829986474,1.9459101490553132,1.421385680931161,5.0369526024136295,1.9459101490553132,2.302585092994046,4.77912349311153,0.0,0.0,0.0,0.0,3.3844451904296875,4.549046993255615,5.858487606048584,4.597326596577962
"the officers think, the officer think",childes,simple_agrmt,officers,officer,think,think,1,2,19.171517117464102,5.313205979041787,1.9459101490553132,3.367295829986474,-1.421385680931161,9.585758558732051,2.302585092994046,1.9459101490553132,9.520908548214665,0.0,0.0,0.0,0.0,-0.7912602424621582,0.038582801818847656,0.8189153671264648,0.022079308827718098
"the officer goes, the officers goes",childes,simple_agrmt,officer,officers,goes,goes,-1,-2,16.39892839522432,5.313205979041787,3.367295829986474,1.9459101490553132,1.421385680931161,8.19946419761216,1.9459101490553132,2.302585092994046,7.878912912297133,0.0,0.0,0.0,0.0,1.709554672241211,2.5285472869873047,2.786677360534668,2.341593106587728
"the officers go, the officer go",childes,simple_agrmt,officers,officer,go,go,1,2,20.170034258259747,5.313205979041787,1.9459101490553132,3.367295829986474,-1.421385680931161,10.085017129129874,2.302585092994046,1.9459101490553132,9.702777967428895,0.0,0.4054651081081644,0.0,0.4054651081081644,1.0770020484924316,3.1606812477111816,4.369748592376709,2.8691439628601074
"the toddler awaits, the toddlers awaits",childes,simple_agrmt,toddler,toddlers,awaits,awaits,-1,-1,0.8109302162163288,6.8416154764775925,4.356708826689592,2.4849066497880004,1.8718021769015913,0.4054651081081644,2.0794415416798357,0.6931471805599453,0.4054651081081644,0.0,0.0,0.0,0.0,-1.334775447845459,-1.1251487731933594,1.953691005706787,-0.1687444051106771
"the toddlers await, the toddler await",childes,simple_agrmt,toddlers,toddler,await,await,1,1,0.8109302162163288,6.8416154764775925,2.4849066497880004,4.356708826689592,-1.8718021769015913,0.4054651081081644,0.6931471805599453,2.0794415416798357,0.4054651081081644,0.0,0.0,0.0,0.0,0.5939559936523438,-0.06949090957641602,-1.9053473472595215,-0.46029408772786456
"the toddler complains, the toddlers complains",childes,simple_agrmt,toddler,toddlers,complains,complains,-1,-1,0.8109302162163288,6.8416154764775925,4.356708826689592,2.4849066497880004,1.8718021769015913,0.4054651081081644,2.0794415416798357,0.6931471805599453,0.4054651081081644,0.0,0.0,0.0,0.0,-2.78511905670166,-1.488053321838379,0.8648052215576172,-1.1361223856608074
"the toddlers complain, the toddler complain",childes,simple_agrmt,toddlers,toddler,complain,complain,1,1,3.8918202981106265,6.8416154764775925,2.4849066497880004,4.356708826689592,-1.8718021769015913,1.9459101490553132,0.6931471805599453,2.0794415416798357,1.791759469228055,0.0,0.0,0.0,0.0,3.1699447631835938,1.6833486557006836,-0.7519369125366211,1.3671188354492188
"the toddler arrives, the toddlers arrives",childes,simple_agrmt,toddler,toddlers,arrives,arrives,-1,-1,0.8109302162163288,6.8416154764775925,4.356708826689592,2.4849066497880004,1.8718021769015913,0.4054651081081644,2.0794415416798357,0.6931471805599453,0.4054651081081644,0.0,0.0,0.0,0.0,1.1913342475891113,-1.2297873497009277,-1.0076088905334473,-0.3486873308817546
"the toddlers arrive, the toddler arrive",childes,simple_agrmt,toddlers,toddler,arrive,arrive,1,1,5.545177444479562,6.8416154764775925,2.4849066497880004,4.356708826689592,-1.8718021769015913,2.772588722239781,0.6931471805599453,2.0794415416798357,1.9459101490553132,0.0,0.0,0.0,0.0,2.6315784454345703,2.6138830184936523,3.359058380126953,2.868173281351725
"the toddler disappears, the toddlers disappears",childes,simple_agrmt,toddler,toddlers,disappears,disappears,-1,-1,3.2188758248682006,6.8416154764775925,4.356708826689592,2.4849066497880004,1.8718021769015913,1.6094379124341003,2.0794415416798357,0.6931471805599453,1.3862943611198906,0.0,0.0,0.0,0.0,-1.9564752578735352,0.5757837295532227,0.9910984039306641,-0.12986437479654947
"the toddlers disappear, the toddler disappear",childes,simple_agrmt,toddlers,toddler,disappear,disappear,1,1,7.221835825288449,6.8416154764775925,2.4849066497880004,4.356708826689592,-1.8718021769015913,3.6109179126442243,0.6931471805599453,2.0794415416798357,2.6390573296152584,0.0,0.0,0.0,0.0,2.24276065826416,1.498152732849121,1.2047348022460938,1.6485493977864583
"the toddler bows, the toddlers bows",childes,simple_agrmt,toddler,toddlers,bows,bows,-1,-1,6.089044875446846,6.8416154764775925,4.356708826689592,2.4849066497880004,1.8718021769015913,3.044522437723423,2.0794415416798357,0.6931471805599453,1.0986122886681098,0.0,0.0,0.0,0.0,-1.992680549621582,-4.434109210968018,-0.3339061737060547,-2.2535653114318848
"the toddlers bow, the toddler bow",childes,simple_agrmt,toddlers,toddler,bow,bow,1,1,10.805354763744559,6.8416154764775925,2.4849066497880004,4.356708826689592,-1.8718021769015913,5.402677381872279,0.6931471805599453,2.0794415416798357,4.394449154672439,0.0,0.0,0.0,0.0,-1.3964929580688477,1.7159690856933594,-0.8775453567504883,-0.18602307637532553
"the toddler hides, the toddlers hides",childes,simple_agrmt,toddler,toddlers,hides,hides,-1,-1,4.795790545596741,6.8416154764775925,4.356708826689592,2.4849066497880004,1.8718021769015913,2.3978952727983707,2.0794415416798357,0.6931471805599453,2.1972245773362196,0.0,0.0,0.0,0.0,-1.5189857482910156,-0.7911758422851562,3.4863967895507812,0.3920783996582031
"the toddlers hide, the toddler hide",childes,simple_agrmt,toddlers,toddler,hide,hide,1,1,11.880342505440863,6.8416154764775925,2.4849066497880004,4.356708826689592,-1.8718021769015913,5.940171252720432,0.6931471805599453,2.0794415416798357,5.267858159063328,0.0,0.0,0.0,0.0,1.7381134033203125,4.56505012512207,2.4482574462890625,2.917140324910482
"the toddler leaves, the toddlers leaves",childes,simple_agrmt,toddler,toddlers,leaves,leaves,-1,-1,11.346646534342986,6.8416154764775925,4.356708826689592,2.4849066497880004,1.8718021769015913,5.673323267171493,2.0794415416798357,0.6931471805599453,4.382026634673881,0.0,0.0,0.0,0.0,-1.713820457458496,0.2443828582763672,2.4222707748413086,0.3176110585530599
"the toddlers leave, the toddler leave",childes,simple_agrmt,toddlers,toddler,leave,leave,1,1,14.62910566464816,6.8416154764775925,2.4849066497880004,4.356708826689592,-1.8718021769015913,7.31455283232408,0.6931471805599453,2.0794415416798357,6.943122422819428,0.0,0.0,0.0,0.0,1.6041145324707031,1.4138946533203125,2.2790679931640625,1.7656923929850261
"the toddler sits, the toddlers sits",childes,simple_agrmt,toddler,toddlers,sits,sits,-1,-1,9.436997742590188,6.8416154764775925,4.356708826689592,2.4849066497880004,1.8718021769015913,4.718498871295094,2.0794415416798357,0.6931471805599453,4.219507705176107,0.0,0.0,0.0,0.0,2.023261070251465,0.8516016006469727,0.8434667587280273,1.2394431432088215
"the toddlers sit, the toddler sit",childes,simple_agrmt,toddlers,toddler,sit,sit,1,1,16.640896227913117,6.8416154764775925,2.4849066497880004,4.356708826689592,-1.8718021769015913,8.320448113956559,0.6931471805599453,2.0794415416798357,7.906915488678587,0.0,0.0,0.0,0.0,2.4582691192626953,3.3229875564575195,3.4846296310424805,3.0886287689208984
"the toddler thinks, the toddlers thinks",childes,simple_agrmt,toddler,toddlers,thinks,thinks,-1,-1,10.073905204827259,6.8416154764775925,4.356708826689592,2.4849066497880004,1.8718021769015913,5.0369526024136295,2.0794415416798357,0.6931471805599453,4.77912349311153,0.0,0.0,0.0,0.0,2.9772300720214844,1.2090625762939453,1.394862174987793,1.8603849411010742
"the toddlers think, the toddler think",childes,simple_agrmt,toddlers,toddler,think,think,1,1,19.171517117464102,6.8416154764775925,2.4849066497880004,4.356708826689592,-1.8718021769015913,9.585758558732051,0.6931471805599453,2.0794415416798357,9.520908548214665,0.0,0.0,0.0,0.0,0.9205474853515625,1.2844419479370117,1.2140226364135742,1.139670689900716
"the toddler goes, the toddlers goes",childes,simple_agrmt,toddler,toddlers,goes,goes,-1,-1,16.39892839522432,6.8416154764775925,4.356708826689592,2.4849066497880004,1.8718021769015913,8.19946419761216,2.0794415416798357,0.6931471805599453,7.878912912297133,0.0,0.0,0.0,0.0,2.9463953971862793,0.5765166282653809,-0.5054192543029785,1.0058309237162273
"the toddlers go, the toddler go",childes,simple_agrmt,toddlers,toddler,go,go,1,1,20.170034258259747,6.8416154764775925,2.4849066497880004,4.356708826689592,-1.8718021769015913,10.085017129129874,0.6931471805599453,2.0794415416798357,9.702777967428895,0.0,0.0,0.0,0.0,3.419618606567383,4.070464611053467,4.197422027587891,3.8958350817362466
"the farmer awaits, the farmers awaits",childes,simple_agrmt,farmer,farmers,awaits,awaits,-1,-1,0.8109302162163288,8.856518497019858,5.455321115357702,3.4011973816621555,2.0541237336955462,0.4054651081081644,4.30406509320417,3.2188758248682006,0.4054651081081644,0.0,0.0,0.0,0.0,1.0941686630249023,0.7426257133483887,-1.7018070220947266,0.044995784759521484
"the farmers await, the farmer await",childes,simple_agrmt,farmers,farmer,await,await,1,1,0.8109302162163288,8.856518497019858,3.4011973816621555,5.455321115357702,-2.0541237336955462,0.4054651081081644,3.2188758248682006,4.30406509320417,0.4054651081081644,0.0,0.0,0.0,0.0,0.024410247802734375,-0.2772793769836426,1.0346136093139648,0.26058149337768555
"the farmer complains, the farmers complains",childes,simple_agrmt,farmer,farmers,complains,complains,-1,-1,0.8109302162163288,8.856518497019858,5.455321115357702,3.4011973816621555,2.0541237336955462,0.4054651081081644,4.30406509320417,3.2188758248682006,0.4054651081081644,0.0,0.0,0.0,0.0,-2.635892868041992,-0.9566287994384766,-0.17542266845703125,-1.2559814453125
"the farmers complain, the farmer complain",childes,simple_agrmt,farmers,farmer,complain,complain,1,1,3.8918202981106265,8.856518497019858,3.4011973816621555,5.455321115357702,-2.0541237336955462,1.9459101490553132,3.2188758248682006,4.30406509320417,1.791759469228055,0.0,0.0,0.0,0.0,3.4546890258789062,3.2635087966918945,0.5362567901611328,2.418151537577311
"the farmer arrives, the farmers arrives",childes,simple_agrmt,farmer,farmers,arrives,arrives,-1,-1,0.8109302162163288,8.856518497019858,5.455321115357702,3.4011973816621555,2.0541237336955462,0.4054651081081644,4.30406509320417,3.2188758248682006,0.4054651081081644,0.0,0.0,0.0,0.0,-0.8323736190795898,0.6188764572143555,-2.585763454437256,-0.9330868721008301
"the farmers arrive, the farmer arrive",childes,simple_agrmt,farmers,farmer,arrive,arrive,1,1,5.545177444479562,8.856518497019858,3.4011973816621555,5.455321115357702,-2.0541237336955462,2.772588722239781,3.2188758248682006,4.30406509320417,1.9459101490553132,0.0,0.0,0.0,0.0,3.421525001525879,3.870358467102051,3.2335891723632812,3.508490880330404
"the farmer disappears, the farmers disappears",childes,simple_agrmt,farmer,farmers,disappears,disappears,-1,-1,3.2188758248682006,8.856518497019858,5.455321115357702,3.4011973816621555,2.0541237336955462,1.6094379124341003,4.30406509320417,3.2188758248682006,1.3862943611198906,0.0,0.0,0.0,0.0,0.9459266662597656,-0.4383516311645508,1.5979728698730469,0.7018493016560873
"the farmers disappear, the farmer disappear",childes,simple_agrmt,farmers,farmer,disappear,disappear,1,1,7.221835825288449,8.856518497019858,3.4011973816621555,5.455321115357702,-2.0541237336955462,3.6109179126442243,3.2188758248682006,4.30406509320417,2.6390573296152584,0.0,0.0,0.0,0.0,-0.7950248718261719,1.6819820404052734,1.3073196411132812,0.7314256032307943
"the farmer bows, the farmers bows",childes,simple_agrmt,farmer,farmers,bows,bows,-1,-1,6.089044875446846,8.856518497019858,5.455321115357702,3.4011973816621555,2.0541237336955462,3.044522437723423,4.30406509320417,3.2188758248682006,1.0986122886681098,0.0,0.0,0.0,0.0,1.2295646667480469,2.2928991317749023,1.3837218284606934,1.6353952089945476
"the farmers bow, the farmer bow",childes,simple_agrmt,farmers,farmer,bow,bow,1,1,10.805354763744559,8.856518497019858,3.4011973816621555,5.455321115357702,-2.0541237336955462,5.402677381872279,3.2188758248682006,4.30406509320417,4.394449154672439,0.0,0.0,0.0,0.0,-1.496088981628418,-2.177631378173828,-1.4952831268310547,-1.7230011622111003
"the farmer hides, the farmers hides",childes,simple_agrmt,farmer,farmers,hides,hides,-1,-1,4.795790545596741,8.856518497019858,5.455321115357702,3.4011973816621555,2.0541237336955462,2.3978952727983707,4.30406509320417,3.2188758248682006,2.1972245773362196,0.0,0.0,0.0,0.0,1.217000961303711,1.4184808731079102,1.5404767990112305,1.3919862111409504
"the farmers hide, the farmer hide",childes,simple_agrmt,farmers,farmer,hide,hide,1,1,11.880342505440863,8.856518497019858,3.4011973816621555,5.455321115357702,-2.0541237336955462,5.940171252720432,3.2188758248682006,4.30406509320417,5.267858159063328,0.0,0.0,0.0,0.0,0.048897743225097656,3.7019309997558594,2.8516993522644043,2.2008426984151206
"the farmer leaves, the farmers leaves",childes,simple_agrmt,farmer,farmers,leaves,leaves,-1,-1,11.346646534342986,8.856518497019858,5.455321115357702,3.4011973816621555,2.0541237336955462,5.673323267171493,4.30406509320417,3.2188758248682006,4.382026634673881,0.0,0.0,0.0,0.0,2.484713554382324,0.2990703582763672,5.467978477478027,2.7505874633789062
"the farmers leave, the farmer leave",childes,simple_agrmt,farmers,farmer,leave,leave,1,1,14.62910566464816,8.856518497019858,3.4011973816621555,5.455321115357702,-2.0541237336955462,7.31455283232408,3.2188758248682006,4.30406509320417,6.943122422819428,0.0,0.0,0.0,0.0,1.6626720428466797,2.1774673461914062,1.4198036193847656,1.7533143361409504
"the farmer sits, the farmers sits",childes,simple_agrmt,farmer,farmers,sits,sits,-1,-1,9.436997742590188,8.856518497019858,5.455321115357702,3.4011973816621555,2.0541237336955462,4.718498871295094,4.30406509320417,3.2188758248682006,4.219507705176107,0.0,0.0,0.0,0.0,4.635897636413574,5.112756729125977,6.2121052742004395,5.320253213246663
"the farmers sit, the farmer sit",childes,simple_agrmt,farmers,farmer,sit,sit,1,1,16.640896227913117,8.856518497019858,3.4011973816621555,5.455321115357702,-2.0541237336955462,8.320448113956559,3.2188758248682006,4.30406509320417,7.906915488678587,0.0,0.4054651081081644,0.0,0.4054651081081644,1.4045648574829102,1.546370506286621,3.3816733360290527,2.110869566599528
"the farmer thinks, the farmers thinks",childes,simple_agrmt,farmer,farmers,thinks,thinks,-1,-1,10.073905204827259,8.856518497019858,5.455321115357702,3.4011973816621555,2.0541237336955462,5.0369526024136295,4.30406509320417,3.2188758248682006,4.77912349311153,0.4054651081081644,0.0,0.0,0.0,5.251528739929199,5.124499320983887,6.879148006439209,5.751725355784099
"the farmers think, the farmer think",childes,simple_agrmt,farmers,farmer,think,think,1,1,19.171517117464102,8.856518497019858,3.4011973816621555,5.455321115357702,-2.0541237336955462,9.585758558732051,3.2188758248682006,4.30406509320417,9.520908548214665,0.0,0.0,0.0,0.0,1.711136817932129,1.1914873123168945,3.8121142387390137,2.238246122996012
"the farmer goes, the farmers goes",childes,simple_agrmt,farmer,farmers,goes,goes,-1,-1,16.39892839522432,8.856518497019858,5.455321115357702,3.4011973816621555,2.0541237336955462,8.19946419761216,4.30406509320417,3.2188758248682006,7.878912912297133,0.0,0.0,0.0,0.0,4.069187641143799,5.378507614135742,6.483705043792725,5.310466766357422
"the farmers go, the farmer go",childes,simple_agrmt,farmers,farmer,go,go,1,1,20.170034258259747,8.856518497019858,3.4011973816621555,5.455321115357702,-2.0541237336955462,10.085017129129874,3.2188758248682006,4.30406509320417,9.702777967428895,0.4054651081081644,0.0,0.0,0.0,4.1767354011535645,3.84916353225708,5.09396505355835,4.373287995656331
"the policeman awaits, the policemen awaits",childes,simple_agrmt,policeman,policemen,awaits,awaits,0,-1,0.8109302162163288,8.216088098632316,5.91350300563827,2.302585092994046,3.610917912644224,0.4054651081081644,5.303304908059076,1.0986122886681098,0.4054651081081644,0.0,0.0,0.0,0.0,1.555570125579834,4.59603214263916,-0.3528776168823242,1.9329082171122234
"the policemen await, the policeman await",childes,simple_agrmt,policemen,policeman,await,await,0,1,0.8109302162163288,8.216088098632316,2.302585092994046,5.91350300563827,-3.610917912644224,0.4054651081081644,1.0986122886681098,5.303304908059076,0.4054651081081644,0.0,0.0,0.0,0.0,-0.3316354751586914,-2.4188308715820312,-0.22880077362060547,-0.9930890401204427
"the policeman complains, the policemen complains",childes,simple_agrmt,policeman,policemen,complains,complains,0,-1,0.8109302162163288,8.216088098632316,5.91350300563827,2.302585092994046,3.610917912644224,0.4054651081081644,5.303304908059076,1.0986122886681098,0.4054651081081644,0.0,0.0,0.0,0.0,-0.512939453125,1.5316877365112305,-0.6467065811157227,0.12401390075683594
"the policemen complain, the policeman complain",childes,simple_agrmt,policemen,policeman,complain,complain,0,1,3.8918202981106265,8.216088098632316,2.302585092994046,5.91350300563827,-3.610917912644224,1.9459101490553132,1.0986122886681098,5.303304908059076,1.791759469228055,0.0,0.0,0.0,0.0,0.33853721618652344,-0.5879669189453125,0.9441766738891602,0.2315823237101237
"the policeman arrives, the policemen arrives",childes,simple_agrmt,policeman,policemen,arrives,arrives,0,-1,0.8109302162163288,8.216088098632316,5.91350300563827,2.302585092994046,3.610917912644224,0.4054651081081644,5.303304908059076,1.0986122886681098,0.4054651081081644,0.0,0.0,0.0,0.0,-2.7168493270874023,-0.3360748291015625,-0.7216477394104004,-1.258190631866455
"the policemen arrive, the policeman arrive",childes,simple_agrmt,policemen,policeman,arrive,arrive,0,1,5.545177444479562,8.216088098632316,2.302585092994046,5.91350300563827,-3.610917912644224,2.772588722239781,1.0986122886681098,5.303304908059076,1.9459101490553132,0.0,0.0,0.0,0.0,3.652318000793457,2.0202178955078125,3.5428504943847656,3.0717954635620117
"the policeman disappears, the policemen disappears",childes,simple_agrmt,policeman,policemen,disappears,disappears,0,-1,3.2188758248682006,8.216088098632316,5.91350300563827,2.302585092994046,3.610917912644224,1.6094379124341003,5.303304908059076,1.0986122886681098,1.3862943611198906,0.0,0.0,0.0,0.0,2.1545534133911133,4.179130554199219,1.2375755310058594,2.5237531661987305
"the policemen disappear, the policeman disappear",childes,simple_agrmt,policemen,policeman,disappear,disappear,0,1,7.221835825288449,8.216088098632316,2.302585092994046,5.91350300563827,-3.610917912644224,3.6109179126442243,1.0986122886681098,5.303304908059076,2.6390573296152584,0.0,0.0,0.0,0.0,-1.1478776931762695,0.31881237030029297,-0.8497905731201172,-0.5596186319986979
"the policeman bows, the policemen bows",childes,simple_agrmt,policeman,policemen,bows,bows,0,-1,6.089044875446846,8.216088098632316,5.91350300563827,2.302585092994046,3.610917912644224,3.044522437723423,5.303304908059076,1.0986122886681098,1.0986122886681098,0.0,0.0,0.0,0.0,0.5505132675170898,4.176863670349121,1.1139678955078125,1.9471149444580078
"the policemen bow, the policeman bow",childes,simple_agrmt,policemen,policeman,bow,bow,0,1,10.805354763744559,8.216088098632316,2.302585092994046,5.91350300563827,-3.610917912644224,5.402677381872279,1.0986122886681098,5.303304908059076,4.394449154672439,0.0,0.0,0.0,0.0,-0.9993553161621094,-3.5127668380737305,-2.1695404052734375,-2.2272208531697593
"the policeman hides, the policemen hides",childes,simple_agrmt,policeman,policemen,hides,hides,0,-1,4.795790545596741,8.216088098632316,5.91350300563827,2.302585092994046,3.610917912644224,2.3978952727983707,5.303304908059076,1.0986122886681098,2.1972245773362196,0.0,0.0,0.0,0.0,1.0617361068725586,1.9316997528076172,2.7909793853759766,1.9281384150187175
"the policemen hide, the policeman hide",childes,simple_agrmt,policemen,policeman,hide,hide,0,1,11.880342505440863,8.216088098632316,2.302585092994046,5.91350300563827,-3.610917912644224,5.940171252720432,1.0986122886681098,5.303304908059076,5.267858159063328,0.0,0.0,0.0,0.0,1.7824907302856445,-0.7854652404785156,0.007040977478027344,0.33468882242838544
"the policeman leaves, the policemen leaves",childes,simple_agrmt,policeman,policemen,leaves,leaves,0,-1,11.346646534342986,8.216088098632316,5.91350300563827,2.302585092994046,3.610917912644224,5.673323267171493,5.303304908059076,1.0986122886681098,4.382026634673881,0.0,0.0,0.0,0.0,2.458621025085449,3.8710527420043945,3.6351213455200195,3.3215983708699546
"the policemen leave, the policeman leave",childes,simple_agrmt,policemen,policeman,leave,leave,0,1,14.62910566464816,8.216088098632316,2.302585092994046,5.91350300563827,-3.610917912644224,7.31455283232408,1.0986122886681098,5.303304908059076,6.943122422819428,0.0,0.0,0.0,0.0,3.476128578186035,2.009383201599121,1.8011221885681152,2.4288779894510903
"the policeman sits, the policemen sits",childes,simple_agrmt,policeman,policemen,sits,sits,0,-1,9.436997742590188,8.216088098632316,5.91350300563827,2.302585092994046,3.610917912644224,4.718498871295094,5.303304908059076,1.0986122886681098,4.219507705176107,0.0,0.0,0.0,0.0,2.633467197418213,2.604081153869629,2.932577610015869,2.7233753204345703
"the policemen sit, the policeman sit",childes,simple_agrmt,policemen,policeman,sit,sit,0,1,16.640896227913117,8.216088098632316,2.302585092994046,5.91350300563827,-3.610917912644224,8.320448113956559,1.0986122886681098,5.303304908059076,7.906915488678587,0.0,0.0,0.0,0.0,1.7218589782714844,1.238276481628418,3.060385227203369,2.006840229034424
"the policeman thinks, the policemen thinks",childes,simple_agrmt,policeman,policemen,thinks,thinks,0,-1,10.073905204827259,8.216088098632316,5.91350300563827,2.302585092994046,3.610917912644224,5.0369526024136295,5.303304908059076,1.0986122886681098,4.77912349311153,0.0,0.0,0.0,0.0,2.2757568359375,2.0458016395568848,2.7441630363464355,2.35524050394694
"the policemen think, the policeman think",childes,simple_agrmt,policemen,policeman,think,think,0,1,19.171517117464102,8.216088098632316,2.302585092994046,5.91350300563827,-3.610917912644224,9.585758558732051,1.0986122886681098,5.303304908059076,9.520908548214665,0.0,0.0,0.0,0.0,1.8002052307128906,1.9515266418457031,3.083991050720215,2.278574307759603
"the policeman goes, the policemen goes",childes,simple_agrmt,policeman,policemen,goes,goes,0,-1,16.39892839522432,8.216088098632316,5.91350300563827,2.302585092994046,3.610917912644224,8.19946419761216,5.303304908059076,1.0986122886681098,7.878912912297133,1.3862943611198906,0.0,1.3862943611198906,0.0,1.9237985610961914,1.2294888496398926,3.1808691024780273,2.1113855044047036
"the policemen go, the policeman go",childes,simple_agrmt,policemen,policeman,go,go,0,1,20.170034258259747,8.216088098632316,2.302585092994046,5.91350300563827,-3.610917912644224,10.085017129129874,1.0986122886681098,5.303304908059076,9.702777967428895,0.0,0.0,0.0,0.0,3.47343111038208,3.3518905639648438,3.735751152038574,3.520357608795166
"the doctor awaits, the doctors awaits",childes,simple_agrmt,doctor,doctors,awaits,awaits,-1,0,0.8109302162163288,10.242100353656452,6.413458957167357,3.828641396489095,2.584817560678262,0.4054651081081644,4.762173934797756,2.9444389791664403,0.4054651081081644,0.0,0.0,0.0,0.0,0.8458476066589355,1.9126653671264648,-1.2039127349853516,0.5182000796000162
"the doctors await, the doctor await",childes,simple_agrmt,doctors,doctor,await,await,1,0,0.8109302162163288,10.242100353656452,3.828641396489095,6.413458957167357,-2.584817560678262,0.4054651081081644,2.9444389791664403,4.762173934797756,0.4054651081081644,0.0,0.0,0.0,0.0,0.36214447021484375,-0.8184309005737305,0.7811164855957031,0.1082766850789388
"the doctor complains, the doctors complains",childes,simple_agrmt,doctor,doctors,complains,complains,-1,0,0.8109302162163288,10.242100353656452,6.413458957167357,3.828641396489095,2.584817560678262,0.4054651081081644,4.762173934797756,2.9444389791664403,0.4054651081081644,0.0,0.0,0.0,0.0,2.087230682373047,-0.9042806625366211,-2.1190223693847656,-0.3120241165161133
"the doctors complain, the doctor complain",childes,simple_agrmt,doctors,doctor,complain,complain,1,0,3.8918202981106265,10.242100353656452,3.828641396489095,6.413458957167357,-2.584817560678262,1.9459101490553132,2.9444389791664403,4.762173934797756,1.791759469228055,0.0,0.0,0.0,0.0,-1.687342643737793,2.187493324279785,2.5262317657470703,1.0087941487630208
"the doctor arrives, the doctors arrives",childes,simple_agrmt,doctor,doctors,arrives,arrives,-1,0,0.8109302162163288,10.242100353656452,6.413458957167357,3.828641396489095,2.584817560678262,0.4054651081081644,4.762173934797756,2.9444389791664403,0.4054651081081644,0.0,0.0,0.0,0.0,-1.8126497268676758,-0.27269935607910156,-3.092467784881592,-1.7259389559427898
"the doctors arrive, the doctor arrive",childes,simple_agrmt,doctors,doctor,arrive,arrive,1,0,5.545177444479562,10.242100353656452,3.828641396489095,6.413458957167357,-2.584817560678262,2.772588722239781,2.9444389791664403,4.762173934797756,1.9459101490553132,0.0,0.0,0.0,0.0,1.656559944152832,0.3574848175048828,1.459197998046875,1.1577475865681965
"the doctor disappears, the doctors disappears",childes,simple_agrmt,doctor,doctors,disappears,disappears,-1,0,3.2188758248682006,10.242100353656452,6.413458957167357,3.828641396489095,2.584817560678262,1.6094379124341003,4.762173934797756,2.9444389791664403,1.3862943611198906,0.0,0.0,0.0,0.0,0.4246377944946289,-1.9697456359863281,-0.27716922760009766,-0.6074256896972656
"the doctors disappear, the doctor disappear",childes,simple_agrmt,doctors,doctor,disappear,disappear,1,0,7.221835825288449,10.242100353656452,3.828641396489095,6.413458957167357,-2.584817560678262,3.6109179126442243,2.9444389791664403,4.762173934797756,2.6390573296152584,0.0,0.0,0.0,0.0,-0.09828662872314453,1.1628332138061523,1.8978595733642578,0.9874687194824219
"the doctor bows, the doctors bows",childes,simple_agrmt,doctor,doctors,bows,bows,-1,0,6.089044875446846,10.242100353656452,6.413458957167357,3.828641396489095,2.584817560678262,3.044522437723423,4.762173934797756,2.9444389791664403,1.0986122886681098,0.0,0.0,0.0,0.0,1.2250089645385742,-1.4093856811523438,-1.3425283432006836,-0.5089683532714844
"the doctors bow, the doctor bow",childes,simple_agrmt,doctors,doctor,bow,bow,1,0,10.805354763744559,10.242100353656452,3.828641396489095,6.413458957167357,-2.584817560678262,5.402677381872279,2.9444389791664403,4.762173934797756,4.394449154672439,0.0,0.0,0.0,0.0,-0.7494802474975586,0.8004484176635742,1.6758127212524414,0.575593630472819
"the doctor hides, the doctors hides",childes,simple_agrmt,doctor,doctors,hides,hides,-1,0,4.795790545596741,10.242100353656452,6.413458957167357,3.828641396489095,2.584817560678262,2.3978952727983707,4.762173934797756,2.9444389791664403,2.1972245773362196,0.0,0.0,0.0,0.0,3.910797119140625,2.285797119140625,1.5571842193603516,2.584592819213867
"the doctors hide, the doctor hide",childes,simple_agrmt,doctors,doctor,hide,hide,1,0,11.880342505440863,10.242100353656452,3.828641396489095,6.413458957167357,-2.584817560678262,5.940171252720432,2.9444389791664403,4.762173934797756,5.267858159063328,0.0,0.0,0.0,0.0,3.040224075317383,4.4371538162231445,4.601648330688477,4.026342074076335
"the doctor leaves, the doctors leaves",childes,simple_agrmt,doctor,doctors,leaves,leaves,-1,0,11.346646534342986,10.242100353656452,6.413458957167357,3.828641396489095,2.584817560678262,5.673323267171493,4.762173934797756,2.9444389791664403,4.382026634673881,0.0,0.0,0.0,0.0,3.836258888244629,2.3056631088256836,4.233386993408203,3.4584363301595054
"the doctors leave, the doctor leave",childes,simple_agrmt,doctors,doctor,leave,leave,1,0,14.62910566464816,10.242100353656452,3.828641396489095,6.413458957167357,-2.584817560678262,7.31455283232408,2.9444389791664403,4.762173934797756,6.943122422819428,0.0,0.0,0.0,0.0,1.2866992950439453,2.5816431045532227,0.8448848724365234,1.5710757573445637
"the doctor sits, the doctors sits",childes,simple_agrmt,doctor,doctors,sits,sits,-1,0,9.436997742590188,10.242100353656452,6.413458957167357,3.828641396489095,2.584817560678262,4.718498871295094,4.762173934797756,2.9444389791664403,4.219507705176107,0.0,0.0,0.0,0.0,5.881941795349121,6.572035789489746,5.897976875305176,6.117318153381348
"the doctors sit, the doctor sit",childes,simple_agrmt,doctors,doctor,sit,sit,1,0,16.640896227913117,10.242100353656452,3.828641396489095,6.413458957167357,-2.584817560678262,8.320448113956559,2.9444389791664403,4.762173934797756,7.906915488678587,0.0,0.0,0.0,0.0,0.35722827911376953,0.08728313446044922,2.40590763092041,0.9501396814982096
"the doctor thinks, the doctors thinks",childes,simple_agrmt,doctor,doctors,thinks,thinks,-1,0,10.073905204827259,10.242100353656452,6.413458957167357,3.828641396489095,2.584817560678262,5.0369526024136295,4.762173934797756,2.9444389791664403,4.77912349311153,0.0,0.0,0.0,0.0,3.353841781616211,1.874288558959961,2.5087523460388184,2.57896089553833
"the doctors think, the doctor think",childes,simple_agrmt,doctors,doctor,think,think,1,0,19.171517117464102,10.242100353656452,3.828641396489095,6.413458957167357,-2.584817560678262,9.585758558732051,2.9444389791664403,4.762173934797756,9.520908548214665,0.0,0.0,0.0,0.0,3.2998037338256836,2.1376562118530273,3.9234681129455566,3.120309352874756
"the doctor goes, the doctors goes",childes,simple_agrmt,doctor,doctors,goes,goes,-1,0,16.39892839522432,10.242100353656452,6.413458957167357,3.828641396489095,2.584817560678262,8.19946419761216,4.762173934797756,2.9444389791664403,7.878912912297133,0.0,0.0,0.0,0.0,5.338713645935059,2.8491897583007812,4.043243885040283,4.077049096425374
"the doctors go, the doctor go",childes,simple_agrmt,doctors,doctor,go,go,1,0,20.170034258259747,10.242100353656452,3.828641396489095,6.413458957167357,-2.584817560678262,10.085017129129874,2.9444389791664403,4.762173934797756,9.702777967428895,0.0,0.0,0.0,0.0,2.621593952178955,3.42258882522583,4.4483723640441895,3.4975183804829917
"the man awaits, the men awaits",childes,simple_agrmt,man,men,awaits,awaits,0,0,0.8109302162163288,12.9539068552398,7.569411792450712,5.384495062789089,2.184916729661623,0.4054651081081644,6.450470422144176,4.477336814478207,0.4054651081081644,0.0,0.0,0.0,0.0,0.9499030113220215,-0.07214021682739258,-2.2411913871765137,-0.45447619756062824
"the men await, the man await",childes,simple_agrmt,men,man,await,await,0,0,0.8109302162163288,12.9539068552398,5.384495062789089,7.569411792450712,-2.184916729661623,0.4054651081081644,4.477336814478207,6.450470422144176,0.4054651081081644,0.0,0.0,0.0,0.0,-0.22278118133544922,-0.9603996276855469,0.425872802734375,-0.25243600209554035
"the man complains, the men complains",childes,simple_agrmt,man,men,complains,complains,0,0,0.8109302162163288,12.9539068552398,7.569411792450712,5.384495062789089,2.184916729661623,0.4054651081081644,6.450470422144176,4.477336814478207,0.4054651081081644,0.0,0.0,0.0,0.0,0.41452598571777344,-2.631732940673828,-1.9055910110473633,-1.374265988667806
"the men complain, the man complain",childes,simple_agrmt,men,man,complain,complain,0,0,3.8918202981106265,12.9539068552398,5.384495062789089,7.569411792450712,-2.184916729661623,1.9459101490553132,4.477336814478207,6.450470422144176,1.791759469228055,0.0,0.0,0.0,0.0,0.5060892105102539,3.5116167068481445,2.2431774139404297,2.086961110432943
"the man arrives, the men arrives",childes,simple_agrmt,man,men,arrives,arrives,0,0,0.8109302162163288,12.9539068552398,7.569411792450712,5.384495062789089,2.184916729661623,0.4054651081081644,6.450470422144176,4.477336814478207,0.4054651081081644,0.0,0.0,0.0,0.0,-3.483473777770996,-1.4870386123657227,-2.5140628814697266,-2.494858423868815
"the men arrive, the man arrive",childes,simple_agrmt,men,man,arrive,arrive,0,0,5.545177444479562,12.9539068552398,5.384495062789089,7.569411792450712,-2.184916729661623,2.772588722239781,4.477336814478207,6.450470422144176,1.9459101490553132,0.0,0.0,0.0,0.0,3.347993850708008,-0.7196006774902344,3.428670883178711,2.0190213521321616
"the man disappears, the men disappears",childes,simple_agrmt,man,men,disappears,disappears,0,0,3.2188758248682006,12.9539068552398,7.569411792450712,5.384495062789089,2.184916729661623,1.6094379124341003,6.450470422144176,4.477336814478207,1.3862943611198906,0.0,0.0,0.0,0.0,2.057032585144043,-0.11046314239501953,0.4682769775390625,0.8049488067626953
"the men disappear, the man disappear",childes,simple_agrmt,men,man,disappear,disappear,0,0,7.221835825288449,12.9539068552398,5.384495062789089,7.569411792450712,-2.184916729661623,3.6109179126442243,4.477336814478207,6.450470422144176,2.6390573296152584,0.0,0.0,0.0,0.0,-0.1456775665283203,-0.1320943832397461,2.0976476669311523,0.6066252390543619
"the man bows, the men bows",childes,simple_agrmt,man,men,bows,bows,0,0,6.089044875446846,12.9539068552398,7.569411792450712,5.384495062789089,2.184916729661623,3.044522437723423,6.450470422144176,4.477336814478207,1.0986122886681098,0.4054651081081644,0.0,0.4054651081081644,0.0,-1.4644136428833008,0.4759387969970703,-0.29728221893310547,-0.428585688273112
"the men bow, the man bow",childes,simple_agrmt,men,man,bow,bow,0,0,10.805354763744559,12.9539068552398,5.384495062789089,7.569411792450712,-2.184916729661623,5.402677381872279,4.477336814478207,6.450470422144176,4.394449154672439,0.0,0.0,0.0,0.0,1.236100196838379,0.29242706298828125,0.4932727813720703,0.6739333470662435
"the man hides, the men hides",childes,simple_agrmt,man,men,hides,hides,0,0,4.795790545596741,12.9539068552398,7.569411792450712,5.384495062789089,2.184916729661623,2.3978952727983707,6.450470422144176,4.477336814478207,2.1972245773362196,0.0,0.0,0.0,0.0,2.0221986770629883,1.72359037399292,-0.21434307098388672,1.177148660024007
"the men hide, the man hide",childes,simple_agrmt,men,man,hide,hide,0,0,11.880342505440863,12.9539068552398,5.384495062789089,7.569411792450712,-2.184916729661623,5.940171252720432,4.477336814478207,6.450470422144176,5.267858159063328,0.0,0.0,0.0,0.0,1.1326313018798828,0.9502010345458984,3.616792678833008,1.899875005086263
"the man leaves, the men leaves",childes,simple_agrmt,man,men,leaves,leaves,0,0,11.346646534342986,12.9539068552398,7.569411792450712,5.384495062789089,2.184916729661623,5.673323267171493,6.450470422144176,4.477336814478207,4.382026634673881,0.0,0.0,0.0,0.0,1.305044174194336,1.7165517807006836,0.7236995697021484,1.2484318415323894
"the men leave, the man leave",childes,simple_agrmt,men,man,leave,leave,0,0,14.62910566464816,12.9539068552398,5.384495062789089,7.569411792450712,-2.184916729661623,7.31455283232408,4.477336814478207,6.450470422144176,6.943122422819428,0.0,0.0,0.0,0.0,3.4075088500976562,1.7672128677368164,3.520233154296875,2.898318290710449
"the man sits, the men sits",childes,simple_agrmt,man,men,sits,sits,0,0,9.436997742590188,12.9539068552398,7.569411792450712,5.384495062789089,2.184916729661623,4.718498871295094,6.450470422144176,4.477336814478207,4.219507705176107,0.0,0.0,0.0,0.0,5.374911785125732,6.871971607208252,4.4081597328186035,5.551681041717529
"the men sit, the man sit",childes,simple_agrmt,men,man,sit,sit,0,0,16.640896227913117,12.9539068552398,5.384495062789089,7.569411792450712,-2.184916729661623,8.320448113956559,4.477336814478207,6.450470422144176,7.906915488678587,0.0,2.6390573296152584,0.0,1.9459101490553132,2.2436184883117676,0.6607303619384766,2.2219581604003906,1.7087690035502117
"the man thinks, the men thinks",childes,simple_agrmt,man,men,thinks,thinks,0,0,10.073905204827259,12.9539068552398,7.569411792450712,5.384495062789089,2.184916729661623,5.0369526024136295,6.450470422144176,4.477336814478207,4.77912349311153,0.0,0.0,0.0,0.0,3.448091506958008,3.614226818084717,1.2107295989990234,2.7576826413472495
"the men think, the man think",childes,simple_agrmt,men,man,think,think,0,0,19.171517117464102,12.9539068552398,5.384495062789089,7.569411792450712,-2.184916729661623,9.585758558732051,4.477336814478207,6.450470422144176,9.520908548214665,0.0,0.0,0.0,0.0,3.4750146865844727,1.7491064071655273,4.048723220825195,3.0909481048583984
"the man goes, the men goes",childes,simple_agrmt,man,men,goes,goes,0,0,16.39892839522432,12.9539068552398,7.569411792450712,5.384495062789089,2.184916729661623,8.19946419761216,6.450470422144176,4.477336814478207,7.878912912297133,1.3862943611198906,0.0,0.6931471805599453,0.0,3.3666162490844727,5.012674808502197,4.215017795562744,4.198102951049805
"the men go, the man go",childes,simple_agrmt,men,man,go,go,0,0,20.170034258259747,12.9539068552398,5.384495062789089,7.569411792450712,-2.184916729661623,10.085017129129874,4.477336814478207,6.450470422144176,9.702777967428895,0.0,1.0986122886681098,0.0,1.0986122886681098,4.216578483581543,2.618069648742676,4.006901741027832,3.613849957784017
"the daddy awaits, the daddies awaits",childes,simple_agrmt,daddy,daddies,awaits,awaits,-2,-1,0.8109302162163288,12.072969732523719,8.854093907655518,3.2188758248682006,5.635218082787317,0.4054651081081644,8.094683648698815,1.9459101490553132,0.4054651081081644,0.0,0.0,0.0,0.0,-0.2717313766479492,0.22503995895385742,-0.34250974655151367,-0.1297337214152018
"the daddies await, the daddy await",childes,simple_agrmt,daddies,daddy,await,await,2,1,0.8109302162163288,12.072969732523719,3.2188758248682006,8.854093907655518,-5.635218082787317,0.4054651081081644,1.9459101490553132,8.094683648698815,0.4054651081081644,0.0,0.0,0.0,0.0,-0.3572111129760742,-0.4622159004211426,0.6939730644226074,-0.04181798299153646
"the daddy complains, the daddies complains",childes,simple_agrmt,daddy,daddies,complains,complains,-2,-1,0.8109302162163288,12.072969732523719,8.854093907655518,3.2188758248682006,5.635218082787317,0.4054651081081644,8.094683648698815,1.9459101490553132,0.4054651081081644,0.0,0.0,0.0,0.0,0.3650979995727539,0.616358757019043,-0.5374975204467773,0.14798641204833984
"the daddies complain, the daddy complain",childes,simple_agrmt,daddies,daddy,complain,complain,2,1,3.8918202981106265,12.072969732523719,3.2188758248682006,8.854093907655518,-5.635218082787317,1.9459101490553132,1.9459101490553132,8.094683648698815,1.791759469228055,0.0,0.0,0.0,0.0,-0.7891197204589844,0.7616024017333984,1.441512107849121,0.4713315963745117
"the daddy arrives, the daddies arrives",childes,simple_agrmt,daddy,daddies,arrives,arrives,-2,-1,0.8109302162163288,12.072969732523719,8.854093907655518,3.2188758248682006,5.635218082787317,0.4054651081081644,8.094683648698815,1.9459101490553132,0.4054651081081644,0.0,0.0,0.0,0.0,-2.8108177185058594,-2.850501537322998,-4.391222953796387,-3.3508474032084146
"the daddies arrive, the daddy arrive",childes,simple_agrmt,daddies,daddy,arrive,arrive,2,1,5.545177444479562,12.072969732523719,3.2188758248682006,8.854093907655518,-5.635218082787317,2.772588722239781,1.9459101490553132,8.094683648698815,1.9459101490553132,0.0,0.0,0.0,0.0,1.286332130432129,2.3061742782592773,2.7412919998168945,2.1112661361694336
"the daddy disappears, the daddies disappears",childes,simple_agrmt,daddy,daddies,disappears,disappears,-2,-1,3.2188758248682006,12.072969732523719,8.854093907655518,3.2188758248682006,5.635218082787317,1.6094379124341003,8.094683648698815,1.9459101490553132,1.3862943611198906,0.0,0.0,0.0,0.0,1.9078645706176758,1.2727975845336914,0.21508216857910156,1.131914774576823
"the daddies disappear, the daddy disappear",childes,simple_agrmt,daddies,daddy,disappear,disappear,2,1,7.221835825288449,12.072969732523719,3.2188758248682006,8.854093907655518,-5.635218082787317,3.6109179126442243,1.9459101490553132,8.094683648698815,2.6390573296152584,0.0,0.0,0.0,0.0,-0.08111953735351562,-0.03409290313720703,2.36856746673584,0.7511183420817057
"the daddy bows, the daddies bows",childes,simple_agrmt,daddy,daddies,bows,bows,-2,-1,6.089044875446846,12.072969732523719,8.854093907655518,3.2188758248682006,5.635218082787317,3.044522437723423,8.094683648698815,1.9459101490553132,1.0986122886681098,0.0,0.0,0.0,0.0,1.5924105644226074,2.266463279724121,0.9505348205566406,1.6031362215677898
"the daddies bow, the daddy bow",childes,simple_agrmt,daddies,daddy,bow,bow,2,1,10.805354763744559,12.072969732523719,3.2188758248682006,8.854093907655518,-5.635218082787317,5.402677381872279,1.9459101490553132,8.094683648698815,4.394449154672439,0.0,0.0,0.0,0.0,-4.144048690795898,-3.266864776611328,-1.757308006286621,-3.0560738245646157
"the daddy hides, the daddies hides",childes,simple_agrmt,daddy,daddies,hides,hides,-2,-1,4.795790545596741,12.072969732523719,8.854093907655518,3.2188758248682006,5.635218082787317,2.3978952727983707,8.094683648698815,1.9459101490553132,2.1972245773362196,0.0,0.0,0.0,0.0,2.559131145477295,3.969424247741699,3.1580286026000977,3.2288613319396973
"the daddies hide, the daddy hide",childes,simple_agrmt,daddies,daddy,hide,hide,2,1,11.880342505440863,12.072969732523719,3.2188758248682006,8.854093907655518,-5.635218082787317,5.940171252720432,1.9459101490553132,8.094683648698815,5.267858159063328,0.0,0.0,0.0,0.0,1.1272211074829102,-0.13991546630859375,1.008209228515625,0.6651716232299805
"the daddy leaves, the daddies leaves",childes,simple_agrmt,daddy,daddies,leaves,leaves,-2,-1,11.346646534342986,12.072969732523719,8.854093907655518,3.2188758248682006,5.635218082787317,5.673323267171493,8.094683648698815,1.9459101490553132,4.382026634673881,0.4054651081081644,0.0,0.4054651081081644,0.0,5.311010360717773,4.447662353515625,5.334685325622559,5.031119346618652
"the daddies leave, the daddy leave",childes,simple_agrmt,daddies,daddy,leave,leave,2,1,14.62910566464816,12.072969732523719,3.2188758248682006,8.854093907655518,-5.635218082787317,7.31455283232408,1.9459101490553132,8.094683648698815,6.943122422819428,0.0,0.6931471805599453,0.0,0.4054651081081644,1.481184959411621,1.661691665649414,3.8898367881774902,2.344237804412842
"the daddy sits, the daddies sits",childes,simple_agrmt,daddy,daddies,sits,sits,-2,-1,9.436997742590188,12.072969732523719,8.854093907655518,3.2188758248682006,5.635218082787317,4.718498871295094,8.094683648698815,1.9459101490553132,4.219507705176107,0.4054651081081644,0.0,0.4054651081081644,0.0,4.975562572479248,4.747912406921387,5.372576713562012,5.032017230987549
"the daddies sit, the daddy sit",childes,simple_agrmt,daddies,daddy,sit,sit,2,1,16.640896227913117,12.072969732523719,3.2188758248682006,8.854093907655518,-5.635218082787317,8.320448113956559,1.9459101490553132,8.094683648698815,7.906915488678587,0.0,0.6931471805599453,0.0,0.6931471805599453,1.5844130516052246,0.2994880676269531,1.8665895462036133,1.2501635551452637
"the daddy thinks, the daddies thinks",childes,simple_agrmt,daddy,daddies,thinks,thinks,-2,-1,10.073905204827259,12.072969732523719,8.854093907655518,3.2188758248682006,5.635218082787317,5.0369526024136295,8.094683648698815,1.9459101490553132,4.77912349311153,1.3862943611198906,0.0,1.0986122886681098,0.0,1.7262725830078125,3.3466320037841797,4.480432987213135,3.184445858001709
"the daddies think, the daddy think",childes,simple_agrmt,daddies,daddy,think,think,2,1,19.171517117464102,12.072969732523719,3.2188758248682006,8.854093907655518,-5.635218082787317,9.585758558732051,1.9459101490553132,8.094683648698815,9.520908548214665,0.0,0.4054651081081644,0.0,0.4054651081081644,1.8227229118347168,-0.7763338088989258,1.2833356857299805,0.7765749295552572
"the daddy goes, the daddies goes",childes,simple_agrmt,daddy,daddies,goes,goes,-2,-1,16.39892839522432,12.072969732523719,8.854093907655518,3.2188758248682006,5.635218082787317,8.19946419761216,8.094683648698815,1.9459101490553132,7.878912912297133,2.0794415416798357,0.0,1.791759469228055,0.0,5.262192726135254,3.9863743782043457,5.304353713989258,4.850973606109619
"the daddies go, the daddy go",childes,simple_agrmt,daddies,daddy,go,go,2,1,20.170034258259747,12.072969732523719,3.2188758248682006,8.854093907655518,-5.635218082787317,10.085017129129874,1.9459101490553132,8.094683648698815,9.702777967428895,0.0,4.007333185232471,0.0,3.6375861597263857,1.1414880752563477,2.2409772872924805,3.6688451766967773,2.3504368464152017
