minimal_pair,dataset,paradigm,nsubj1,nsubj2,verb1,verb2,delta_score_42,delta_score_13,delta_score_30,delta_avg,delta_sent_length_char,delta_subwords,total_freq_verbs,total_freq_nouns,nsubj1_log_freq,nsubj2_log_freq,nsubj1_nsubj2_log_freq,verb_log_freq,dep_nsubj1_freq,dep_nsubj2_freq,dep_verb_freq,bigram_freq_gramm,bigram_freq_ungramm,bigram_nsubj_root1,bigram_nsubj_root2
"der fahrgast schaukelt, die fahrgäste schaukelt",wiki,simple_agrmt,fahrgast,fahrgäste,schaukelt,schaukelt,-1.220198154449463,-3.7519593238830566,-1.7725534439086914,-2.248236974080404,-0.7071067811865475,-1.1952286093343936,-1.594295131180744,-1.4421542697685,-1.6626201497857036,-0.8738198558014769,-0.8284028407209945,-1.504830240123244,-1.163098133456943,-0.9941470235451709,-1.1828708801319525,0.0,0.0,0.0,0.0
"die fahrgäste schaukeln, der fahrgast schaukeln",wiki,simple_agrmt,fahrgäste,fahrgast,schaukeln,schaukeln,4.634423732757568,6.251461982727051,6.0182600021362305,5.63471523920695,0.7071067811865475,1.1952286093343936,-1.594295131180744,-1.4421542697685,-0.8738198558014769,-1.6626201497857036,0.8284028407209945,-1.504830240123244,-0.9941470235451709,-1.163098133456943,-1.1828708801319525,0.0,0.0,0.0,0.0
"der fahrgast flüchtet, die fahrgäste flüchtet",wiki,simple_agrmt,fahrgast,fahrgäste,flüchtet,flüchtet,-2.5772385597229004,-1.5332460403442383,-1.771146297454834,-1.9605436325073242,-0.7071067811865475,-1.1952286093343936,-0.946401762942086,-1.4421542697685,-1.6626201497857036,-0.8738198558014769,-0.8284028407209945,-1.163662700803156,-1.163098133456943,-0.9941470235451709,-0.9915079275804617,0.0,0.0,0.0,0.0
"die fahrgäste flüchten, der fahrgast flüchten",wiki,simple_agrmt,fahrgäste,fahrgast,flüchten,flüchten,6.413447856903076,4.375011444091797,5.501780986785889,5.430080095926921,0.7071067811865475,1.1952286093343936,-0.946401762942086,-1.4421542697685,-0.8738198558014769,-1.6626201497857036,0.8284028407209945,-0.6229249445175058,-0.9941470235451709,-1.163098133456943,-0.9915079275804617,0.0,0.0,0.0,0.0
"der fahrgast riecht, die fahrgäste riecht",wiki,simple_agrmt,fahrgast,fahrgäste,riecht,riecht,-0.5762662887573242,3.9753026962280273,0.5255422592163086,1.3081928888956706,-0.7071067811865475,-1.1952286093343936,-0.9021037370105023,-1.4421542697685,-1.6626201497857036,-0.8738198558014769,-0.8284028407209945,-1.02206537844863,-1.163098133456943,-0.9941470235451709,-0.9915079275804617,0.0,0.0,0.0,0.0
"die fahrgäste riechen, der fahrgast riechen",wiki,simple_agrmt,fahrgäste,fahrgast,riechen,riechen,4.248485565185547,4.063935279846191,1.6829700469970703,3.331796964009603,0.7071067811865475,1.1952286093343936,-0.9021037370105023,-1.4421542697685,-0.8738198558014769,-1.6626201497857036,0.8284028407209945,-0.6808978391285421,-0.9941470235451709,-1.163098133456943,-0.9915079275804617,0.0,0.0,0.0,0.0
"der fahrgast wandert, die fahrgäste wandert",wiki,simple_agrmt,fahrgast,fahrgäste,wandert,wandert,-3.013248920440674,0.3146347999572754,-1.3300862312316895,-1.3429001172383626,-0.7071067811865475,-1.1952286093343936,-0.39474371973629335,-1.4421542697685,-1.6626201497857036,-0.8738198558014769,-0.8284028407209945,-0.6808978391285421,-1.163098133456943,-0.9941470235451709,-0.5285966238657006,0.0,0.0,0.0,0.0
"die fahrgäste wandern, der fahrgast wandern",wiki,simple_agrmt,fahrgäste,fahrgast,wandern,wandern,9.703972339630127,2.617554187774658,5.825311183929443,6.048945903778076,0.7071067811865475,1.1952286093343936,-0.39474371973629335,-1.4421542697685,-0.8738198558014769,-1.6626201497857036,0.8284028407209945,-0.06428700769209962,-0.9941470235451709,-1.163098133456943,0.1256776324005511,0.0,0.0,0.0,0.0
"der fahrgast feiert, die fahrgäste feiert",wiki,simple_agrmt,fahrgast,fahrgäste,feiert,feiert,-0.6504783630371094,-1.9353952407836914,1.1813583374023438,-0.46817175547281903,-0.7071067811865475,-1.1952286093343936,-0.3017473366268855,-1.4421542697685,-1.6626201497857036,-0.8738198558014769,-0.8284028407209945,-0.6808978391285421,-1.163098133456943,-0.9941470235451709,-0.2644808532796324,0.0,0.0,0.0,0.0
"die fahrgäste feiern, der fahrgast feiern",wiki,simple_agrmt,fahrgäste,fahrgast,feiern,feiern,1.979133129119873,4.436849117279053,3.3188977241516113,3.244959990183512,0.7071067811865475,1.1952286093343936,-0.3017473366268855,-1.4421542697685,-0.8738198558014769,-1.6626201497857036,0.8284028407209945,0.11126865548235944,-0.9941470235451709,-1.163098133456943,0.06265627485349347,0.0,0.0,0.0,0.0
"der fahrgast verschwindet, die fahrgäste verschwindet",wiki,simple_agrmt,fahrgast,fahrgäste,verschwindet,verschwindet,-0.9612898826599121,1.3087244033813477,0.0054073333740234375,0.117613951365153,-0.7071067811865475,-1.1952286093343936,-0.01530453759687416,-1.4421542697685,-1.6626201497857036,-0.8738198558014769,-0.8284028407209945,-0.2298988838377287,-1.163098133456943,-0.9941470235451709,-0.14587071876271931,0.0,0.0,0.0,0.0
"die fahrgäste verschwinden, der fahrgast verschwinden",wiki,simple_agrmt,fahrgäste,fahrgast,verschwinden,verschwinden,2.4168715476989746,3.760892868041992,1.7487316131591797,2.6421653429667153,0.7071067811865475,1.1952286093343936,-0.01530453759687416,-1.4421542697685,-0.8738198558014769,-1.6626201497857036,0.8284028407209945,0.20100745647719645,-0.9941470235451709,-1.163098133456943,-0.4232819914388805,0.0,0.0,0.0,0.0
"der fahrgast denkt, die fahrgäste denkt",wiki,simple_agrmt,fahrgast,fahrgäste,denkt,denkt,4.307505130767822,6.166341781616211,5.424280166625977,5.299375693003337,-0.7071067811865475,-1.1952286093343936,0.25852574560347735,-1.4421542697685,-1.6626201497857036,-0.8738198558014769,-0.8284028407209945,-0.40545454701218775,-1.163098133456943,-0.9941470235451709,-0.5285966238657006,0.0,0.0,0.0,0.0
"die fahrgäste denken, der fahrgast denken",wiki,simple_agrmt,fahrgäste,fahrgast,denken,denken,0.6943750381469727,1.5109615325927734,-0.1972827911376953,0.6693512598673502,0.7071067811865475,1.1952286093343936,0.25852574560347735,-1.4421542697685,-0.8738198558014769,-1.6626201497857036,0.8284028407209945,0.8934913630644308,-0.9941470235451709,-1.163098133456943,-0.010096543181084104,0.0,0.0,0.0,0.0
"der fahrgast spricht, die fahrgäste spricht",wiki,simple_agrmt,fahrgast,fahrgäste,spricht,spricht,-0.69439697265625,1.0896196365356445,-4.065091133117676,-1.2232894897460938,-0.7071067811865475,-1.1952286093343936,1.0812342640688997,-1.4421542697685,-1.6626201497857036,-0.8738198558014769,-0.8284028407209945,1.176057800008447,-1.163098133456943,-0.9941470235451709,1.5137773835230879,0.0,0.0,0.0,0.0
"die fahrgäste sprechen, der fahrgast sprechen",wiki,simple_agrmt,fahrgäste,fahrgast,sprechen,sprechen,0.8762779235839844,3.506765365600586,3.282369613647461,2.5551376342773438,0.7071067811865475,1.1952286093343936,1.0812342640688997,-1.4421542697685,-0.8738198558014769,-1.6626201497857036,0.8284028407209945,0.865062423476475,-0.9941470235451709,-1.163098133456943,0.9138788637986227,0.0,0.0,0.0,0.0
"der fahrgast arbeitet, die fahrgäste arbeitet",wiki,simple_agrmt,fahrgast,fahrgäste,arbeitet,arbeitet,-0.6326389312744141,-0.8951940536499023,0.31560802459716797,-0.4040749867757161,-0.7071067811865475,-1.1952286093343936,1.0174868686425287,-1.4421542697685,-1.6626201497857036,-0.8738198558014769,-0.8284028407209945,0.5212271230613056,-1.163098133456943,-0.9941470235451709,0.7252840078182893,0.0,0.0,0.0,0.0
"die fahrgäste arbeiten, der fahrgast arbeiten",wiki,simple_agrmt,fahrgäste,fahrgast,arbeiten,arbeiten,1.2052536010742188,2.028923988342285,1.0333518981933594,1.4225098292032878,0.7071067811865475,1.1952286093343936,1.0174868686425287,-1.4421542697685,-0.8738198558014769,-1.6626201497857036,0.8284028407209945,1.3995527613100525,-0.9941470235451709,-1.163098133456943,0.951228443371056,0.0,0.0,0.0,0.0
"der fahrgast liegt, die fahrgäste liegt",wiki,simple_agrmt,fahrgast,fahrgäste,liegt,liegt,-0.32757043838500977,2.179198741912842,-1.9981951713562012,-0.04885562260945638,-0.7071067811865475,-1.1952286093343936,1.7973493467784791,-1.4421542697685,-1.6626201497857036,-0.8738198558014769,-0.8284028407209945,1.9232323499227715,-1.163098133456943,-0.9941470235451709,2.1938150336261266,0.0,0.0,0.0,0.0
"die fahrgäste liegen, der fahrgast liegen",wiki,simple_agrmt,fahrgäste,fahrgast,liegen,liegen,5.4256181716918945,5.408050537109375,7.079311370849609,5.970993359883626,0.7071067811865475,1.1952286093343936,1.7973493467784791,-1.4421542697685,-0.8738198558014769,-1.6626201497857036,0.8284028407209945,1.4697475271403844,-0.9941470235451709,-1.163098133456943,1.746379185588242,0.0,0.0,0.0,0.0
"das kleinkind schaukelt, die kleinkinder schaukelt",wiki,simple_agrmt,kleinkind,kleinkinder,schaukelt,schaukelt,-4.658538818359375,-5.624185085296631,-4.059536933898926,-4.7807536125183105,-1.414213562373095,0.0,-1.594295131180744,-1.3105614715055207,-1.6626201497857036,-0.6423763514841729,-1.0714662091110552,-1.504830240123244,-1.4012213486491343,-0.9941470235451709,-1.1828708801319525,0.0,0.0,0.0,0.0
"die kleinkinder schaukeln, das kleinkind schaukeln",wiki,simple_agrmt,kleinkinder,kleinkind,schaukeln,schaukeln,6.593299865722656,5.19802188873291,4.949752330780029,5.580358028411865,1.414213562373095,0.0,-1.594295131180744,-1.3105614715055207,-0.6423763514841729,-1.6626201497857036,1.0714662091110552,-1.504830240123244,-0.9941470235451709,-1.4012213486491343,-1.1828708801319525,0.0,0.0,0.0,0.0
"das kleinkind flüchtet, die kleinkinder flüchtet",wiki,simple_agrmt,kleinkind,kleinkinder,flüchtet,flüchtet,-4.7474589347839355,-6.355776786804199,-3.5288238525390625,-4.877353191375732,-1.414213562373095,0.0,-0.946401762942086,-1.3105614715055207,-1.6626201497857036,-0.6423763514841729,-1.0714662091110552,-1.163662700803156,-1.4012213486491343,-0.9941470235451709,-0.9915079275804617,0.0,0.0,0.0,0.0
"die kleinkinder flüchten, das kleinkind flüchten",wiki,simple_agrmt,kleinkinder,kleinkind,flüchten,flüchten,9.584537029266357,11.844783782958984,8.027742385864258,9.819021066029867,1.414213562373095,0.0,-0.946401762942086,-1.3105614715055207,-0.6423763514841729,-1.6626201497857036,1.0714662091110552,-0.6229249445175058,-0.9941470235451709,-1.4012213486491343,-0.9915079275804617,0.0,0.0,0.0,0.0
"das kleinkind riecht, die kleinkinder riecht",wiki,simple_agrmt,kleinkind,kleinkinder,riecht,riecht,2.765538215637207,3.311110496520996,-3.2837467193603516,0.9309673309326172,-1.414213562373095,0.0,-0.9021037370105023,-1.3105614715055207,-1.6626201497857036,-0.6423763514841729,-1.0714662091110552,-1.02206537844863,-1.4012213486491343,-0.9941470235451709,-0.9915079275804617,0.0,0.0,0.0,0.0
"die kleinkinder riechen, das kleinkind riechen",wiki,simple_agrmt,kleinkinder,kleinkind,riechen,riechen,2.1072559356689453,0.751378059387207,4.367008209228516,2.4085474014282227,1.414213562373095,0.0,-0.9021037370105023,-1.3105614715055207,-0.6423763514841729,-1.6626201497857036,1.0714662091110552,-0.6808978391285421,-0.9941470235451709,-1.4012213486491343,-0.9915079275804617,0.0,0.0,0.0,0.0
"das kleinkind wandert, die kleinkinder wandert",wiki,simple_agrmt,kleinkind,kleinkinder,wandert,wandert,-1.62750244140625,-3.997039794921875,-2.819699287414551,-2.814747174580892,-1.414213562373095,0.0,-0.39474371973629335,-1.3105614715055207,-1.6626201497857036,-0.6423763514841729,-1.0714662091110552,-0.6808978391285421,-1.4012213486491343,-0.9941470235451709,-0.5285966238657006,0.0,0.0,0.0,0.0
"die kleinkinder wandern, das kleinkind wandern",wiki,simple_agrmt,kleinkinder,kleinkind,wandern,wandern,6.205565452575684,4.712494850158691,8.589654922485352,6.502571741739909,1.414213562373095,0.0,-0.39474371973629335,-1.3105614715055207,-0.6423763514841729,-1.6626201497857036,1.0714662091110552,-0.06428700769209962,-0.9941470235451709,-1.4012213486491343,0.1256776324005511,0.0,0.0,0.0,0.0
"das kleinkind feiert, die kleinkinder feiert",wiki,simple_agrmt,kleinkind,kleinkinder,feiert,feiert,-3.2715978622436523,-0.7615222930908203,-4.883838653564453,-2.9723196029663086,-1.414213562373095,0.0,-0.3017473366268855,-1.3105614715055207,-1.6626201497857036,-0.6423763514841729,-1.0714662091110552,-0.6808978391285421,-1.4012213486491343,-0.9941470235451709,-0.2644808532796324,0.0,0.0,0.0,0.0
"die kleinkinder feiern, das kleinkind feiern",wiki,simple_agrmt,kleinkinder,kleinkind,feiern,feiern,6.732533931732178,7.853045463562012,7.335962295532227,7.307180563608806,1.414213562373095,0.0,-0.3017473366268855,-1.3105614715055207,-0.6423763514841729,-1.6626201497857036,1.0714662091110552,0.11126865548235944,-0.9941470235451709,-1.4012213486491343,0.06265627485349347,0.0,0.0,0.0,0.0
"das kleinkind verschwindet, die kleinkinder verschwindet",wiki,simple_agrmt,kleinkind,kleinkinder,verschwindet,verschwindet,-3.8691511154174805,-1.8540911674499512,0.18639659881591797,-1.8456152280171711,-1.414213562373095,0.0,-0.01530453759687416,-1.3105614715055207,-1.6626201497857036,-0.6423763514841729,-1.0714662091110552,-0.2298988838377287,-1.4012213486491343,-0.9941470235451709,-0.14587071876271931,0.0,0.0,0.0,0.0
"die kleinkinder verschwinden, das kleinkind verschwinden",wiki,simple_agrmt,kleinkinder,kleinkind,verschwinden,verschwinden,8.04216480255127,4.2469916343688965,1.0530738830566406,4.4474101066589355,1.414213562373095,0.0,-0.01530453759687416,-1.3105614715055207,-0.6423763514841729,-1.6626201497857036,1.0714662091110552,0.20100745647719645,-0.9941470235451709,-1.4012213486491343,-0.4232819914388805,0.0,0.0,0.0,0.0
"das kleinkind denkt, die kleinkinder denkt",wiki,simple_agrmt,kleinkind,kleinkinder,denkt,denkt,-4.024484157562256,-4.285038471221924,-3.3014025688171387,-3.8703083992004395,-1.414213562373095,0.0,0.25852574560347735,-1.3105614715055207,-1.6626201497857036,-0.6423763514841729,-1.0714662091110552,-0.40545454701218775,-1.4012213486491343,-0.9941470235451709,-0.5285966238657006,0.0,0.0,0.0,0.0
"die kleinkinder denken, das kleinkind denken",wiki,simple_agrmt,kleinkinder,kleinkind,denken,denken,5.602155685424805,2.6157264709472656,0.9633541107177734,3.0604120890299478,1.414213562373095,0.0,0.25852574560347735,-1.3105614715055207,-0.6423763514841729,-1.6626201497857036,1.0714662091110552,0.8934913630644308,-0.9941470235451709,-1.4012213486491343,-0.010096543181084104,0.0,0.0,0.0,0.0
"das kleinkind spricht, die kleinkinder spricht",wiki,simple_agrmt,kleinkind,kleinkinder,spricht,spricht,1.1060123443603516,-3.31856632232666,-0.8983020782470703,-1.036952018737793,-1.414213562373095,0.0,1.0812342640688997,-1.3105614715055207,-1.6626201497857036,-0.6423763514841729,-1.0714662091110552,1.176057800008447,-1.4012213486491343,-0.9941470235451709,1.5137773835230879,0.0,0.0,0.0,0.0
"die kleinkinder sprechen, das kleinkind sprechen",wiki,simple_agrmt,kleinkinder,kleinkind,sprechen,sprechen,5.647643089294434,5.686573028564453,6.161848068237305,5.832021395365397,1.414213562373095,0.0,1.0812342640688997,-1.3105614715055207,-0.6423763514841729,-1.6626201497857036,1.0714662091110552,0.865062423476475,-0.9941470235451709,-1.4012213486491343,0.9138788637986227,0.0,0.0,0.0,0.0
"das kleinkind arbeitet, die kleinkinder arbeitet",wiki,simple_agrmt,kleinkind,kleinkinder,arbeitet,arbeitet,-3.5701770782470703,-4.954961776733398,-2.778883457183838,-3.768007437388102,-1.414213562373095,0.0,1.0174868686425287,-1.3105614715055207,-1.6626201497857036,-0.6423763514841729,-1.0714662091110552,0.5212271230613056,-1.4012213486491343,-0.9941470235451709,0.7252840078182893,0.0,0.0,0.0,0.0
"die kleinkinder arbeiten, das kleinkind arbeiten",wiki,simple_agrmt,kleinkinder,kleinkind,arbeiten,arbeiten,9.003671646118164,3.1047277450561523,4.830319404602051,5.646239598592122,1.414213562373095,0.0,1.0174868686425287,-1.3105614715055207,-0.6423763514841729,-1.6626201497857036,1.0714662091110552,1.3995527613100525,-0.9941470235451709,-1.4012213486491343,0.951228443371056,0.0,0.0,0.0,0.0
"das kleinkind liegt, die kleinkinder liegt",wiki,simple_agrmt,kleinkind,kleinkinder,liegt,liegt,-1.9744510650634766,-0.5660638809204102,2.492403984069824,-0.0160369873046875,-1.414213562373095,0.0,1.7973493467784791,-1.3105614715055207,-1.6626201497857036,-0.6423763514841729,-1.0714662091110552,1.9232323499227715,-1.4012213486491343,-0.9941470235451709,2.1938150336261266,0.0,0.0,0.0,0.0
"die kleinkinder liegen, das kleinkind liegen",wiki,simple_agrmt,kleinkinder,kleinkind,liegen,liegen,5.101171493530273,2.2534265518188477,4.185331344604492,3.8466431299845376,1.414213562373095,0.0,1.7973493467784791,-1.3105614715055207,-0.6423763514841729,-1.6626201497857036,1.0714662091110552,1.4697475271403844,-0.9941470235451709,-1.4012213486491343,1.746379185588242,0.0,0.0,0.0,0.0
"der zwilling schaukelt, die zwillinge schaukelt",wiki,simple_agrmt,zwilling,zwillinge,schaukelt,schaukelt,1.615962028503418,-1.2379140853881836,-3.786879539489746,-1.136277198791504,-0.7071067811865475,0.0,-1.594295131180744,-0.9653741464036301,-1.3076872016658223,-0.3901988405055217,-0.9635518273892036,-1.504830240123244,-1.4012213486491343,-0.4560240364829303,-1.1828708801319525,0.0,0.0,0.0,0.0
"die zwillinge schaukeln, der zwilling schaukeln",wiki,simple_agrmt,zwillinge,zwilling,schaukeln,schaukeln,5.919897556304932,4.039369106292725,9.159839630126953,6.373035430908203,0.7071067811865475,0.0,-1.594295131180744,-0.9653741464036301,-0.3901988405055217,-1.3076872016658223,0.9635518273892036,-1.504830240123244,-0.4560240364829303,-1.4012213486491343,-1.1828708801319525,0.0,0.0,0.0,0.0
"der zwilling flüchtet, die zwillinge flüchtet",wiki,simple_agrmt,zwilling,zwillinge,flüchtet,flüchtet,1.7253127098083496,0.8470511436462402,-2.9851560592651367,-0.13759740193684897,-0.7071067811865475,0.0,-0.946401762942086,-0.9653741464036301,-1.3076872016658223,-0.3901988405055217,-0.9635518273892036,-1.163662700803156,-1.4012213486491343,-0.4560240364829303,-0.9915079275804617,0.0,0.0,0.0,0.0
"die zwillinge flüchten, der zwilling flüchten",wiki,simple_agrmt,zwillinge,zwilling,flüchten,flüchten,4.06967306137085,3.876277446746826,7.8596601486206055,5.268536885579427,0.7071067811865475,0.0,-0.946401762942086,-0.9653741464036301,-0.3901988405055217,-1.3076872016658223,0.9635518273892036,-0.6229249445175058,-0.4560240364829303,-1.4012213486491343,-0.9915079275804617,0.0,0.0,0.0,0.0
"der zwilling riecht, die zwillinge riecht",wiki,simple_agrmt,zwilling,zwillinge,riecht,riecht,1.115818977355957,3.182368278503418,-4.338859558105469,-0.01355743408203125,-0.7071067811865475,0.0,-0.9021037370105023,-0.9653741464036301,-1.3076872016658223,-0.3901988405055217,-0.9635518273892036,-1.02206537844863,-1.4012213486491343,-0.4560240364829303,-0.9915079275804617,0.0,0.0,0.0,0.0
"die zwillinge riechen, der zwilling riechen",wiki,simple_agrmt,zwillinge,zwilling,riechen,riechen,2.3753814697265625,2.6273937225341797,6.497234344482422,3.833336512247721,0.7071067811865475,0.0,-0.9021037370105023,-0.9653741464036301,-0.3901988405055217,-1.3076872016658223,0.9635518273892036,-0.6808978391285421,-0.4560240364829303,-1.4012213486491343,-0.9915079275804617,0.0,0.0,0.0,0.0
"der zwilling wandert, die zwillinge wandert",wiki,simple_agrmt,zwilling,zwillinge,wandert,wandert,2.3944311141967773,0.6472711563110352,-1.3535346984863281,0.5627225240071615,-0.7071067811865475,0.0,-0.39474371973629335,-0.9653741464036301,-1.3076872016658223,-0.3901988405055217,-0.9635518273892036,-0.6808978391285421,-1.4012213486491343,-0.4560240364829303,-0.5285966238657006,0.0,0.0,0.0,0.0
"die zwillinge wandern, der zwilling wandern",wiki,simple_agrmt,zwillinge,zwilling,wandern,wandern,4.980727195739746,4.129688262939453,5.517642974853516,4.876019477844238,0.7071067811865475,0.0,-0.39474371973629335,-0.9653741464036301,-0.3901988405055217,-1.3076872016658223,0.9635518273892036,-0.06428700769209962,-0.4560240364829303,-1.4012213486491343,0.1256776324005511,0.0,0.0,0.0,0.0
"der zwilling feiert, die zwillinge feiert",wiki,simple_agrmt,zwilling,zwillinge,feiert,feiert,3.4024314880371094,0.7973880767822266,-2.679079055786133,0.5069135030110677,-0.7071067811865475,0.0,-0.3017473366268855,-0.9653741464036301,-1.3076872016658223,-0.3901988405055217,-0.9635518273892036,-0.6808978391285421,-1.4012213486491343,-0.4560240364829303,-0.2644808532796324,0.0,0.0,0.0,0.0
"die zwillinge feiern, der zwilling feiern",wiki,simple_agrmt,zwillinge,zwilling,feiern,feiern,3.7446813583374023,1.3831076622009277,4.355210781097412,3.1609999338785806,0.7071067811865475,0.0,-0.3017473366268855,-0.9653741464036301,-0.3901988405055217,-1.3076872016658223,0.9635518273892036,0.11126865548235944,-0.4560240364829303,-1.4012213486491343,0.06265627485349347,0.0,0.0,0.0,0.0
"der zwilling verschwindet, die zwillinge verschwindet",wiki,simple_agrmt,zwilling,zwillinge,verschwindet,verschwindet,-0.39635181427001953,3.3273258209228516,-2.490622043609619,0.14678398768107095,-0.7071067811865475,0.0,-0.01530453759687416,-0.9653741464036301,-1.3076872016658223,-0.3901988405055217,-0.9635518273892036,-0.2298988838377287,-1.4012213486491343,-0.4560240364829303,-0.14587071876271931,0.0,0.0,0.0,0.0
"die zwillinge verschwinden, der zwilling verschwinden",wiki,simple_agrmt,zwillinge,zwilling,verschwinden,verschwinden,4.7313079833984375,2.3371315002441406,7.067327976226807,4.711922486623128,0.7071067811865475,0.0,-0.01530453759687416,-0.9653741464036301,-0.3901988405055217,-1.3076872016658223,0.9635518273892036,0.20100745647719645,-0.4560240364829303,-1.4012213486491343,-0.4232819914388805,0.0,0.0,0.0,0.0
"der zwilling denkt, die zwillinge denkt",wiki,simple_agrmt,zwilling,zwillinge,denkt,denkt,1.1021332740783691,1.2267327308654785,-0.2007288932800293,0.7093790372212728,-0.7071067811865475,0.0,0.25852574560347735,-0.9653741464036301,-1.3076872016658223,-0.3901988405055217,-0.9635518273892036,-0.40545454701218775,-1.4012213486491343,-0.4560240364829303,-0.5285966238657006,0.0,0.0,0.0,0.0
"die zwillinge denken, der zwilling denken",wiki,simple_agrmt,zwillinge,zwilling,denken,denken,3.3594017028808594,2.8288183212280273,4.14044189453125,3.442887306213379,0.7071067811865475,0.0,0.25852574560347735,-0.9653741464036301,-0.3901988405055217,-1.3076872016658223,0.9635518273892036,0.8934913630644308,-0.4560240364829303,-1.4012213486491343,-0.010096543181084104,0.0,0.0,0.0,0.0
"der zwilling spricht, die zwillinge spricht",wiki,simple_agrmt,zwilling,zwillinge,spricht,spricht,3.5536556243896484,4.925515174865723,0.6349544525146484,3.0380417505900064,-0.7071067811865475,0.0,1.0812342640688997,-0.9653741464036301,-1.3076872016658223,-0.3901988405055217,-0.9635518273892036,1.176057800008447,-1.4012213486491343,-0.4560240364829303,1.5137773835230879,0.0,0.0,0.0,0.0
"die zwillinge sprechen, der zwilling sprechen",wiki,simple_agrmt,zwillinge,zwilling,sprechen,sprechen,5.086991310119629,3.2024078369140625,4.792629241943359,4.360676129659017,0.7071067811865475,0.0,1.0812342640688997,-0.9653741464036301,-0.3901988405055217,-1.3076872016658223,0.9635518273892036,0.865062423476475,-0.4560240364829303,-1.4012213486491343,0.9138788637986227,0.0,0.0,0.0,0.0
"der zwilling arbeitet, die zwillinge arbeitet",wiki,simple_agrmt,zwilling,zwillinge,arbeitet,arbeitet,0.778965950012207,4.767253875732422,-2.922501564025879,0.87457275390625,-0.7071067811865475,0.0,1.0174868686425287,-0.9653741464036301,-1.3076872016658223,-0.3901988405055217,-0.9635518273892036,0.5212271230613056,-1.4012213486491343,-0.4560240364829303,0.7252840078182893,0.0,0.0,0.0,0.0
"die zwillinge arbeiten, der zwilling arbeiten",wiki,simple_agrmt,zwillinge,zwilling,arbeiten,arbeiten,3.8072919845581055,1.6696109771728516,4.6841278076171875,3.3870102564493814,0.7071067811865475,0.0,1.0174868686425287,-0.9653741464036301,-0.3901988405055217,-1.3076872016658223,0.9635518273892036,1.3995527613100525,-0.4560240364829303,-1.4012213486491343,0.951228443371056,0.0,0.0,0.0,0.0
"der zwilling liegt, die zwillinge liegt",wiki,simple_agrmt,zwilling,zwillinge,liegt,liegt,3.073276996612549,4.614044666290283,-0.2924776077270508,2.4649480183919272,-0.7071067811865475,0.0,1.7973493467784791,-0.9653741464036301,-1.3076872016658223,-0.3901988405055217,-0.9635518273892036,1.9232323499227715,-1.4012213486491343,-0.4560240364829303,2.1938150336261266,0.0,0.0,0.0,0.0
"die zwillinge liegen, der zwilling liegen",wiki,simple_agrmt,zwillinge,zwilling,liegen,liegen,4.706119060516357,5.878026008605957,8.873414993286133,6.485853354136149,0.7071067811865475,0.0,1.7973493467784791,-0.9653741464036301,-0.3901988405055217,-1.3076872016658223,0.9635518273892036,1.4697475271403844,-0.4560240364829303,-1.4012213486491343,1.746379185588242,0.0,0.0,0.0,0.0
"der polizist schaukelt, die polizisten schaukelt",wiki,simple_agrmt,polizist,polizisten,schaukelt,schaukelt,1.3113665580749512,1.6406769752502441,0.4691634178161621,1.1404023170471191,-1.414213562373095,0.0,-1.594295131180744,-0.5870955822746674,-0.9527542535459411,-0.07982093844375358,-0.9167598484758012,-1.504830240123244,-0.5870726984412079,-0.4560240364829303,-1.1828708801319525,0.0,0.0,0.0,0.0
"die polizisten schaukeln, der polizist schaukeln",wiki,simple_agrmt,polizisten,polizist,schaukeln,schaukeln,1.8070387840270996,2.77498722076416,3.718109607696533,2.766711870829264,1.414213562373095,0.0,-1.594295131180744,-0.5870955822746674,-0.07982093844375358,-0.9527542535459411,0.9167598484758012,-1.504830240123244,-0.4560240364829303,-0.5870726984412079,-1.1828708801319525,0.0,0.0,0.0,0.0
"der polizist flüchtet, die polizisten flüchtet",wiki,simple_agrmt,polizist,polizisten,flüchtet,flüchtet,3.594972610473633,4.5627007484436035,-0.8848552703857422,2.4242726961771646,-1.414213562373095,0.0,-0.946401762942086,-0.5870955822746674,-0.9527542535459411,-0.07982093844375358,-0.9167598484758012,-1.163662700803156,-0.5870726984412079,-0.4560240364829303,-0.9915079275804617,0.0,0.0,0.0,0.0
"die polizisten flüchten, der polizist flüchten",wiki,simple_agrmt,polizisten,polizist,flüchten,flüchten,6.286872863769531,3.9840445518493652,7.111495018005371,5.794137477874756,1.414213562373095,0.0,-0.946401762942086,-0.5870955822746674,-0.07982093844375358,-0.9527542535459411,0.9167598484758012,-0.6229249445175058,-0.4560240364829303,-0.5870726984412079,-0.9915079275804617,0.0,0.0,0.0,0.0
"der polizist riecht, die polizisten riecht",wiki,simple_agrmt,polizist,polizisten,riecht,riecht,7.174206733703613,11.62514877319336,6.068326950073242,8.289227485656738,-1.414213562373095,0.0,-0.9021037370105023,-0.5870955822746674,-0.9527542535459411,-0.07982093844375358,-0.9167598484758012,-1.02206537844863,-0.5870726984412079,-0.4560240364829303,-0.9915079275804617,0.0,0.0,0.0,0.0
"die polizisten riechen, der polizist riechen",wiki,simple_agrmt,polizisten,polizist,riechen,riechen,-2.771017074584961,-5.530139923095703,-3.2882747650146484,-3.8631439208984375,1.414213562373095,0.0,-0.9021037370105023,-0.5870955822746674,-0.07982093844375358,-0.9527542535459411,0.9167598484758012,-0.6808978391285421,-0.4560240364829303,-0.5870726984412079,-0.9915079275804617,0.0,0.0,0.0,0.0
"der polizist wandert, die polizisten wandert",wiki,simple_agrmt,polizist,polizisten,wandert,wandert,6.113739967346191,6.471439361572266,4.856293678283691,5.81382433573405,-1.414213562373095,0.0,-0.39474371973629335,-0.5870955822746674,-0.9527542535459411,-0.07982093844375358,-0.9167598484758012,-0.6808978391285421,-0.5870726984412079,-0.4560240364829303,-0.5285966238657006,0.0,0.0,0.0,0.0
"die polizisten wandern, der polizist wandern",wiki,simple_agrmt,polizisten,polizist,wandern,wandern,2.805988311767578,-1.091517448425293,0.5941886901855469,0.7695531845092773,1.414213562373095,0.0,-0.39474371973629335,-0.5870955822746674,-0.07982093844375358,-0.9527542535459411,0.9167598484758012,-0.06428700769209962,-0.4560240364829303,-0.5870726984412079,0.1256776324005511,0.0,0.0,0.0,0.0
"der polizist feiert, die polizisten feiert",wiki,simple_agrmt,polizist,polizisten,feiert,feiert,1.7912302017211914,3.1571264266967773,2.421964645385742,2.4567737579345703,-1.414213562373095,0.0,-0.3017473366268855,-0.5870955822746674,-0.9527542535459411,-0.07982093844375358,-0.9167598484758012,-0.6808978391285421,-0.5870726984412079,-0.4560240364829303,-0.2644808532796324,0.0,0.0,0.0,0.0
"die polizisten feiern, der polizist feiern",wiki,simple_agrmt,polizisten,polizist,feiern,feiern,2.7896323204040527,0.7075047492980957,6.0362114906311035,3.1777828534444175,1.414213562373095,0.0,-0.3017473366268855,-0.5870955822746674,-0.07982093844375358,-0.9527542535459411,0.9167598484758012,0.11126865548235944,-0.4560240364829303,-0.5870726984412079,0.06265627485349347,0.0,0.0,0.0,0.0
"der polizist verschwindet, die polizisten verschwindet",wiki,simple_agrmt,polizist,polizisten,verschwindet,verschwindet,2.532352924346924,5.853221893310547,1.8714361190795898,3.41900364557902,-1.414213562373095,0.0,-0.01530453759687416,-0.5870955822746674,-0.9527542535459411,-0.07982093844375358,-0.9167598484758012,-0.2298988838377287,-0.5870726984412079,-0.4560240364829303,-0.14587071876271931,0.0,0.0,0.0,0.0
"die polizisten verschwinden, der polizist verschwinden",wiki,simple_agrmt,polizisten,polizist,verschwinden,verschwinden,3.7675719261169434,2.184624671936035,3.9291229248046875,3.2937731742858887,1.414213562373095,0.0,-0.01530453759687416,-0.5870955822746674,-0.07982093844375358,-0.9527542535459411,0.9167598484758012,0.20100745647719645,-0.4560240364829303,-0.5870726984412079,-0.4232819914388805,0.0,0.0,0.0,0.0
"der polizist denkt, die polizisten denkt",wiki,simple_agrmt,polizist,polizisten,denkt,denkt,2.311828136444092,0.7223029136657715,2.8626866340637207,1.965605894724528,-1.414213562373095,0.0,0.25852574560347735,-0.5870955822746674,-0.9527542535459411,-0.07982093844375358,-0.9167598484758012,-0.40545454701218775,-0.5870726984412079,-0.4560240364829303,-0.5285966238657006,0.0,0.0,0.0,0.0
"die polizisten denken, der polizist denken",wiki,simple_agrmt,polizisten,polizist,denken,denken,4.352060317993164,0.9949560165405273,1.9994430541992188,2.4488197962443032,1.414213562373095,0.0,0.25852574560347735,-0.5870955822746674,-0.07982093844375358,-0.9527542535459411,0.9167598484758012,0.8934913630644308,-0.4560240364829303,-0.5870726984412079,-0.010096543181084104,0.0,0.0,0.0,0.0
"der polizist spricht, die polizisten spricht",wiki,simple_agrmt,polizist,polizisten,spricht,spricht,4.436379432678223,4.296392440795898,3.5178775787353516,4.083549817403157,-1.414213562373095,0.0,1.0812342640688997,-0.5870955822746674,-0.9527542535459411,-0.07982093844375358,-0.9167598484758012,1.176057800008447,-0.5870726984412079,-0.4560240364829303,1.5137773835230879,0.0,0.0,0.0,0.0
"die polizisten sprechen, der polizist sprechen",wiki,simple_agrmt,polizisten,polizist,sprechen,sprechen,5.091987609863281,1.9580764770507812,2.7836742401123047,3.2779127756754556,1.414213562373095,0.0,1.0812342640688997,-0.5870955822746674,-0.07982093844375358,-0.9527542535459411,0.9167598484758012,0.865062423476475,-0.4560240364829303,-0.5870726984412079,0.9138788637986227,0.0,0.0,0.0,0.0
"der polizist arbeitet, die polizisten arbeitet",wiki,simple_agrmt,polizist,polizisten,arbeitet,arbeitet,6.035214424133301,6.83913516998291,3.2457427978515625,5.373364130655925,-1.414213562373095,0.0,1.0174868686425287,-0.5870955822746674,-0.9527542535459411,-0.07982093844375358,-0.9167598484758012,0.5212271230613056,-0.5870726984412079,-0.4560240364829303,0.7252840078182893,0.0,0.0,0.0,0.0
"die polizisten arbeiten, der polizist arbeiten",wiki,simple_agrmt,polizisten,polizist,arbeiten,arbeiten,2.3446264266967773,1.0450572967529297,3.173731803894043,2.18780517578125,1.414213562373095,0.0,1.0174868686425287,-0.5870955822746674,-0.07982093844375358,-0.9527542535459411,0.9167598484758012,1.3995527613100525,-0.4560240364829303,-0.5870726984412079,0.951228443371056,0.0,0.0,0.0,0.0
"der polizist liegt, die polizisten liegt",wiki,simple_agrmt,polizist,polizisten,liegt,liegt,5.599135398864746,0.87274169921875,4.191490173339844,3.5544557571411133,-1.414213562373095,0.0,1.7973493467784791,-0.5870955822746674,-0.9527542535459411,-0.07982093844375358,-0.9167598484758012,1.9232323499227715,-0.5870726984412079,-0.4560240364829303,2.1938150336261266,0.0,0.0,0.0,0.0
"die polizisten liegen, der polizist liegen",wiki,simple_agrmt,polizisten,polizist,liegen,liegen,3.8440613746643066,8.042250156402588,5.486833572387695,5.791048367818196,1.414213562373095,0.0,1.7973493467784791,-0.5870955822746674,-0.07982093844375358,-0.9527542535459411,0.9167598484758012,1.4697475271403844,-0.4560240364829303,-0.5870726984412079,1.746379185588242,0.0,0.0,0.0,0.0
"der kunde schaukelt, die kunden schaukelt",wiki,simple_agrmt,kunde,kunden,schaukelt,schaukelt,5.382184982299805,1.6838722229003906,1.853355884552002,2.973137696584066,-0.7071067811865475,0.0,-1.594295131180744,-0.13052488699022666,-0.6911808825456094,0.4616156050805976,-1.2106738453394021,-1.504830240123244,-0.5870726984412079,0.26267982884037555,-1.1828708801319525,0.0,0.0,0.0,0.0
"die kunden schaukeln, der kunde schaukeln",wiki,simple_agrmt,kunden,kunde,schaukeln,schaukeln,-0.2802295684814453,2.3852853775024414,4.072597980499268,2.059217929840088,0.7071067811865475,0.0,-1.594295131180744,-0.13052488699022666,0.4616156050805976,-0.6911808825456094,1.2106738453394021,-1.504830240123244,0.26267982884037555,-0.5870726984412079,-1.1828708801319525,0.0,0.0,0.0,0.0
"der kunde flüchtet, die kunden flüchtet",wiki,simple_agrmt,kunde,kunden,flüchtet,flüchtet,3.5806398391723633,3.445125102996826,0.5563602447509766,2.527375062306722,-0.7071067811865475,0.0,-0.946401762942086,-0.13052488699022666,-0.6911808825456094,0.4616156050805976,-1.2106738453394021,-1.163662700803156,-0.5870726984412079,0.26267982884037555,-0.9915079275804617,0.0,0.0,0.0,0.0
"die kunden flüchten, der kunde flüchten",wiki,simple_agrmt,kunden,kunde,flüchten,flüchten,3.3397226333618164,4.006667613983154,5.93563175201416,4.427340666453044,0.7071067811865475,0.0,-0.946401762942086,-0.13052488699022666,0.4616156050805976,-0.6911808825456094,1.2106738453394021,-0.6229249445175058,0.26267982884037555,-0.5870726984412079,-0.9915079275804617,0.0,0.0,0.0,0.0
"der kunde riecht, die kunden riecht",wiki,simple_agrmt,kunde,kunden,riecht,riecht,4.649013519287109,5.051610946655273,2.0220212936401367,3.9075485865275064,-0.7071067811865475,0.0,-0.9021037370105023,-0.13052488699022666,-0.6911808825456094,0.4616156050805976,-1.2106738453394021,-1.02206537844863,-0.5870726984412079,0.26267982884037555,-0.9915079275804617,0.0,0.0,0.0,0.0
"die kunden riechen, der kunde riechen",wiki,simple_agrmt,kunden,kunde,riechen,riechen,-1.2665109634399414,0.7340068817138672,-0.34530067443847656,-0.2926015853881836,0.7071067811865475,0.0,-0.9021037370105023,-0.13052488699022666,0.4616156050805976,-0.6911808825456094,1.2106738453394021,-0.6808978391285421,0.26267982884037555,-0.5870726984412079,-0.9915079275804617,0.0,0.0,0.0,0.0
"der kunde wandert, die kunden wandert",wiki,simple_agrmt,kunde,kunden,wandert,wandert,1.9437808990478516,5.558537483215332,5.438815116882324,4.313711166381836,-0.7071067811865475,0.0,-0.39474371973629335,-0.13052488699022666,-0.6911808825456094,0.4616156050805976,-1.2106738453394021,-0.6808978391285421,-0.5870726984412079,0.26267982884037555,-0.5285966238657006,0.0,0.0,0.0,0.0
"die kunden wandern, der kunde wandern",wiki,simple_agrmt,kunden,kunde,wandern,wandern,4.339387893676758,-0.4119300842285156,0.00513458251953125,1.3108641306559246,0.7071067811865475,0.0,-0.39474371973629335,-0.13052488699022666,0.4616156050805976,-0.6911808825456094,1.2106738453394021,-0.06428700769209962,0.26267982884037555,-0.5870726984412079,0.1256776324005511,0.0,0.0,0.0,0.0
"der kunde feiert, die kunden feiert",wiki,simple_agrmt,kunde,kunden,feiert,feiert,2.506545066833496,3.270747184753418,0.3302021026611328,2.0358314514160156,-0.7071067811865475,0.0,-0.3017473366268855,-0.13052488699022666,-0.6911808825456094,0.4616156050805976,-1.2106738453394021,-0.6808978391285421,-0.5870726984412079,0.26267982884037555,-0.2644808532796324,0.0,0.0,0.0,0.0
"die kunden feiern, der kunde feiern",wiki,simple_agrmt,kunden,kunde,feiern,feiern,1.7304420471191406,0.6568241119384766,5.447131633758545,2.6114659309387207,0.7071067811865475,0.0,-0.3017473366268855,-0.13052488699022666,0.4616156050805976,-0.6911808825456094,1.2106738453394021,0.11126865548235944,0.26267982884037555,-0.5870726984412079,0.06265627485349347,0.0,0.0,0.0,0.0
"der kunde verschwindet, die kunden verschwindet",wiki,simple_agrmt,kunde,kunden,verschwindet,verschwindet,4.806938171386719,5.405033111572266,4.177506446838379,4.796492576599121,-0.7071067811865475,0.0,-0.01530453759687416,-0.13052488699022666,-0.6911808825456094,0.4616156050805976,-1.2106738453394021,-0.2298988838377287,-0.5870726984412079,0.26267982884037555,-0.14587071876271931,0.0,0.0,0.0,0.0
"die kunden verschwinden, der kunde verschwinden",wiki,simple_agrmt,kunden,kunde,verschwinden,verschwinden,0.36493492126464844,1.5505657196044922,2.79754638671875,1.5710156758626301,0.7071067811865475,0.0,-0.01530453759687416,-0.13052488699022666,0.4616156050805976,-0.6911808825456094,1.2106738453394021,0.20100745647719645,0.26267982884037555,-0.5870726984412079,-0.4232819914388805,0.0,0.0,0.0,0.0
"der kunde denkt, die kunden denkt",wiki,simple_agrmt,kunde,kunden,denkt,denkt,4.960875034332275,0.4645881652832031,4.421536922454834,3.2823333740234375,-0.7071067811865475,0.0,0.25852574560347735,-0.13052488699022666,-0.6911808825456094,0.4616156050805976,-1.2106738453394021,-0.40545454701218775,-0.5870726984412079,0.26267982884037555,-0.5285966238657006,0.0,0.0,0.0,0.0
"die kunden denken, der kunde denken",wiki,simple_agrmt,kunden,kunde,denken,denken,2.911020278930664,3.3318681716918945,-0.12712669372558594,2.0385872522989907,0.7071067811865475,0.0,0.25852574560347735,-0.13052488699022666,0.4616156050805976,-0.6911808825456094,1.2106738453394021,0.8934913630644308,0.26267982884037555,-0.5870726984412079,-0.010096543181084104,0.0,0.0,0.0,0.0
"der kunde spricht, die kunden spricht",wiki,simple_agrmt,kunde,kunden,spricht,spricht,4.773074150085449,6.0892791748046875,4.863879680633545,5.242077668507894,-0.7071067811865475,0.0,1.0812342640688997,-0.13052488699022666,-0.6911808825456094,0.4616156050805976,-1.2106738453394021,1.176057800008447,-0.5870726984412079,0.26267982884037555,1.5137773835230879,0.0,0.0,0.0,0.0
"die kunden sprechen, der kunde sprechen",wiki,simple_agrmt,kunden,kunde,sprechen,sprechen,6.0776824951171875,2.6294212341308594,0.5655660629272461,3.0908899307250977,0.7071067811865475,0.0,1.0812342640688997,-0.13052488699022666,0.4616156050805976,-0.6911808825456094,1.2106738453394021,0.865062423476475,0.26267982884037555,-0.5870726984412079,0.9138788637986227,0.0,0.0,0.0,0.0
"der kunde arbeitet, die kunden arbeitet",wiki,simple_agrmt,kunde,kunden,arbeitet,arbeitet,5.3336687088012695,5.061398506164551,2.495555877685547,4.296874364217122,-0.7071067811865475,0.0,1.0174868686425287,-0.13052488699022666,-0.6911808825456094,0.4616156050805976,-1.2106738453394021,0.5212271230613056,-0.5870726984412079,0.26267982884037555,0.7252840078182893,0.0,0.0,0.0,0.0
"die kunden arbeiten, der kunde arbeiten",wiki,simple_agrmt,kunden,kunde,arbeiten,arbeiten,0.3433094024658203,5.849767684936523,3.5330562591552734,3.242044448852539,0.7071067811865475,0.0,1.0174868686425287,-0.13052488699022666,0.4616156050805976,-0.6911808825456094,1.2106738453394021,1.3995527613100525,0.26267982884037555,-0.5870726984412079,0.951228443371056,0.0,0.0,0.0,0.0
"der kunde liegt, die kunden liegt",wiki,simple_agrmt,kunde,kunden,liegt,liegt,8.318584442138672,9.31717586517334,6.906225681304932,8.180661996205648,-0.7071067811865475,0.0,1.7973493467784791,-0.13052488699022666,-0.6911808825456094,0.4616156050805976,-1.2106738453394021,1.9232323499227715,-0.5870726984412079,0.26267982884037555,2.1938150336261266,0.0,0.0,0.0,0.0
"die kunden liegen, der kunde liegen",wiki,simple_agrmt,kunden,kunde,liegen,liegen,-0.09094429016113281,1.1730122566223145,-0.5274085998535156,0.18488645553588867,0.7071067811865475,0.0,1.7973493467784791,-0.13052488699022666,0.4616156050805976,-0.6911808825456094,1.2106738453394021,1.4697475271403844,0.26267982884037555,-0.5870726984412079,1.746379185588242,0.0,0.0,0.0,0.0
"die schwester schaukelt, die schwestern schaukelt",wiki,simple_agrmt,schwester,schwestern,schaukelt,schaukelt,3.6805830001831055,3.447154998779297,4.112393856048584,3.7467106183369956,-0.7071067811865475,-2.390457218668787,-1.594295131180744,0.3386657426300703,0.6453314662288515,-0.04969107176072592,0.7299168740512595,-1.504830240123244,0.5557294117826804,-0.5870726984412079,-1.1828708801319525,0.0,0.0,0.0,0.0
"die schwestern schaukeln, die schwester schaukeln",wiki,simple_agrmt,schwestern,schwester,schaukeln,schaukeln,-1.9452781677246094,-1.0237398147583008,0.8543977737426758,-0.7048734029134115,0.7071067811865475,2.390457218668787,-1.594295131180744,0.3386657426300703,-0.04969107176072592,0.6453314662288515,-0.7299168740512595,-1.504830240123244,-0.5870726984412079,0.5557294117826804,-1.1828708801319525,0.0,0.0,0.0,0.0
"die schwester flüchtet, die schwestern flüchtet",wiki,simple_agrmt,schwester,schwestern,flüchtet,flüchtet,-0.2209467887878418,1.9292960166931152,-3.746537685394287,-0.6793961524963379,-0.7071067811865475,-2.390457218668787,-0.946401762942086,0.3386657426300703,0.6453314662288515,-0.04969107176072592,0.7299168740512595,-1.163662700803156,0.5557294117826804,-0.5870726984412079,-0.9915079275804617,0.0,0.0,0.0,0.0
"die schwestern flüchten, die schwester flüchten",wiki,simple_agrmt,schwestern,schwester,flüchten,flüchten,0.4913973808288574,1.7611289024353027,2.683084011077881,1.645203431447347,0.7071067811865475,2.390457218668787,-0.946401762942086,0.3386657426300703,-0.04969107176072592,0.6453314662288515,-0.7299168740512595,-0.6229249445175058,-0.5870726984412079,0.5557294117826804,-0.9915079275804617,0.0,0.0,0.0,0.0
"die schwester riecht, die schwestern riecht",wiki,simple_agrmt,schwester,schwestern,riecht,riecht,3.8370466232299805,3.2035675048828125,-2.4628868103027344,1.5259091059366863,-0.7071067811865475,-2.390457218668787,-0.9021037370105023,0.3386657426300703,0.6453314662288515,-0.04969107176072592,0.7299168740512595,-1.02206537844863,0.5557294117826804,-0.5870726984412079,-0.9915079275804617,0.0,0.0,0.0,0.0
"die schwestern riechen, die schwester riechen",wiki,simple_agrmt,schwestern,schwester,riechen,riechen,-1.6070127487182617,3.329456329345703,3.2298827171325684,1.65077543258667,0.7071067811865475,2.390457218668787,-0.9021037370105023,0.3386657426300703,-0.04969107176072592,0.6453314662288515,-0.7299168740512595,-0.6808978391285421,-0.5870726984412079,0.5557294117826804,-0.9915079275804617,0.0,0.0,0.0,0.0
"die schwester wandert, die schwestern wandert",wiki,simple_agrmt,schwester,schwestern,wandert,wandert,-2.284621238708496,0.39844703674316406,-1.0536489486694336,-0.9799410502115885,-0.7071067811865475,-2.390457218668787,-0.39474371973629335,0.3386657426300703,0.6453314662288515,-0.04969107176072592,0.7299168740512595,-0.6808978391285421,0.5557294117826804,-0.5870726984412079,-0.5285966238657006,0.0,0.0,0.0,0.0
"die schwestern wandern, die schwester wandern",wiki,simple_agrmt,schwestern,schwester,wandern,wandern,5.030521392822266,2.18593692779541,6.371700286865234,4.529386202494304,0.7071067811865475,2.390457218668787,-0.39474371973629335,0.3386657426300703,-0.04969107176072592,0.6453314662288515,-0.7299168740512595,-0.06428700769209962,-0.5870726984412079,0.5557294117826804,0.1256776324005511,0.0,0.0,0.0,0.0
"die schwester feiert, die schwestern feiert",wiki,simple_agrmt,schwester,schwestern,feiert,feiert,-1.2471771240234375,0.7801542282104492,1.4078588485717773,0.3136119842529297,-0.7071067811865475,-2.390457218668787,-0.3017473366268855,0.3386657426300703,0.6453314662288515,-0.04969107176072592,0.7299168740512595,-0.6808978391285421,0.5557294117826804,-0.5870726984412079,-0.2644808532796324,0.0,0.0,0.0,0.0
"die schwestern feiern, die schwester feiern",wiki,simple_agrmt,schwestern,schwester,feiern,feiern,1.6042566299438477,-3.3166122436523438,-1.6816000938415527,-1.1313185691833496,0.7071067811865475,2.390457218668787,-0.3017473366268855,0.3386657426300703,-0.04969107176072592,0.6453314662288515,-0.7299168740512595,0.11126865548235944,-0.5870726984412079,0.5557294117826804,0.06265627485349347,0.0,0.0,0.0,0.0
"die schwester verschwindet, die schwestern verschwindet",wiki,simple_agrmt,schwester,schwestern,verschwindet,verschwindet,-1.2292728424072266,3.5433149337768555,0.803837776184082,1.0392932891845703,-0.7071067811865475,-2.390457218668787,-0.01530453759687416,0.3386657426300703,0.6453314662288515,-0.04969107176072592,0.7299168740512595,-0.2298988838377287,0.5557294117826804,-0.5870726984412079,-0.14587071876271931,0.0,0.0,0.0,0.0
"die schwestern verschwinden, die schwester verschwinden",wiki,simple_agrmt,schwestern,schwester,verschwinden,verschwinden,4.014712333679199,1.5465288162231445,3.655381202697754,3.072207450866699,0.7071067811865475,2.390457218668787,-0.01530453759687416,0.3386657426300703,-0.04969107176072592,0.6453314662288515,-0.7299168740512595,0.20100745647719645,-0.5870726984412079,0.5557294117826804,-0.4232819914388805,0.0,0.0,0.0,0.0
"die schwester denkt, die schwestern denkt",wiki,simple_agrmt,schwester,schwestern,denkt,denkt,-7.011093616485596,-2.578887462615967,-3.438401222229004,-4.342794100443522,-0.7071067811865475,-2.390457218668787,0.25852574560347735,0.3386657426300703,0.6453314662288515,-0.04969107176072592,0.7299168740512595,-0.40545454701218775,0.5557294117826804,-0.5870726984412079,-0.5285966238657006,0.0,0.0,0.0,0.0
"die schwestern denken, die schwester denken",wiki,simple_agrmt,schwestern,schwester,denken,denken,4.903501510620117,-0.4284381866455078,3.008363723754883,2.4944756825764975,0.7071067811865475,2.390457218668787,0.25852574560347735,0.3386657426300703,-0.04969107176072592,0.6453314662288515,-0.7299168740512595,0.8934913630644308,-0.5870726984412079,0.5557294117826804,-0.010096543181084104,0.0,0.0,0.0,0.0
"die schwester spricht, die schwestern spricht",wiki,simple_agrmt,schwester,schwestern,spricht,spricht,2.4142074584960938,3.012356758117676,0.3799734115600586,1.9355125427246094,-0.7071067811865475,-2.390457218668787,1.0812342640688997,0.3386657426300703,0.6453314662288515,-0.04969107176072592,0.7299168740512595,1.176057800008447,0.5557294117826804,-0.5870726984412079,1.5137773835230879,0.0,0.0,0.0,0.0
"die schwestern sprechen, die schwester sprechen",wiki,simple_agrmt,schwestern,schwester,sprechen,sprechen,2.603067398071289,-0.8093719482421875,4.090099334716797,1.961264928181966,0.7071067811865475,2.390457218668787,1.0812342640688997,0.3386657426300703,-0.04969107176072592,0.6453314662288515,-0.7299168740512595,0.865062423476475,-0.5870726984412079,0.5557294117826804,0.9138788637986227,0.0,0.0,0.0,0.0
"die schwester arbeitet, die schwestern arbeitet",wiki,simple_agrmt,schwester,schwestern,arbeitet,arbeitet,3.3889646530151367,0.3581218719482422,3.1417980194091797,2.296294848124186,-0.7071067811865475,-2.390457218668787,1.0174868686425287,0.3386657426300703,0.6453314662288515,-0.04969107176072592,0.7299168740512595,0.5212271230613056,0.5557294117826804,-0.5870726984412079,0.7252840078182893,0.0,0.0,0.0,0.0
"die schwestern arbeiten, die schwester arbeiten",wiki,simple_agrmt,schwestern,schwester,arbeiten,arbeiten,2.818288803100586,1.0541391372680664,1.9646787643432617,1.9457022349039714,0.7071067811865475,2.390457218668787,1.0174868686425287,0.3386657426300703,-0.04969107176072592,0.6453314662288515,-0.7299168740512595,1.3995527613100525,-0.5870726984412079,0.5557294117826804,0.951228443371056,0.0,0.0,0.0,0.0
"die schwester liegt, die schwestern liegt",wiki,simple_agrmt,schwester,schwestern,liegt,liegt,1.4860620498657227,4.056183815002441,-1.0735950469970703,1.489550272623698,-0.7071067811865475,-2.390457218668787,1.7973493467784791,0.3386657426300703,0.6453314662288515,-0.04969107176072592,0.7299168740512595,1.9232323499227715,0.5557294117826804,-0.5870726984412079,2.1938150336261266,0.0,0.0,0.0,0.0
"die schwestern liegen, die schwester liegen",wiki,simple_agrmt,schwestern,schwester,liegen,liegen,4.6697916984558105,2.4701271057128906,6.253658294677734,4.4645256996154785,0.7071067811865475,2.390457218668787,1.7973493467784791,0.3386657426300703,-0.04969107176072592,0.6453314662288515,-0.7299168740512595,1.4697475271403844,-0.5870726984412079,0.5557294117826804,1.746379185588242,0.0,0.0,0.0,0.0
"der bruder schaukelt, die brüder schaukelt",wiki,simple_agrmt,bruder,brüder,schaukelt,schaukelt,-2.972456932067871,-1.2214503288269043,-2.0947484970092773,-2.0962185859680176,0.0,-1.1952286093343936,-1.594295131180744,0.8620335205157725,0.988842528064493,0.5272895206547792,0.48472576062347505,-1.504830240123244,1.0938523988449216,0.71941336432484,-1.1828708801319525,0.0,0.0,0.0,0.0
"die brüder schaukeln, der bruder schaukeln",wiki,simple_agrmt,brüder,bruder,schaukeln,schaukeln,4.3705315589904785,5.324114799499512,7.649514675140381,5.781387011210124,0.0,1.1952286093343936,-1.594295131180744,0.8620335205157725,0.5272895206547792,0.988842528064493,-0.48472576062347505,-1.504830240123244,0.71941336432484,1.0938523988449216,-1.1828708801319525,0.0,0.0,0.0,0.0
"der bruder flüchtet, die brüder flüchtet",wiki,simple_agrmt,bruder,brüder,flüchtet,flüchtet,-0.3846549987792969,1.5587081909179688,-1.8525738716125488,-0.22617355982462564,0.0,-1.1952286093343936,-0.946401762942086,0.8620335205157725,0.988842528064493,0.5272895206547792,0.48472576062347505,-1.163662700803156,1.0938523988449216,0.71941336432484,-0.9915079275804617,0.0,0.0,0.0,0.0
"die brüder flüchten, der bruder flüchten",wiki,simple_agrmt,brüder,bruder,flüchten,flüchten,3.913095474243164,3.3278303146362305,7.531043529510498,4.923989772796631,0.0,1.1952286093343936,-0.946401762942086,0.8620335205157725,0.5272895206547792,0.988842528064493,-0.48472576062347505,-0.6229249445175058,0.71941336432484,1.0938523988449216,-0.9915079275804617,0.0,0.0,0.0,0.0
"der bruder riecht, die brüder riecht",wiki,simple_agrmt,bruder,brüder,riecht,riecht,0.2719688415527344,-2.798786163330078,-2.2738542556762695,-1.6002238591512044,0.0,-1.1952286093343936,-0.9021037370105023,0.8620335205157725,0.988842528064493,0.5272895206547792,0.48472576062347505,-1.02206537844863,1.0938523988449216,0.71941336432484,-0.9915079275804617,0.0,0.0,0.0,0.0
"die brüder riechen, der bruder riechen",wiki,simple_agrmt,brüder,bruder,riechen,riechen,3.1231088638305664,6.002707481384277,4.1299896240234375,4.418601989746094,0.0,1.1952286093343936,-0.9021037370105023,0.8620335205157725,0.5272895206547792,0.988842528064493,-0.48472576062347505,-0.6808978391285421,0.71941336432484,1.0938523988449216,-0.9915079275804617,0.0,0.0,0.0,0.0
"der bruder wandert, die brüder wandert",wiki,simple_agrmt,bruder,brüder,wandert,wandert,-1.5482091903686523,-0.4165058135986328,-1.100001335144043,-1.0215721130371094,0.0,-1.1952286093343936,-0.39474371973629335,0.8620335205157725,0.988842528064493,0.5272895206547792,0.48472576062347505,-0.6808978391285421,1.0938523988449216,0.71941336432484,-0.5285966238657006,0.0,0.0,0.0,0.0
"die brüder wandern, der bruder wandern",wiki,simple_agrmt,brüder,bruder,wandern,wandern,5.466646194458008,1.8889713287353516,4.696541786193848,4.017386436462402,0.0,1.1952286093343936,-0.39474371973629335,0.8620335205157725,0.5272895206547792,0.988842528064493,-0.48472576062347505,-0.06428700769209962,0.71941336432484,1.0938523988449216,0.1256776324005511,0.0,0.0,0.0,0.0
"der bruder feiert, die brüder feiert",wiki,simple_agrmt,bruder,brüder,feiert,feiert,-1.3010797500610352,-0.22834205627441406,0.4205141067504883,-0.3696358998616536,0.0,-1.1952286093343936,-0.3017473366268855,0.8620335205157725,0.988842528064493,0.5272895206547792,0.48472576062347505,-0.6808978391285421,1.0938523988449216,0.71941336432484,-0.2644808532796324,0.0,0.0,0.0,0.0
"die brüder feiern, der bruder feiern",wiki,simple_agrmt,brüder,bruder,feiern,feiern,2.2932677268981934,2.4283342361450195,3.876605987548828,2.8660693168640137,0.0,1.1952286093343936,-0.3017473366268855,0.8620335205157725,0.5272895206547792,0.988842528064493,-0.48472576062347505,0.11126865548235944,0.71941336432484,1.0938523988449216,0.06265627485349347,0.0,0.0,0.0,0.0
"der bruder verschwindet, die brüder verschwindet",wiki,simple_agrmt,bruder,brüder,verschwindet,verschwindet,-1.3809995651245117,-1.3182973861694336,0.6784982681274414,-0.6735995610555013,0.0,-1.1952286093343936,-0.01530453759687416,0.8620335205157725,0.988842528064493,0.5272895206547792,0.48472576062347505,-0.2298988838377287,1.0938523988449216,0.71941336432484,-0.14587071876271931,0.0,0.0,0.0,0.0
"die brüder verschwinden, der bruder verschwinden",wiki,simple_agrmt,brüder,bruder,verschwinden,verschwinden,4.004767417907715,4.463135719299316,4.706427574157715,4.391443570454915,0.0,1.1952286093343936,-0.01530453759687416,0.8620335205157725,0.5272895206547792,0.988842528064493,-0.48472576062347505,0.20100745647719645,0.71941336432484,1.0938523988449216,-0.4232819914388805,0.0,0.0,0.0,0.0
"der bruder denkt, die brüder denkt",wiki,simple_agrmt,bruder,brüder,denkt,denkt,-2.4035582542419434,-3.306748390197754,-3.0459370613098145,-2.918747901916504,0.0,-1.1952286093343936,0.25852574560347735,0.8620335205157725,0.988842528064493,0.5272895206547792,0.48472576062347505,-0.40545454701218775,1.0938523988449216,0.71941336432484,-0.5285966238657006,0.0,0.0,0.0,0.0
"die brüder denken, der bruder denken",wiki,simple_agrmt,brüder,bruder,denken,denken,4.6757049560546875,3.0759620666503906,3.2234420776367188,3.658369700113932,0.0,1.1952286093343936,0.25852574560347735,0.8620335205157725,0.5272895206547792,0.988842528064493,-0.48472576062347505,0.8934913630644308,0.71941336432484,1.0938523988449216,-0.010096543181084104,0.0,0.0,0.0,0.0
"der bruder spricht, die brüder spricht",wiki,simple_agrmt,bruder,brüder,spricht,spricht,1.5820598602294922,2.2296018600463867,0.6818265914916992,1.4978294372558594,0.0,-1.1952286093343936,1.0812342640688997,0.8620335205157725,0.988842528064493,0.5272895206547792,0.48472576062347505,1.176057800008447,1.0938523988449216,0.71941336432484,1.5137773835230879,0.0,0.0,0.0,0.0
"die brüder sprechen, der bruder sprechen",wiki,simple_agrmt,brüder,bruder,sprechen,sprechen,5.437033653259277,3.850313186645508,5.592137336730957,4.959828058878581,0.0,1.1952286093343936,1.0812342640688997,0.8620335205157725,0.5272895206547792,0.988842528064493,-0.48472576062347505,0.865062423476475,0.71941336432484,1.0938523988449216,0.9138788637986227,0.0,0.0,0.0,0.0
"der bruder arbeitet, die brüder arbeitet",wiki,simple_agrmt,bruder,brüder,arbeitet,arbeitet,0.8425102233886719,1.3107128143310547,-1.4420318603515625,0.23706372578938803,0.0,-1.1952286093343936,1.0174868686425287,0.8620335205157725,0.988842528064493,0.5272895206547792,0.48472576062347505,0.5212271230613056,1.0938523988449216,0.71941336432484,0.7252840078182893,0.0,0.0,0.0,0.0
"die brüder arbeiten, der bruder arbeiten",wiki,simple_agrmt,brüder,bruder,arbeiten,arbeiten,4.0179033279418945,3.8926267623901367,5.385263442993164,4.431931177775065,0.0,1.1952286093343936,1.0174868686425287,0.8620335205157725,0.5272895206547792,0.988842528064493,-0.48472576062347505,1.3995527613100525,0.71941336432484,1.0938523988449216,0.951228443371056,0.0,0.0,0.0,0.0
"der bruder liegt, die brüder liegt",wiki,simple_agrmt,bruder,brüder,liegt,liegt,3.918802261352539,7.206437587738037,4.9922285079956055,5.3724894523620605,0.0,-1.1952286093343936,1.7973493467784791,0.8620335205157725,0.988842528064493,0.5272895206547792,0.48472576062347505,1.9232323499227715,1.0938523988449216,0.71941336432484,2.1938150336261266,0.0,0.0,0.0,0.0
"die brüder liegen, der bruder liegen",wiki,simple_agrmt,brüder,bruder,liegen,liegen,4.796839237213135,2.5165624618530273,3.473496437072754,3.595632712046305,0.0,1.1952286093343936,1.7973493467784791,0.8620335205157725,0.5272895206547792,0.988842528064493,-0.48472576062347505,1.4697475271403844,0.71941336432484,1.0938523988449216,1.746379185588242,0.0,0.0,0.0,0.0
"der vater schaukelt, die väter schaukelt",wiki,simple_agrmt,vater,väter,schaukelt,schaukelt,-0.026952266693115234,0.04858064651489258,-0.1958146095275879,-0.058062076568603516,0.0,-1.1952286093343936,-1.594295131180744,0.49062551864665227,1.381791951437483,-0.5188869076815956,1.996104436320188,-1.504830240123244,1.8888140177496362,-0.4560240364829303,-1.1828708801319525,0.0,0.0,0.0,0.0
"die väter schaukeln, der vater schaukeln",wiki,simple_agrmt,väter,vater,schaukeln,schaukeln,-0.4971804618835449,1.4183053970336914,4.312722682952881,1.744615872701009,0.0,1.1952286093343936,-1.594295131180744,0.49062551864665227,-0.5188869076815956,1.381791951437483,-1.996104436320188,-1.504830240123244,-0.4560240364829303,1.8888140177496362,-1.1828708801319525,0.0,0.0,0.0,0.0
"der vater flüchtet, die väter flüchtet",wiki,simple_agrmt,vater,väter,flüchtet,flüchtet,4.083988666534424,2.994966506958008,1.9887652397155762,3.022573471069336,0.0,-1.1952286093343936,-0.946401762942086,0.49062551864665227,1.381791951437483,-0.5188869076815956,1.996104436320188,-1.163662700803156,1.8888140177496362,-0.4560240364829303,-0.9915079275804617,0.0,0.0,0.0,0.0
"die väter flüchten, der vater flüchten",wiki,simple_agrmt,väter,vater,flüchten,flüchten,1.553215503692627,-1.718820571899414,3.9941229820251465,1.2761726379394531,0.0,1.1952286093343936,-0.946401762942086,0.49062551864665227,-0.5188869076815956,1.381791951437483,-1.996104436320188,-0.6229249445175058,-0.4560240364829303,1.8888140177496362,-0.9915079275804617,0.0,0.0,0.0,0.0
"der vater riecht, die väter riecht",wiki,simple_agrmt,vater,väter,riecht,riecht,1.4201126098632812,5.917795181274414,3.9061479568481445,3.7480185826619468,0.0,-1.1952286093343936,-0.9021037370105023,0.49062551864665227,1.381791951437483,-0.5188869076815956,1.996104436320188,-1.02206537844863,1.8888140177496362,-0.4560240364829303,-0.9915079275804617,0.0,0.0,0.0,0.0
"die väter riechen, der vater riechen",wiki,simple_agrmt,väter,vater,riechen,riechen,1.8459968566894531,-2.8809823989868164,0.6546392440795898,-0.12678209940592447,0.0,1.1952286093343936,-0.9021037370105023,0.49062551864665227,-0.5188869076815956,1.381791951437483,-1.996104436320188,-0.6808978391285421,-0.4560240364829303,1.8888140177496362,-0.9915079275804617,0.0,0.0,0.0,0.0
"der vater wandert, die väter wandert",wiki,simple_agrmt,vater,väter,wandert,wandert,1.7167816162109375,1.4197883605957031,0.463592529296875,1.2000541687011719,0.0,-1.1952286093343936,-0.39474371973629335,0.49062551864665227,1.381791951437483,-0.5188869076815956,1.996104436320188,-0.6808978391285421,1.8888140177496362,-0.4560240364829303,-0.5285966238657006,0.0,0.0,0.0,0.0
"die väter wandern, der vater wandern",wiki,simple_agrmt,väter,vater,wandern,wandern,3.002377510070801,0.5791044235229492,3.511988639831543,2.364490191141764,0.0,1.1952286093343936,-0.39474371973629335,0.49062551864665227,-0.5188869076815956,1.381791951437483,-1.996104436320188,-0.06428700769209962,-0.4560240364829303,1.8888140177496362,0.1256776324005511,0.0,0.0,0.0,0.0
"der vater feiert, die väter feiert",wiki,simple_agrmt,vater,väter,feiert,feiert,-3.134282112121582,-4.045626640319824,2.429231643676758,-1.5835590362548828,0.0,-1.1952286093343936,-0.3017473366268855,0.49062551864665227,1.381791951437483,-0.5188869076815956,1.996104436320188,-0.6808978391285421,1.8888140177496362,-0.4560240364829303,-0.2644808532796324,0.0,0.0,0.0,0.0
"die väter feiern, der vater feiern",wiki,simple_agrmt,väter,vater,feiern,feiern,-3.105483055114746,-0.5764703750610352,-1.2558064460754395,-1.645919958750407,0.0,1.1952286093343936,-0.3017473366268855,0.49062551864665227,-0.5188869076815956,1.381791951437483,-1.996104436320188,0.11126865548235944,-0.4560240364829303,1.8888140177496362,0.06265627485349347,0.0,0.0,0.0,0.0
"der vater verschwindet, die väter verschwindet",wiki,simple_agrmt,vater,väter,verschwindet,verschwindet,2.399782180786133,1.0773401260375977,1.9668807983398438,1.8146677017211914,0.0,-1.1952286093343936,-0.01530453759687416,0.49062551864665227,1.381791951437483,-0.5188869076815956,1.996104436320188,-0.2298988838377287,1.8888140177496362,-0.4560240364829303,-0.14587071876271931,0.0,0.0,0.0,0.0
"die väter verschwinden, der vater verschwinden",wiki,simple_agrmt,väter,vater,verschwinden,verschwinden,1.4184236526489258,2.2148265838623047,3.7022104263305664,2.445153554280599,0.0,1.1952286093343936,-0.01530453759687416,0.49062551864665227,-0.5188869076815956,1.381791951437483,-1.996104436320188,0.20100745647719645,-0.4560240364829303,1.8888140177496362,-0.4232819914388805,0.0,0.0,0.0,0.0
"der vater denkt, die väter denkt",wiki,simple_agrmt,vater,väter,denkt,denkt,-0.5371870994567871,-0.6846036911010742,0.1687021255493164,-0.3510295550028483,0.0,-1.1952286093343936,0.25852574560347735,0.49062551864665227,1.381791951437483,-0.5188869076815956,1.996104436320188,-0.40545454701218775,1.8888140177496362,-0.4560240364829303,-0.5285966238657006,0.0,0.0,0.0,0.0
"die väter denken, der vater denken",wiki,simple_agrmt,väter,vater,denken,denken,0.10025215148925781,4.555329322814941,1.2291488647460938,1.961576779683431,0.0,1.1952286093343936,0.25852574560347735,0.49062551864665227,-0.5188869076815956,1.381791951437483,-1.996104436320188,0.8934913630644308,-0.4560240364829303,1.8888140177496362,-0.010096543181084104,0.0,0.0,0.0,0.0
"der vater spricht, die väter spricht",wiki,simple_agrmt,vater,väter,spricht,spricht,2.859177589416504,1.725900650024414,3.664712905883789,2.7499303817749023,0.0,-1.1952286093343936,1.0812342640688997,0.49062551864665227,1.381791951437483,-0.5188869076815956,1.996104436320188,1.176057800008447,1.8888140177496362,-0.4560240364829303,1.5137773835230879,0.0,0.0,0.0,0.0
"die väter sprechen, der vater sprechen",wiki,simple_agrmt,väter,vater,sprechen,sprechen,0.036319732666015625,2.310537338256836,1.3764677047729492,1.2411082585652669,0.0,1.1952286093343936,1.0812342640688997,0.49062551864665227,-0.5188869076815956,1.381791951437483,-1.996104436320188,0.865062423476475,-0.4560240364829303,1.8888140177496362,0.9138788637986227,0.0,0.0,0.0,0.0
"der vater arbeitet, die väter arbeitet",wiki,simple_agrmt,vater,väter,arbeitet,arbeitet,5.697307586669922,3.7265539169311523,4.545729637145996,4.656530380249023,0.0,-1.1952286093343936,1.0174868686425287,0.49062551864665227,1.381791951437483,-0.5188869076815956,1.996104436320188,0.5212271230613056,1.8888140177496362,-0.4560240364829303,0.7252840078182893,0.0,0.0,0.0,0.0
"die väter arbeiten, der vater arbeiten",wiki,simple_agrmt,väter,vater,arbeiten,arbeiten,0.7179117202758789,2.7097110748291016,2.599616050720215,2.009079615275065,0.0,1.1952286093343936,1.0174868686425287,0.49062551864665227,-0.5188869076815956,1.381791951437483,-1.996104436320188,1.3995527613100525,-0.4560240364829303,1.8888140177496362,0.951228443371056,0.0,0.0,0.0,0.0
"der vater liegt, die väter liegt",wiki,simple_agrmt,vater,väter,liegt,liegt,5.540458679199219,4.768579483032227,5.270822525024414,5.193286895751953,0.0,-1.1952286093343936,1.7973493467784791,0.49062551864665227,1.381791951437483,-0.5188869076815956,1.996104436320188,1.9232323499227715,1.8888140177496362,-0.4560240364829303,2.1938150336261266,0.0,0.0,0.0,0.0
"die väter liegen, der vater liegen",wiki,simple_agrmt,väter,vater,liegen,liegen,5.025728225708008,1.5788745880126953,4.729683876037598,3.778095563252767,0.0,1.1952286093343936,1.7973493467784791,0.49062551864665227,-0.5188869076815956,1.381791951437483,-1.996104436320188,1.4697475271403844,-0.4560240364829303,1.8888140177496362,1.746379185588242,0.0,0.0,0.0,0.0
"der mann schaukelt, die männer schaukelt",wiki,simple_agrmt,mann,männer,schaukelt,schaukelt,-0.20110607147216797,-2.2913413047790527,-1.9091339111328125,-1.4671937624613445,-1.414213562373095,0.0,-1.594295131180744,1.222829618785218,1.175508206244424,0.975186785354244,0.21037876809666783,-1.504830240123244,0.9192813024089771,0.9834123114142647,-1.1828708801319525,0.0,0.0,0.0,0.0
"die männer schaukeln, der mann schaukeln",wiki,simple_agrmt,männer,mann,schaukeln,schaukeln,3.5818753242492676,6.893284320831299,5.858604907989502,5.4445881843566895,1.414213562373095,0.0,-1.594295131180744,1.222829618785218,0.975186785354244,1.175508206244424,-0.21037876809666783,-1.504830240123244,0.9834123114142647,0.9192813024089771,-1.1828708801319525,0.0,0.0,0.0,0.0
"der mann flüchtet, die männer flüchtet",wiki,simple_agrmt,mann,männer,flüchtet,flüchtet,3.3648571968078613,1.4698209762573242,-3.1028647422790527,0.5772711435953776,-1.414213562373095,0.0,-0.946401762942086,1.222829618785218,1.175508206244424,0.975186785354244,0.21037876809666783,-1.163662700803156,0.9192813024089771,0.9834123114142647,-0.9915079275804617,0.0,0.0,0.0,0.0
"die männer flüchten, der mann flüchten",wiki,simple_agrmt,männer,mann,flüchten,flüchten,3.5299649238586426,4.236040115356445,8.511157512664795,5.425720850626628,1.414213562373095,0.0,-0.946401762942086,1.222829618785218,0.975186785354244,1.175508206244424,-0.21037876809666783,-0.6229249445175058,0.9834123114142647,0.9192813024089771,-0.9915079275804617,0.0,0.0,0.0,0.0
"der mann riecht, die männer riecht",wiki,simple_agrmt,mann,männer,riecht,riecht,3.07498836517334,4.189457893371582,3.506826400756836,3.5904242197672525,-1.414213562373095,0.0,-0.9021037370105023,1.222829618785218,1.175508206244424,0.975186785354244,0.21037876809666783,-1.02206537844863,0.9192813024089771,0.9834123114142647,-0.9915079275804617,0.0,0.0,0.0,0.0
"die männer riechen, der mann riechen",wiki,simple_agrmt,männer,mann,riechen,riechen,0.1353597640991211,0.5177822113037109,-1.889084815979004,-0.41198094685872394,1.414213562373095,0.0,-0.9021037370105023,1.222829618785218,0.975186785354244,1.175508206244424,-0.21037876809666783,-0.6808978391285421,0.9834123114142647,0.9192813024089771,-0.9915079275804617,0.0,0.0,0.0,0.0
"der mann wandert, die männer wandert",wiki,simple_agrmt,mann,männer,wandert,wandert,3.769664764404297,3.007124900817871,2.33353328704834,3.0367743174235025,-1.414213562373095,0.0,-0.39474371973629335,1.222829618785218,1.175508206244424,0.975186785354244,0.21037876809666783,-0.6808978391285421,0.9192813024089771,0.9834123114142647,-0.5285966238657006,0.0,0.0,0.0,0.0
"die männer wandern, der mann wandern",wiki,simple_agrmt,männer,mann,wandern,wandern,4.541781425476074,1.5888738632202148,2.7857580184936523,2.972137769063314,1.414213562373095,0.0,-0.39474371973629335,1.222829618785218,0.975186785354244,1.175508206244424,-0.21037876809666783,-0.06428700769209962,0.9834123114142647,0.9192813024089771,0.1256776324005511,0.0,0.0,0.0,0.0
"der mann feiert, die männer feiert",wiki,simple_agrmt,mann,männer,feiert,feiert,0.8838062286376953,-1.1755847930908203,-2.4999070167541504,-0.9305618604024252,-1.414213562373095,0.0,-0.3017473366268855,1.222829618785218,1.175508206244424,0.975186785354244,0.21037876809666783,-0.6808978391285421,0.9192813024089771,0.9834123114142647,-0.2644808532796324,0.0,0.0,0.0,0.0
"die männer feiern, der mann feiern",wiki,simple_agrmt,männer,mann,feiern,feiern,0.9292330741882324,4.180232048034668,5.966002464294434,3.6918225288391113,1.414213562373095,0.0,-0.3017473366268855,1.222829618785218,0.975186785354244,1.175508206244424,-0.21037876809666783,0.11126865548235944,0.9834123114142647,0.9192813024089771,0.06265627485349347,0.0,0.0,0.0,0.0
"der mann verschwindet, die männer verschwindet",wiki,simple_agrmt,mann,männer,verschwindet,verschwindet,1.015523910522461,1.1857080459594727,3.777273178100586,1.9928350448608398,-1.414213562373095,0.0,-0.01530453759687416,1.222829618785218,1.175508206244424,0.975186785354244,0.21037876809666783,-0.2298988838377287,0.9192813024089771,0.9834123114142647,-0.14587071876271931,0.0,0.0,0.0,0.0
"die männer verschwinden, der mann verschwinden",wiki,simple_agrmt,männer,mann,verschwinden,verschwinden,4.256814002990723,4.887611389160156,2.1904754638671875,3.7783002853393555,1.414213562373095,0.0,-0.01530453759687416,1.222829618785218,0.975186785354244,1.175508206244424,-0.21037876809666783,0.20100745647719645,0.9834123114142647,0.9192813024089771,-0.4232819914388805,0.0,0.0,0.0,0.0
"der mann denkt, die männer denkt",wiki,simple_agrmt,mann,männer,denkt,denkt,3.336256980895996,3.794038772583008,2.1793127059936523,3.1032028198242188,-1.414213562373095,0.0,0.25852574560347735,1.222829618785218,1.175508206244424,0.975186785354244,0.21037876809666783,-0.40545454701218775,0.9192813024089771,0.9834123114142647,-0.5285966238657006,0.0,0.0,0.0,0.0
"die männer denken, der mann denken",wiki,simple_agrmt,männer,mann,denken,denken,3.2649307250976562,0.8318634033203125,-2.2148780822753906,0.6273053487141927,1.414213562373095,0.0,0.25852574560347735,1.222829618785218,0.975186785354244,1.175508206244424,-0.21037876809666783,0.8934913630644308,0.9834123114142647,0.9192813024089771,-0.010096543181084104,0.0,0.0,0.0,0.0
"der mann spricht, die männer spricht",wiki,simple_agrmt,mann,männer,spricht,spricht,3.445187568664551,2.4054455757141113,0.6479921340942383,2.1662084261576333,-1.414213562373095,0.0,1.0812342640688997,1.222829618785218,1.175508206244424,0.975186785354244,0.21037876809666783,1.176057800008447,0.9192813024089771,0.9834123114142647,1.5137773835230879,0.4054651081081644,0.0,0.0,0.0
"die männer sprechen, der mann sprechen",wiki,simple_agrmt,männer,mann,sprechen,sprechen,4.52564811706543,3.257589340209961,3.5834999084472656,3.7889124552408853,1.414213562373095,0.0,1.0812342640688997,1.222829618785218,0.975186785354244,1.175508206244424,-0.21037876809666783,0.865062423476475,0.9834123114142647,0.9192813024089771,0.9138788637986227,0.0,0.4054651081081644,0.0,0.0
"der mann arbeitet, die männer arbeitet",wiki,simple_agrmt,mann,männer,arbeitet,arbeitet,2.63632869720459,2.749037742614746,2.7843565940856934,2.7232410113016763,-1.414213562373095,0.0,1.0174868686425287,1.222829618785218,1.175508206244424,0.975186785354244,0.21037876809666783,0.5212271230613056,0.9192813024089771,0.9834123114142647,0.7252840078182893,0.0,0.0,0.0,0.0
"die männer arbeiten, der mann arbeiten",wiki,simple_agrmt,männer,mann,arbeiten,arbeiten,4.028146743774414,4.495522499084473,4.165501117706299,4.2297234535217285,1.414213562373095,0.0,1.0174868686425287,1.222829618785218,0.975186785354244,1.175508206244424,-0.21037876809666783,1.3995527613100525,0.9834123114142647,0.9192813024089771,0.951228443371056,0.0,0.0,0.0,0.0
"der mann liegt, die männer liegt",wiki,simple_agrmt,mann,männer,liegt,liegt,2.1380820274353027,2.8568830490112305,0.8316898345947266,1.94221830368042,-1.414213562373095,0.0,1.7973493467784791,1.222829618785218,1.175508206244424,0.975186785354244,0.21037876809666783,1.9232323499227715,0.9192813024089771,0.9834123114142647,2.1938150336261266,0.0,0.0,0.0,0.0
"die männer liegen, der mann liegen",wiki,simple_agrmt,männer,mann,liegen,liegen,7.46668004989624,5.556504726409912,4.7397918701171875,5.920992215474446,1.414213562373095,0.0,1.7973493467784791,1.222829618785218,0.975186785354244,1.175508206244424,-0.21037876809666783,1.4697475271403844,0.9834123114142647,0.9192813024089771,1.746379185588242,0.0,0.0,0.0,0.0
"die person schaukelt, die personen schaukelt",wiki,simple_agrmt,person,personen,schaukelt,schaukelt,1.6186771392822266,-1.4659814834594727,-2.475553512573242,-0.7742859522501627,-1.414213562373095,0.0,-1.594295131180744,1.521555956364832,1.1633318332111577,1.5127587067299928,-0.36697021648555167,-1.504830240123244,1.134370815979428,1.5255716312728484,-1.1828708801319525,0.0,0.0,0.0,0.0
"die personen schaukeln, die person schaukeln",wiki,simple_agrmt,personen,person,schaukeln,schaukeln,-1.0728344917297363,2.8038644790649414,2.9776039123535156,1.5695446332295735,1.414213562373095,0.0,-1.594295131180744,1.521555956364832,1.5127587067299928,1.1633318332111577,0.36697021648555167,-1.504830240123244,1.5255716312728484,1.134370815979428,-1.1828708801319525,0.0,0.0,0.0,0.0
"die person flüchtet, die personen flüchtet",wiki,simple_agrmt,person,personen,flüchtet,flüchtet,3.3591055870056152,4.1648359298706055,-2.1948161125183105,1.77637513478597,-1.414213562373095,0.0,-0.946401762942086,1.521555956364832,1.1633318332111577,1.5127587067299928,-0.36697021648555167,-1.163662700803156,1.134370815979428,1.5255716312728484,-0.9915079275804617,0.0,0.0,0.0,0.0
"die personen flüchten, die person flüchten",wiki,simple_agrmt,personen,person,flüchten,flüchten,1.081840991973877,2.0536155700683594,5.930774211883545,3.0220769246419272,1.414213562373095,0.0,-0.946401762942086,1.521555956364832,1.5127587067299928,1.1633318332111577,0.36697021648555167,-0.6229249445175058,1.5255716312728484,1.134370815979428,-0.9915079275804617,0.0,0.0,0.0,0.0
"die person riecht, die personen riecht",wiki,simple_agrmt,person,personen,riecht,riecht,2.8509464263916016,7.049088478088379,2.483156204223633,4.127730369567871,-1.414213562373095,0.0,-0.9021037370105023,1.521555956364832,1.1633318332111577,1.5127587067299928,-0.36697021648555167,-1.02206537844863,1.134370815979428,1.5255716312728484,-0.9915079275804617,0.0,0.0,0.0,0.0
"die personen riechen, die person riechen",wiki,simple_agrmt,personen,person,riechen,riechen,-1.526597023010254,-1.385972023010254,1.1315250396728516,-0.5936813354492188,1.414213562373095,0.0,-0.9021037370105023,1.521555956364832,1.5127587067299928,1.1633318332111577,0.36697021648555167,-0.6808978391285421,1.5255716312728484,1.134370815979428,-0.9915079275804617,0.0,0.0,0.0,0.0
"die person wandert, die personen wandert",wiki,simple_agrmt,person,personen,wandert,wandert,3.3955564498901367,3.320314407348633,2.0852127075195312,2.9336945215861,-1.414213562373095,0.0,-0.39474371973629335,1.521555956364832,1.1633318332111577,1.5127587067299928,-0.36697021648555167,-0.6808978391285421,1.134370815979428,1.5255716312728484,-0.5285966238657006,0.0,0.0,0.0,0.0
"die personen wandern, die person wandern",wiki,simple_agrmt,personen,person,wandern,wandern,3.253706932067871,1.7045011520385742,5.351304054260254,3.436504046122233,1.414213562373095,0.0,-0.39474371973629335,1.521555956364832,1.5127587067299928,1.1633318332111577,0.36697021648555167,-0.06428700769209962,1.5255716312728484,1.134370815979428,0.1256776324005511,0.0,0.0,0.0,0.0
"die person feiert, die personen feiert",wiki,simple_agrmt,person,personen,feiert,feiert,3.473353385925293,0.8545904159545898,2.1758432388305664,2.16792901357015,-1.414213562373095,0.0,-0.3017473366268855,1.521555956364832,1.1633318332111577,1.5127587067299928,-0.36697021648555167,-0.6808978391285421,1.134370815979428,1.5255716312728484,-0.2644808532796324,0.0,0.0,0.0,0.0
"die personen feiern, die person feiern",wiki,simple_agrmt,personen,person,feiern,feiern,2.019373893737793,2.4265599250793457,3.287280559539795,2.577738126118978,1.414213562373095,0.0,-0.3017473366268855,1.521555956364832,1.5127587067299928,1.1633318332111577,0.36697021648555167,0.11126865548235944,1.5255716312728484,1.134370815979428,0.06265627485349347,0.0,0.0,0.0,0.0
"die person verschwindet, die personen verschwindet",wiki,simple_agrmt,person,personen,verschwindet,verschwindet,3.05751895904541,6.473329544067383,4.482877731323242,4.671242078145345,-1.414213562373095,0.0,-0.01530453759687416,1.521555956364832,1.1633318332111577,1.5127587067299928,-0.36697021648555167,-0.2298988838377287,1.134370815979428,1.5255716312728484,-0.14587071876271931,0.0,0.0,0.0,0.0
"die personen verschwinden, die person verschwinden",wiki,simple_agrmt,personen,person,verschwinden,verschwinden,3.1298179626464844,0.690272331237793,1.6214628219604492,1.813851038614909,1.414213562373095,0.0,-0.01530453759687416,1.521555956364832,1.5127587067299928,1.1633318332111577,0.36697021648555167,0.20100745647719645,1.5255716312728484,1.134370815979428,-0.4232819914388805,0.0,0.0,0.0,0.0
"die person denkt, die personen denkt",wiki,simple_agrmt,person,personen,denkt,denkt,3.974337577819824,1.6639142036437988,3.980320930480957,3.206190903981527,-1.414213562373095,0.0,0.25852574560347735,1.521555956364832,1.1633318332111577,1.5127587067299928,-0.36697021648555167,-0.40545454701218775,1.134370815979428,1.5255716312728484,-0.5285966238657006,0.0,0.0,0.0,0.0
"die personen denken, die person denken",wiki,simple_agrmt,personen,person,denken,denken,4.471596717834473,3.403925895690918,1.0443058013916016,2.973276138305664,1.414213562373095,0.0,0.25852574560347735,1.521555956364832,1.5127587067299928,1.1633318332111577,0.36697021648555167,0.8934913630644308,1.5255716312728484,1.134370815979428,-0.010096543181084104,0.0,0.0,0.0,0.0
"die person spricht, die personen spricht",wiki,simple_agrmt,person,personen,spricht,spricht,6.205665588378906,2.1623764038085938,4.2415771484375,4.203206380208333,-1.414213562373095,0.0,1.0812342640688997,1.521555956364832,1.1633318332111577,1.5127587067299928,-0.36697021648555167,1.176057800008447,1.134370815979428,1.5255716312728484,1.5137773835230879,0.0,0.0,0.0,0.0
"die personen sprechen, die person sprechen",wiki,simple_agrmt,personen,person,sprechen,sprechen,1.9895954132080078,2.423281669616699,1.2722015380859375,1.8950262069702148,1.414213562373095,0.0,1.0812342640688997,1.521555956364832,1.5127587067299928,1.1633318332111577,0.36697021648555167,0.865062423476475,1.5255716312728484,1.134370815979428,0.9138788637986227,0.0,0.0,0.0,0.0
"die person arbeitet, die personen arbeitet",wiki,simple_agrmt,person,personen,arbeitet,arbeitet,3.928338050842285,4.188916206359863,3.9738898277282715,4.030381361643474,-1.414213562373095,0.0,1.0174868686425287,1.521555956364832,1.1633318332111577,1.5127587067299928,-0.36697021648555167,0.5212271230613056,1.134370815979428,1.5255716312728484,0.7252840078182893,0.0,0.4054651081081644,0.0,0.0
"die personen arbeiten, die person arbeiten",wiki,simple_agrmt,personen,person,arbeiten,arbeiten,4.840048789978027,4.529201507568359,5.489501953125,4.952917416890462,1.414213562373095,0.0,1.0174868686425287,1.521555956364832,1.5127587067299928,1.1633318332111577,0.36697021648555167,1.3995527613100525,1.5255716312728484,1.134370815979428,0.951228443371056,0.4054651081081644,0.0,0.0,0.0
"die person liegt, die personen liegt",wiki,simple_agrmt,person,personen,liegt,liegt,3.3737831115722656,2.632650375366211,5.473455905914307,3.8266297976175943,-1.414213562373095,0.0,1.7973493467784791,1.521555956364832,1.1633318332111577,1.5127587067299928,-0.36697021648555167,1.9232323499227715,1.134370815979428,1.5255716312728484,2.1938150336261266,0.0,0.4054651081081644,0.0,0.0
"die personen liegen, die person liegen",wiki,simple_agrmt,personen,person,liegen,liegen,5.572734832763672,3.1217494010925293,4.625619888305664,4.440034707387288,1.414213562373095,0.0,1.7973493467784791,1.521555956364832,1.5127587067299928,1.1633318332111577,0.36697021648555167,1.4697475271403844,1.5255716312728484,1.134370815979428,1.746379185588242,0.4054651081081644,0.0,0.0,0.0
