minimal_pair,dataset,paradigm,nsubj1,nsubj2,verb1,verb2,delta_score_42,delta_score_13,delta_score_30,delta_avg,delta_sent_length_char,delta_subwords,total_freq_verbs,total_freq_nouns,nsubj1_log_freq,nsubj2_log_freq,nsubj1_nsubj2_log_freq,verb_log_freq,dep_nsubj1_freq,dep_nsubj2_freq,dep_verb_freq,bigram_freq_gramm,bigram_freq_ungramm,bigram_nsubj2_root,bigram_nsubj1_root
"le gamin casse, les gamins casse",wiki,simple_agrmt,gamin,gamins,casse,casse,-2.068963050842285,1.4867668151855469,1.6636333465576172,0.36047903696695965,-2,0,5.666426688112432,1.0986122886681096,0.4054651081081644,0.6931471805599453,-0.2876820724517809,2.833213344056216,0.0,0.0,0.0,0.0,0.0,0.0,0.0
"les gamins cassent, le gamin cassent",wiki,simple_agrmt,gamins,gamin,cassent,cassent,3.8754310607910156,4.52186393737793,4.646303176879883,4.347866058349609,2,0,2.772588722239781,1.0986122886681096,0.6931471805599453,0.4054651081081644,0.2876820724517809,1.3862943611198906,0.0,0.0,0.0,0.0,0.0,0.0,0.0
"le gamin rentre, les gamins rentre",wiki,simple_agrmt,gamin,gamins,rentre,rentre,-1.114217758178711,2.838789939880371,1.1296586990356445,0.9514102935791016,-2,0,7.522400231387125,1.0986122886681096,0.4054651081081644,0.6931471805599453,-0.2876820724517809,3.7612001156935624,0.0,0.0,0.0,0.0,0.0,0.0,0.0
"les gamins rentrent, le gamin rentrent",wiki,simple_agrmt,gamins,gamin,rentrent,rentrent,4.9691972732543945,6.2696757316589355,8.484113693237305,6.574328899383545,2,0,5.8888779583328805,1.0986122886681096,0.6931471805599453,0.4054651081081644,0.2876820724517809,2.9444389791664403,0.0,0.0,0.0,0.0,0.0,0.0,0.0
"le gamin continue, les gamins continue",wiki,simple_agrmt,gamin,gamins,continue,continue,0.5812520980834961,0.06894874572753906,1.912705421447754,0.8543020884195963,-2,0,10.731952030043702,1.0986122886681096,0.4054651081081644,0.6931471805599453,-0.2876820724517809,5.365976015021851,0.0,0.0,0.0,0.0,0.0,0.0,0.0
"les gamins continuent, le gamin continuent",wiki,simple_agrmt,gamins,gamin,continuent,continuent,3.8034772872924805,3.8839406967163086,4.056474685668945,3.914630889892578,2,0,8.661466680572662,1.0986122886681096,0.6931471805599453,0.4054651081081644,0.2876820724517809,4.330733340286331,0.0,0.0,0.0,0.0,0.0,0.0,0.0
"le gamin suit, les gamins suit",wiki,simple_agrmt,gamin,gamins,suit,suit,0.7289714813232422,2.6871585845947266,4.960753440856934,2.792294502258301,-2,0,10.566407457475977,1.0986122886681096,0.4054651081081644,0.6931471805599453,-0.2876820724517809,5.2832037287379885,0.0,0.0,0.0,0.0,0.0,0.0,0.0
"les gamins suivent, le gamin suivent",wiki,simple_agrmt,gamins,gamin,suivent,suivent,4.532416343688965,6.523014068603516,4.947992324829102,5.334474245707194,2,0,9.55824698622306,1.0986122886681096,0.6931471805599453,0.4054651081081644,0.2876820724517809,4.77912349311153,0.0,0.0,0.0,0.0,0.0,0.0,0.0
"le gamin rend, les gamins rend",wiki,simple_agrmt,gamin,gamins,rend,rend,-1.6066665649414062,-0.7308425903320312,-1.6937294006347656,-1.3437461853027344,-2,0,11.304978360537302,1.0986122886681096,0.4054651081081644,0.6931471805599453,-0.2876820724517809,5.652489180268651,0.0,0.0,0.0,0.0,0.0,0.0,0.0
"les gamins rendent, le gamin rendent",wiki,simple_agrmt,gamins,gamin,rendent,rendent,4.248703956604004,5.672281265258789,5.568890571594238,5.163291931152344,2,0,9.128696382935672,1.0986122886681096,0.6931471805599453,0.4054651081081644,0.2876820724517809,4.564348191467836,0.0,0.0,0.0,0.0,0.0,0.0,0.0
"le gamin va, les gamins va",wiki,simple_agrmt,gamin,gamins,va,va,3.2072815895080566,1.3562898635864258,4.427365303039551,2.9969789187113443,-2,0,11.922010679246547,1.0986122886681096,0.4054651081081644,0.6931471805599453,-0.2876820724517809,5.961005339623274,0.0,0.0,0.0,0.0,0.0,0.0,0.0
"les gamins vont, le gamin vont",wiki,simple_agrmt,gamins,gamin,vont,vont,5.530343055725098,5.074113845825195,5.612390518188477,5.40561580657959,2,0,10.329571947847029,1.0986122886681096,0.6931471805599453,0.4054651081081644,0.2876820724517809,5.1647859739235145,0.0,0.0,0.0,0.0,0.0,0.0,0.0
"le gamin permet, les gamins permet",wiki,simple_agrmt,gamin,gamins,permet,permet,2.506197929382324,3.031062126159668,1.6321659088134766,2.3898086547851562,-2,0,13.38912411704219,1.0986122886681096,0.4054651081081644,0.6931471805599453,-0.2876820724517809,6.694562058521095,0.0,0.0,0.0,0.0,0.0,0.0,0.0
"les gamins permettent, le gamin permettent",wiki,simple_agrmt,gamins,gamin,permettent,permettent,4.182258129119873,6.0926666259765625,6.875278949737549,5.716734568277995,2,0,11.074668534037073,1.0986122886681096,0.6931471805599453,0.4054651081081644,0.2876820724517809,5.537334267018537,0.0,0.0,0.0,0.0,0.0,0.0,0.0
"la vilaine casse, les vilaines casse",wiki,simple_agrmt,vilaine,vilaines,casse,casse,-1.5595169067382812,2.4307422637939453,-0.5544328689575195,0.10559749603271484,-2,0,5.666426688112432,3.4657359027997265,2.772588722239781,0.6931471805599453,2.0794415416798357,2.833213344056216,0.0,0.0,0.0,0.0,0.0,0.0,0.0
"les vilaines cassent, la vilaine cassent",wiki,simple_agrmt,vilaines,vilaine,cassent,cassent,5.826055526733398,2.1293416023254395,2.493004322052002,3.4828004837036133,2,0,2.772588722239781,3.4657359027997265,0.6931471805599453,2.772588722239781,-2.0794415416798357,1.3862943611198906,0.0,0.0,0.0,0.0,0.0,0.0,0.0
"la vilaine rentre, les vilaines rentre",wiki,simple_agrmt,vilaine,vilaines,rentre,rentre,1.6056432723999023,0.6730737686157227,1.8348979949951172,1.3712050120035808,-2,0,7.522400231387125,3.4657359027997265,2.772588722239781,0.6931471805599453,2.0794415416798357,3.7612001156935624,0.0,0.0,0.0,0.0,0.0,0.0,0.0
"les vilaines rentrent, la vilaine rentrent",wiki,simple_agrmt,vilaines,vilaine,rentrent,rentrent,2.435821533203125,2.933910369873047,7.287395000457764,4.2190423011779785,2,0,5.8888779583328805,3.4657359027997265,0.6931471805599453,2.772588722239781,-2.0794415416798357,2.9444389791664403,0.0,0.0,0.0,0.0,0.0,0.0,0.0
"la vilaine continue, les vilaines continue",wiki,simple_agrmt,vilaine,vilaines,continue,continue,2.1998486518859863,3.6552724838256836,2.92733097076416,2.9274840354919434,-2,0,10.731952030043702,3.4657359027997265,2.772588722239781,0.6931471805599453,2.0794415416798357,5.365976015021851,0.0,0.0,0.0,0.0,0.0,0.0,0.0
"les vilaines continuent, la vilaine continuent",wiki,simple_agrmt,vilaines,vilaine,continuent,continuent,4.6400909423828125,4.439902305603027,5.662358283996582,4.914117177327474,2,0,8.661466680572662,3.4657359027997265,0.6931471805599453,2.772588722239781,-2.0794415416798357,4.330733340286331,0.0,0.0,0.0,0.0,0.0,0.0,0.0
"la vilaine suit, les vilaines suit",wiki,simple_agrmt,vilaine,vilaines,suit,suit,3.228560447692871,3.1777820587158203,3.80234432220459,3.4028956095377603,-2,0,10.566407457475977,3.4657359027997265,2.772588722239781,0.6931471805599453,2.0794415416798357,5.2832037287379885,0.0,0.0,0.0,0.0,0.0,0.0,0.0
"les vilaines suivent, la vilaine suivent",wiki,simple_agrmt,vilaines,vilaine,suivent,suivent,5.83466911315918,5.149477958679199,7.387386322021484,6.123844464619954,2,0,9.55824698622306,3.4657359027997265,0.6931471805599453,2.772588722239781,-2.0794415416798357,4.77912349311153,0.0,0.0,0.0,0.0,0.0,0.0,0.0
"la vilaine rend, les vilaines rend",wiki,simple_agrmt,vilaine,vilaines,rend,rend,3.0850648880004883,1.157480239868164,0.592524528503418,1.6116898854573567,-2,0,11.304978360537302,3.4657359027997265,2.772588722239781,0.6931471805599453,2.0794415416798357,5.652489180268651,0.0,0.0,0.0,0.0,0.0,0.0,0.0
"les vilaines rendent, la vilaine rendent",wiki,simple_agrmt,vilaines,vilaine,rendent,rendent,3.2919464111328125,3.6628189086914062,5.072657585144043,4.009140968322754,2,0,9.128696382935672,3.4657359027997265,0.6931471805599453,2.772588722239781,-2.0794415416798357,4.564348191467836,0.0,0.0,0.0,0.0,0.0,0.0,0.0
"la vilaine va, les vilaines va",wiki,simple_agrmt,vilaine,vilaines,va,va,2.186800003051758,2.478835105895996,3.3168458938598633,2.6608270009358725,-2,0,11.922010679246547,3.4657359027997265,2.772588722239781,0.6931471805599453,2.0794415416798357,5.961005339623274,0.0,0.0,0.0,0.0,0.0,0.0,0.0
"les vilaines vont, la vilaine vont",wiki,simple_agrmt,vilaines,vilaine,vont,vont,5.021636962890625,3.7295188903808594,6.510472774505615,5.087209542592366,2,0,10.329571947847029,3.4657359027997265,0.6931471805599453,2.772588722239781,-2.0794415416798357,5.1647859739235145,0.0,0.0,0.0,0.0,0.0,0.0,0.0
"la vilaine permet, les vilaines permet",wiki,simple_agrmt,vilaine,vilaines,permet,permet,3.6025218963623047,5.4592180252075195,3.205355644226074,4.0890318552653,-2,0,13.38912411704219,3.4657359027997265,2.772588722239781,0.6931471805599453,2.0794415416798357,6.694562058521095,0.0,0.0,0.0,0.0,0.0,0.0,0.0
"les vilaines permettent, la vilaine permettent",wiki,simple_agrmt,vilaines,vilaine,permettent,permettent,2.9129228591918945,2.398662567138672,3.794508934020996,3.035364786783854,2,0,11.074668534037073,3.4657359027997265,0.6931471805599453,2.772588722239781,-2.0794415416798357,5.537334267018537,0.0,0.0,0.0,0.0,0.0,0.0,0.0
"le cuisinier casse, les cuisiniers casse",wiki,simple_agrmt,cuisinier,cuisiniers,casse,casse,0.3993864059448242,3.5370311737060547,-0.41397953033447266,1.174146016438802,-2,0,5.666426688112432,2.890371757896165,2.1972245773362196,0.6931471805599453,1.5040773967762742,2.833213344056216,1.791759469228055,0.0,0.0,0.0,0.0,0.0,0.0
"les cuisiniers cassent, le cuisinier cassent",wiki,simple_agrmt,cuisiniers,cuisinier,cassent,cassent,2.7046499252319336,0.9795608520507812,3.349246025085449,2.344485600789388,2,0,2.772588722239781,2.890371757896165,0.6931471805599453,2.1972245773362196,-1.5040773967762742,1.3862943611198906,0.0,1.791759469228055,0.0,0.0,0.0,0.0,0.0
"le cuisinier rentre, les cuisiniers rentre",wiki,simple_agrmt,cuisinier,cuisiniers,rentre,rentre,1.2789306640625,1.5280542373657227,3.2014217376708984,2.0028022130330405,-2,0,7.522400231387125,2.890371757896165,2.1972245773362196,0.6931471805599453,1.5040773967762742,3.7612001156935624,1.791759469228055,0.0,0.0,0.0,0.0,0.0,0.0
"les cuisiniers rentrent, le cuisinier rentrent",wiki,simple_agrmt,cuisiniers,cuisinier,rentrent,rentrent,5.867916107177734,5.632382392883301,6.855834007263184,6.118710835774739,2,0,5.8888779583328805,2.890371757896165,0.6931471805599453,2.1972245773362196,-1.5040773967762742,2.9444389791664403,0.0,1.791759469228055,0.0,0.0,0.0,0.0,0.0
"le cuisinier continue, les cuisiniers continue",wiki,simple_agrmt,cuisinier,cuisiniers,continue,continue,0.9173812866210938,2.348149299621582,1.7864370346069336,1.6839892069498699,-2,0,10.731952030043702,2.890371757896165,2.1972245773362196,0.6931471805599453,1.5040773967762742,5.365976015021851,1.791759469228055,0.0,0.0,0.0,0.0,0.0,0.0
"les cuisiniers continuent, le cuisinier continuent",wiki,simple_agrmt,cuisiniers,cuisinier,continuent,continuent,5.194755554199219,2.5959300994873047,5.465394973754883,4.418693542480469,2,0,8.661466680572662,2.890371757896165,0.6931471805599453,2.1972245773362196,-1.5040773967762742,4.330733340286331,0.0,1.791759469228055,0.0,0.0,0.0,0.0,0.0
"le cuisinier suit, les cuisiniers suit",wiki,simple_agrmt,cuisinier,cuisiniers,suit,suit,2.6922073364257812,3.223316192626953,4.999384880065918,3.638302803039551,-2,0,10.566407457475977,2.890371757896165,2.1972245773362196,0.6931471805599453,1.5040773967762742,5.2832037287379885,1.791759469228055,0.0,0.0,0.0,0.0,0.0,0.0
"les cuisiniers suivent, le cuisinier suivent",wiki,simple_agrmt,cuisiniers,cuisinier,suivent,suivent,6.471617698669434,6.14656925201416,5.494545936584473,6.0375776290893555,2,0,9.55824698622306,2.890371757896165,0.6931471805599453,2.1972245773362196,-1.5040773967762742,4.77912349311153,0.0,1.791759469228055,0.0,0.0,0.0,0.0,0.0
"le cuisinier rend, les cuisiniers rend",wiki,simple_agrmt,cuisinier,cuisiniers,rend,rend,-1.925384521484375,0.019019126892089844,-0.5290374755859375,-0.8118009567260742,-2,0,11.304978360537302,2.890371757896165,2.1972245773362196,0.6931471805599453,1.5040773967762742,5.652489180268651,1.791759469228055,0.0,0.0,0.0,0.0,0.0,0.0
"les cuisiniers rendent, le cuisinier rendent",wiki,simple_agrmt,cuisiniers,cuisinier,rendent,rendent,5.795682907104492,2.708249092102051,4.021272659301758,4.175068219502767,2,0,9.128696382935672,2.890371757896165,0.6931471805599453,2.1972245773362196,-1.5040773967762742,4.564348191467836,0.0,1.791759469228055,0.0,0.0,0.0,0.0,0.0
"le cuisinier va, les cuisiniers va",wiki,simple_agrmt,cuisinier,cuisiniers,va,va,4.028266906738281,3.8226232528686523,3.963183879852295,3.9380246798197427,-2,0,11.922010679246547,2.890371757896165,2.1972245773362196,0.6931471805599453,1.5040773967762742,5.961005339623274,1.791759469228055,0.0,0.0,0.0,0.0,0.0,0.0
"les cuisiniers vont, le cuisinier vont",wiki,simple_agrmt,cuisiniers,cuisinier,vont,vont,5.77949333190918,3.6525211334228516,5.258370876312256,4.896795113881429,2,0,10.329571947847029,2.890371757896165,0.6931471805599453,2.1972245773362196,-1.5040773967762742,5.1647859739235145,0.0,1.791759469228055,0.0,0.0,0.0,0.0,0.0
"le cuisinier permet, les cuisiniers permet",wiki,simple_agrmt,cuisinier,cuisiniers,permet,permet,4.189109802246094,4.725587368011475,3.8307032585144043,4.248466809590657,-2,0,13.38912411704219,2.890371757896165,2.1972245773362196,0.6931471805599453,1.5040773967762742,6.694562058521095,1.791759469228055,0.0,0.0,0.0,0.0,0.0,0.0
"les cuisiniers permettent, le cuisinier permettent",wiki,simple_agrmt,cuisiniers,cuisinier,permettent,permettent,3.5750961303710938,3.709872245788574,4.531678676605225,3.938882350921631,2,0,11.074668534037073,2.890371757896165,0.6931471805599453,2.1972245773362196,-1.5040773967762742,5.537334267018537,0.0,1.791759469228055,0.0,0.0,0.0,0.0,0.0
"l'avocat casse, les avocats casse",wiki,simple_agrmt,avocat,avocats,casse,casse,0.2769479751586914,0.014049530029296875,0.4953317642211914,0.26210975646972656,-3,1,5.666426688112432,6.396929655216146,3.6888794541139363,2.70805020110221,0.9808292530117262,2.833213344056216,1.6094379124341003,0.4054651081081644,0.0,0.0,0.0,0.0,0.0
"les avocats cassent, l'avocat cassent",wiki,simple_agrmt,avocats,avocat,cassent,cassent,2.7661185264587402,4.101105690002441,5.585446357727051,4.150890191396077,3,-1,2.772588722239781,6.396929655216146,2.70805020110221,3.6888794541139363,-0.9808292530117262,1.3862943611198906,0.4054651081081644,1.6094379124341003,0.0,0.0,0.0,0.0,0.0
"l'avocat rentre, les avocats rentre",wiki,simple_agrmt,avocat,avocats,rentre,rentre,-0.3772773742675781,0.13593482971191406,1.1154870986938477,0.2913815180460612,-3,1,7.522400231387125,6.396929655216146,3.6888794541139363,2.70805020110221,0.9808292530117262,3.7612001156935624,1.6094379124341003,0.4054651081081644,0.0,0.0,0.0,0.0,0.0
"les avocats rentrent, l'avocat rentrent",wiki,simple_agrmt,avocats,avocat,rentrent,rentrent,4.017179489135742,8.008588790893555,8.017256736755371,6.681008338928223,3,-1,5.8888779583328805,6.396929655216146,2.70805020110221,3.6888794541139363,-0.9808292530117262,2.9444389791664403,0.4054651081081644,1.6094379124341003,0.0,0.0,0.0,0.0,0.0
"l'avocat continue, les avocats continue",wiki,simple_agrmt,avocat,avocats,continue,continue,1.4038276672363281,1.3574905395507812,2.208810329437256,1.6567095120747883,-3,1,10.731952030043702,6.396929655216146,3.6888794541139363,2.70805020110221,0.9808292530117262,5.365976015021851,1.6094379124341003,0.4054651081081644,0.0,0.0,0.0,0.0,0.0
"les avocats continuent, l'avocat continuent",wiki,simple_agrmt,avocats,avocat,continuent,continuent,1.474196434020996,2.0002756118774414,4.685651779174805,2.720041275024414,3,-1,8.661466680572662,6.396929655216146,2.70805020110221,3.6888794541139363,-0.9808292530117262,4.330733340286331,0.4054651081081644,1.6094379124341003,0.0,0.0,0.0,0.0,0.0
"l'avocat suit, les avocats suit",wiki,simple_agrmt,avocat,avocats,suit,suit,5.315884113311768,3.2662763595581055,2.3146438598632812,3.6322681109110513,-3,1,10.566407457475977,6.396929655216146,3.6888794541139363,2.70805020110221,0.9808292530117262,5.2832037287379885,1.6094379124341003,0.4054651081081644,0.0,0.0,0.0,0.0,0.0
"les avocats suivent, l'avocat suivent",wiki,simple_agrmt,avocats,avocat,suivent,suivent,1.3077354431152344,4.512975692749023,4.112154006958008,3.310955047607422,3,-1,9.55824698622306,6.396929655216146,2.70805020110221,3.6888794541139363,-0.9808292530117262,4.77912349311153,0.4054651081081644,1.6094379124341003,0.0,0.0,0.0,0.0,0.0
"l'avocat rend, les avocats rend",wiki,simple_agrmt,avocat,avocats,rend,rend,-0.8088884353637695,-0.6815099716186523,-0.9314994812011719,-0.8072992960611979,-3,1,11.304978360537302,6.396929655216146,3.6888794541139363,2.70805020110221,0.9808292530117262,5.652489180268651,1.6094379124341003,0.4054651081081644,0.0,0.0,0.0,0.0,0.0
"les avocats rendent, l'avocat rendent",wiki,simple_agrmt,avocats,avocat,rendent,rendent,2.613947868347168,2.759671211242676,3.2727975845336914,2.8821388880411782,3,-1,9.128696382935672,6.396929655216146,2.70805020110221,3.6888794541139363,-0.9808292530117262,4.564348191467836,0.4054651081081644,1.6094379124341003,0.0,0.0,0.0,0.0,0.0
"l'avocat va, les avocats va",wiki,simple_agrmt,avocat,avocats,va,va,4.814875602722168,3.207019805908203,2.8225536346435547,3.614816347757975,-3,1,11.922010679246547,6.396929655216146,3.6888794541139363,2.70805020110221,0.9808292530117262,5.961005339623274,1.6094379124341003,0.4054651081081644,0.0,0.0,0.0,0.0,0.0
"les avocats vont, l'avocat vont",wiki,simple_agrmt,avocats,avocat,vont,vont,2.2480411529541016,3.197934627532959,5.048404693603516,3.498126824696859,3,-1,10.329571947847029,6.396929655216146,2.70805020110221,3.6888794541139363,-0.9808292530117262,5.1647859739235145,0.4054651081081644,1.6094379124341003,0.0,0.0,0.0,0.0,0.0
"l'avocat permet, les avocats permet",wiki,simple_agrmt,avocat,avocats,permet,permet,4.077148914337158,4.114742279052734,1.7880911827087402,3.3266607920328775,-3,1,13.38912411704219,6.396929655216146,3.6888794541139363,2.70805020110221,0.9808292530117262,6.694562058521095,1.6094379124341003,0.4054651081081644,0.0,0.0,0.0,0.0,0.0
"les avocats permettent, l'avocat permettent",wiki,simple_agrmt,avocats,avocat,permettent,permettent,0.7718105316162109,3.3747901916503906,3.3669323921203613,2.504511038462321,3,-1,11.074668534037073,6.396929655216146,2.70805020110221,3.6888794541139363,-0.9808292530117262,5.537334267018537,0.4054651081081644,1.6094379124341003,0.0,0.0,0.0,0.0,0.0
"le pilote casse, les pilotes casse",wiki,simple_agrmt,pilote,pilotes,casse,casse,0.6461715698242188,0.24220943450927734,-0.5139226913452148,0.12481943766276042,-2,0,5.666426688112432,9.124782483614535,4.624972813284271,4.499809670330265,0.12516314295400566,2.833213344056216,2.8903717578961645,3.4657359027997265,0.0,0.0,0.0,0.0,0.0
"les pilotes cassent, le pilote cassent",wiki,simple_agrmt,pilotes,pilote,cassent,cassent,3.4603271484375,5.669771194458008,3.9186434745788574,4.349580605824788,2,0,2.772588722239781,9.124782483614535,4.499809670330265,4.624972813284271,-0.12516314295400566,1.3862943611198906,3.4657359027997265,2.8903717578961645,0.0,0.0,0.0,0.0,0.0
"le pilote rentre, les pilotes rentre",wiki,simple_agrmt,pilote,pilotes,rentre,rentre,1.8634185791015625,1.4485387802124023,-0.15343475341796875,1.0528408686319988,-2,0,7.522400231387125,9.124782483614535,4.624972813284271,4.499809670330265,0.12516314295400566,3.7612001156935624,2.8903717578961645,3.4657359027997265,0.0,0.0,0.0,0.0,0.0
"les pilotes rentrent, le pilote rentrent",wiki,simple_agrmt,pilotes,pilote,rentrent,rentrent,3.4409399032592773,6.010685920715332,7.257932662963867,5.569852828979492,2,0,5.8888779583328805,9.124782483614535,4.499809670330265,4.624972813284271,-0.12516314295400566,2.9444389791664403,3.4657359027997265,2.8903717578961645,0.0,0.0,0.0,0.0,0.0
"le pilote continue, les pilotes continue",wiki,simple_agrmt,pilote,pilotes,continue,continue,3.937824249267578,1.2838125228881836,2.3837890625,2.535141944885254,-2,0,10.731952030043702,9.124782483614535,4.624972813284271,4.499809670330265,0.12516314295400566,5.365976015021851,2.8903717578961645,3.4657359027997265,0.0,0.0,0.0,0.0,0.0
"les pilotes continuent, le pilote continuent",wiki,simple_agrmt,pilotes,pilote,continuent,continuent,5.461797714233398,5.747365474700928,3.839676856994629,5.016280015309651,2,0,8.661466680572662,9.124782483614535,4.499809670330265,4.624972813284271,-0.12516314295400566,4.330733340286331,3.4657359027997265,2.8903717578961645,0.0,0.4054651081081644,0.0,0.0,0.0
"le pilote suit, les pilotes suit",wiki,simple_agrmt,pilote,pilotes,suit,suit,0.778813362121582,1.1948986053466797,1.3812341690063477,1.1183153788248699,-2,0,10.566407457475977,9.124782483614535,4.624972813284271,4.499809670330265,0.12516314295400566,5.2832037287379885,2.8903717578961645,3.4657359027997265,0.0,0.0,0.0,0.0,0.0
"les pilotes suivent, le pilote suivent",wiki,simple_agrmt,pilotes,pilote,suivent,suivent,6.268577575683594,7.8393378257751465,5.132834434509277,6.413583278656006,2,0,9.55824698622306,9.124782483614535,4.499809670330265,4.624972813284271,-0.12516314295400566,4.77912349311153,3.4657359027997265,2.8903717578961645,0.0,0.0,0.0,0.0,0.0
"le pilote rend, les pilotes rend",wiki,simple_agrmt,pilote,pilotes,rend,rend,0.5487794876098633,-0.6710100173950195,-0.9647645950317383,-0.36233170827229816,-2,0,11.304978360537302,9.124782483614535,4.624972813284271,4.499809670330265,0.12516314295400566,5.652489180268651,2.8903717578961645,3.4657359027997265,0.0,0.0,0.0,0.0,0.0
"les pilotes rendent, le pilote rendent",wiki,simple_agrmt,pilotes,pilote,rendent,rendent,2.821359634399414,4.088055610656738,4.765481948852539,3.891632397969564,2,0,9.128696382935672,9.124782483614535,4.499809670330265,4.624972813284271,-0.12516314295400566,4.564348191467836,3.4657359027997265,2.8903717578961645,0.0,0.0,0.0,0.0,0.0
"le pilote va, les pilotes va",wiki,simple_agrmt,pilote,pilotes,va,va,4.0523881912231445,1.863166332244873,0.04343891143798828,1.9863311449686687,-2,0,11.922010679246547,9.124782483614535,4.624972813284271,4.499809670330265,0.12516314295400566,5.961005339623274,2.8903717578961645,3.4657359027997265,0.0,0.0,0.0,0.0,0.0
"les pilotes vont, le pilote vont",wiki,simple_agrmt,pilotes,pilote,vont,vont,5.666584014892578,4.589889049530029,7.041083335876465,5.765852133433024,2,0,10.329571947847029,9.124782483614535,4.499809670330265,4.624972813284271,-0.12516314295400566,5.1647859739235145,3.4657359027997265,2.8903717578961645,0.0,0.0,0.0,0.0,0.0
"le pilote permet, les pilotes permet",wiki,simple_agrmt,pilote,pilotes,permet,permet,4.791294574737549,2.944507122039795,0.6123342514038086,2.782711982727051,-2,0,13.38912411704219,9.124782483614535,4.624972813284271,4.499809670330265,0.12516314295400566,6.694562058521095,2.8903717578961645,3.4657359027997265,0.0,0.0,0.0,0.0,0.0
"les pilotes permettent, le pilote permettent",wiki,simple_agrmt,pilotes,pilote,permettent,permettent,2.9724254608154297,5.220136642456055,3.1029930114746094,3.7651850382486978,2,0,11.074668534037073,9.124782483614535,4.499809670330265,4.624972813284271,-0.12516314295400566,5.537334267018537,3.4657359027997265,2.8903717578961645,0.0,0.0,0.0,0.0,0.0
"le lecteur casse, les lecteurs casse",wiki,simple_agrmt,lecteur,lecteurs,casse,casse,-1.0240840911865234,2.468454360961914,2.409296989440918,1.2845557530721028,-2,0,5.666426688112432,8.533853632309345,4.406719247264253,4.127134385045092,0.2795848622191617,2.833213344056216,2.833213344056216,2.302585092994046,0.0,0.0,0.0,0.0,0.0
"les lecteurs cassent, le lecteur cassent",wiki,simple_agrmt,lecteurs,lecteur,cassent,cassent,6.837871551513672,7.025969505310059,3.3554277420043945,5.739756266276042,2,0,2.772588722239781,8.533853632309345,4.127134385045092,4.406719247264253,-0.2795848622191617,1.3862943611198906,2.302585092994046,2.833213344056216,0.0,0.0,0.0,0.0,0.0
"le lecteur rentre, les lecteurs rentre",wiki,simple_agrmt,lecteur,lecteurs,rentre,rentre,3.1426877975463867,5.341053009033203,2.6818323135375977,3.721857706705729,-2,0,7.522400231387125,8.533853632309345,4.406719247264253,4.127134385045092,0.2795848622191617,3.7612001156935624,2.833213344056216,2.302585092994046,0.0,0.0,0.0,0.0,0.0
"les lecteurs rentrent, le lecteur rentrent",wiki,simple_agrmt,lecteurs,lecteur,rentrent,rentrent,9.38875675201416,7.537711143493652,8.381300926208496,8.435922940572103,2,0,5.8888779583328805,8.533853632309345,4.127134385045092,4.406719247264253,-0.2795848622191617,2.9444389791664403,2.302585092994046,2.833213344056216,0.0,0.0,0.0,0.0,0.0
"le lecteur continue, les lecteurs continue",wiki,simple_agrmt,lecteur,lecteurs,continue,continue,2.8816308975219727,3.309864044189453,2.563478469848633,2.9183244705200195,-2,0,10.731952030043702,8.533853632309345,4.406719247264253,4.127134385045092,0.2795848622191617,5.365976015021851,2.833213344056216,2.302585092994046,0.0,0.0,0.0,0.0,0.0
"les lecteurs continuent, le lecteur continuent",wiki,simple_agrmt,lecteurs,lecteur,continuent,continuent,6.7976274490356445,5.301830291748047,5.072588920593262,5.724015553792317,2,0,8.661466680572662,8.533853632309345,4.127134385045092,4.406719247264253,-0.2795848622191617,4.330733340286331,2.302585092994046,2.833213344056216,0.0,0.0,0.0,0.0,0.0
"le lecteur suit, les lecteurs suit",wiki,simple_agrmt,lecteur,lecteurs,suit,suit,6.1303253173828125,6.487696170806885,3.7670764923095703,5.461699326833089,-2,0,10.566407457475977,8.533853632309345,4.406719247264253,4.127134385045092,0.2795848622191617,5.2832037287379885,2.833213344056216,2.302585092994046,0.0,0.0,0.0,0.0,0.0
"les lecteurs suivent, le lecteur suivent",wiki,simple_agrmt,lecteurs,lecteur,suivent,suivent,6.33725643157959,6.078402996063232,5.53394079208374,5.9832000732421875,2,0,9.55824698622306,8.533853632309345,4.127134385045092,4.406719247264253,-0.2795848622191617,4.77912349311153,2.302585092994046,2.833213344056216,0.0,0.0,0.0,0.0,0.0
"le lecteur rend, les lecteurs rend",wiki,simple_agrmt,lecteur,lecteurs,rend,rend,0.9478054046630859,2.7051219940185547,0.5363798141479492,1.3964357376098633,-2,0,11.304978360537302,8.533853632309345,4.406719247264253,4.127134385045092,0.2795848622191617,5.652489180268651,2.833213344056216,2.302585092994046,0.0,0.0,0.0,0.0,0.0
"les lecteurs rendent, le lecteur rendent",wiki,simple_agrmt,lecteurs,lecteur,rendent,rendent,5.402192115783691,2.907362937927246,5.415848731994629,4.5751345952351885,2,0,9.128696382935672,8.533853632309345,4.127134385045092,4.406719247264253,-0.2795848622191617,4.564348191467836,2.302585092994046,2.833213344056216,0.0,0.0,0.0,0.0,0.0
"le lecteur va, les lecteurs va",wiki,simple_agrmt,lecteur,lecteurs,va,va,6.851837158203125,4.455556392669678,4.329912185668945,5.212435245513916,-2,0,11.922010679246547,8.533853632309345,4.406719247264253,4.127134385045092,0.2795848622191617,5.961005339623274,2.833213344056216,2.302585092994046,0.0,0.0,0.0,0.0,0.0
"les lecteurs vont, le lecteur vont",wiki,simple_agrmt,lecteurs,lecteur,vont,vont,5.876920223236084,5.4362406730651855,3.69378662109375,5.002315839131673,2,0,10.329571947847029,8.533853632309345,4.127134385045092,4.406719247264253,-0.2795848622191617,5.1647859739235145,2.302585092994046,2.833213344056216,0.0,0.0,0.0,0.0,0.0
"le lecteur permet, les lecteurs permet",wiki,simple_agrmt,lecteur,lecteurs,permet,permet,5.475697994232178,3.8765993118286133,4.257277965545654,4.5365250905354815,-2,0,13.38912411704219,8.533853632309345,4.406719247264253,4.127134385045092,0.2795848622191617,6.694562058521095,2.833213344056216,2.302585092994046,0.0,0.0,0.0,0.0,0.0
"les lecteurs permettent, le lecteur permettent",wiki,simple_agrmt,lecteurs,lecteur,permettent,permettent,4.802659034729004,5.550884246826172,3.080754280090332,4.478099187215169,2,0,11.074668534037073,8.533853632309345,4.127134385045092,4.406719247264253,-0.2795848622191617,5.537334267018537,2.302585092994046,2.833213344056216,0.0,0.0,0.0,0.0,0.0
"le prince casse, les princes casse",wiki,simple_agrmt,prince,princes,casse,casse,-2.2885684967041016,2.620936393737793,-0.6509742736816406,-0.1062021255493164,-2,0,5.666426688112432,10.043423392833645,6.054439346269371,3.9889840465642745,2.0654552997050963,2.833213344056216,4.663439094112067,2.1972245773362196,0.0,0.0,0.0,0.0,0.0
"les princes cassent, le prince cassent",wiki,simple_agrmt,princes,prince,cassent,cassent,4.586676120758057,5.097067832946777,4.991190433502197,4.891644795735677,2,0,2.772588722239781,10.043423392833645,3.9889840465642745,6.054439346269371,-2.0654552997050963,1.3862943611198906,2.1972245773362196,4.663439094112067,0.0,0.0,0.0,0.0,0.0
"le prince rentre, les princes rentre",wiki,simple_agrmt,prince,princes,rentre,rentre,2.30147647857666,0.965907096862793,2.8105835914611816,2.025989055633545,-2,0,7.522400231387125,10.043423392833645,6.054439346269371,3.9889840465642745,2.0654552997050963,3.7612001156935624,4.663439094112067,2.1972245773362196,0.0,0.0,0.0,0.0,0.0
"les princes rentrent, le prince rentrent",wiki,simple_agrmt,princes,prince,rentrent,rentrent,6.539337158203125,3.672281265258789,9.078903198242188,6.430173873901367,2,0,5.8888779583328805,10.043423392833645,3.9889840465642745,6.054439346269371,-2.0654552997050963,2.9444389791664403,2.1972245773362196,4.663439094112067,0.0,0.0,0.0,0.0,0.0
"le prince continue, les princes continue",wiki,simple_agrmt,prince,princes,continue,continue,4.443753242492676,6.335384368896484,4.047751426696777,4.9422963460286455,-2,0,10.731952030043702,10.043423392833645,6.054439346269371,3.9889840465642745,2.0654552997050963,5.365976015021851,4.663439094112067,2.1972245773362196,0.0,0.0,0.0,0.0,0.0
"les princes continuent, le prince continuent",wiki,simple_agrmt,princes,prince,continuent,continuent,3.6449289321899414,0.4031839370727539,4.319131851196289,2.789081573486328,2,0,8.661466680572662,10.043423392833645,3.9889840465642745,6.054439346269371,-2.0654552997050963,4.330733340286331,2.1972245773362196,4.663439094112067,0.0,0.0,0.4054651081081644,0.0,0.0
"le prince suit, les princes suit",wiki,simple_agrmt,prince,princes,suit,suit,6.749478340148926,6.088510513305664,5.336782455444336,6.058257102966309,-2,0,10.566407457475977,10.043423392833645,6.054439346269371,3.9889840465642745,2.0654552997050963,5.2832037287379885,4.663439094112067,2.1972245773362196,0.0,0.6931471805599453,0.0,0.0,0.0
"les princes suivent, le prince suivent",wiki,simple_agrmt,princes,prince,suivent,suivent,6.200991153717041,3.5931577682495117,6.755706787109375,5.516618569691976,2,0,9.55824698622306,10.043423392833645,3.9889840465642745,6.054439346269371,-2.0654552997050963,4.77912349311153,2.1972245773362196,4.663439094112067,0.0,0.0,0.0,0.0,0.0
"le prince rend, les princes rend",wiki,simple_agrmt,prince,princes,rend,rend,1.1726102828979492,1.484086036682129,2.0203590393066406,1.5590184529622395,-2,0,11.304978360537302,10.043423392833645,6.054439346269371,3.9889840465642745,2.0654552997050963,5.652489180268651,4.663439094112067,2.1972245773362196,0.0,0.0,0.0,0.0,0.0
"les princes rendent, le prince rendent",wiki,simple_agrmt,princes,prince,rendent,rendent,4.096408843994141,3.4299726486206055,5.2583208084106445,4.26156743367513,2,0,9.128696382935672,10.043423392833645,3.9889840465642745,6.054439346269371,-2.0654552997050963,4.564348191467836,2.1972245773362196,4.663439094112067,0.0,0.0,0.0,0.0,0.0
"le prince va, les princes va",wiki,simple_agrmt,prince,princes,va,va,5.127274990081787,3.9460535049438477,2.7912116050720215,3.9548467000325522,-2,0,11.922010679246547,10.043423392833645,6.054439346269371,3.9889840465642745,2.0654552997050963,5.961005339623274,4.663439094112067,2.1972245773362196,0.0,0.0,0.0,0.0,0.0
"les princes vont, le prince vont",wiki,simple_agrmt,princes,prince,vont,vont,2.8062238693237305,2.500565528869629,4.956487655639648,3.4210923512776694,2,0,10.329571947847029,10.043423392833645,3.9889840465642745,6.054439346269371,-2.0654552997050963,5.1647859739235145,2.1972245773362196,4.663439094112067,0.0,0.0,0.0,0.0,0.0
"le prince permet, les princes permet",wiki,simple_agrmt,prince,princes,permet,permet,4.2008466720581055,4.699794769287109,4.681676864624023,4.527439435323079,-2,0,13.38912411704219,10.043423392833645,6.054439346269371,3.9889840465642745,2.0654552997050963,6.694562058521095,4.663439094112067,2.1972245773362196,0.0,0.0,0.0,0.0,0.0
"les princes permettent, le prince permettent",wiki,simple_agrmt,princes,prince,permettent,permettent,3.41656494140625,3.1633920669555664,3.2261857986450195,3.268714269002279,2,0,11.074668534037073,10.043423392833645,3.9889840465642745,6.054439346269371,-2.0654552997050963,5.537334267018537,2.1972245773362196,4.663439094112067,0.0,0.0,0.0,0.0,0.0
"le personnage casse, les personnages casse",wiki,simple_agrmt,personnage,personnages,casse,casse,-1.8848447799682617,1.6165285110473633,-0.27390098571777344,-0.18073908487955728,-2,0,5.666426688112432,12.416799426829295,6.142037405587356,6.274762021241939,-0.13272461565458293,2.833213344056216,4.736198448394496,4.605170185988092,0.0,0.0,0.0,0.0,0.0
"les personnages cassent, le personnage cassent",wiki,simple_agrmt,personnages,personnage,cassent,cassent,5.004112243652344,4.144484519958496,1.5425539016723633,3.5637168884277344,2,0,2.772588722239781,12.416799426829295,6.274762021241939,6.142037405587356,0.13272461565458293,1.3862943611198906,4.605170185988092,4.736198448394496,0.0,0.0,0.0,0.0,0.0
"le personnage rentre, les personnages rentre",wiki,simple_agrmt,personnage,personnages,rentre,rentre,2.1678247451782227,2.1882781982421875,1.3149538040161133,1.8903522491455078,-2,0,7.522400231387125,12.416799426829295,6.142037405587356,6.274762021241939,-0.13272461565458293,3.7612001156935624,4.736198448394496,4.605170185988092,0.0,0.0,0.0,0.0,0.0
"les personnages rentrent, le personnage rentrent",wiki,simple_agrmt,personnages,personnage,rentrent,rentrent,4.786502838134766,8.22902774810791,6.294403553009033,6.436644713083903,2,0,5.8888779583328805,12.416799426829295,6.274762021241939,6.142037405587356,0.13272461565458293,2.9444389791664403,4.605170185988092,4.736198448394496,0.0,0.0,0.0,0.0,0.0
"le personnage continue, les personnages continue",wiki,simple_agrmt,personnage,personnages,continue,continue,2.211869239807129,1.888707160949707,2.5531044006347656,2.217893600463867,-2,0,10.731952030043702,12.416799426829295,6.142037405587356,6.274762021241939,-0.13272461565458293,5.365976015021851,4.736198448394496,4.605170185988092,0.0,0.0,0.0,0.0,0.0
"les personnages continuent, le personnage continuent",wiki,simple_agrmt,personnages,personnage,continuent,continuent,6.543921947479248,4.313322067260742,4.764228343963623,5.207157452901204,2,0,8.661466680572662,12.416799426829295,6.274762021241939,6.142037405587356,0.13272461565458293,4.330733340286331,4.605170185988092,4.736198448394496,0.0,0.0,0.0,0.0,0.0
"le personnage suit, les personnages suit",wiki,simple_agrmt,personnage,personnages,suit,suit,4.447425365447998,3.0425071716308594,3.1698055267333984,3.553246021270752,-2,0,10.566407457475977,12.416799426829295,6.142037405587356,6.274762021241939,-0.13272461565458293,5.2832037287379885,4.736198448394496,4.605170185988092,0.0,0.0,0.0,0.0,0.0
"les personnages suivent, le personnage suivent",wiki,simple_agrmt,personnages,personnage,suivent,suivent,5.973822116851807,4.168662071228027,5.022613525390625,5.055032571156819,2,0,9.55824698622306,12.416799426829295,6.274762021241939,6.142037405587356,0.13272461565458293,4.77912349311153,4.605170185988092,4.736198448394496,0.0,0.0,0.0,0.0,0.0
"le personnage rend, les personnages rend",wiki,simple_agrmt,personnage,personnages,rend,rend,-1.4834537506103516,0.0774993896484375,0.10767078399658203,-0.43276119232177734,-2,0,11.304978360537302,12.416799426829295,6.142037405587356,6.274762021241939,-0.13272461565458293,5.652489180268651,4.736198448394496,4.605170185988092,0.0,0.0,0.0,0.0,0.0
"les personnages rendent, le personnage rendent",wiki,simple_agrmt,personnages,personnage,rendent,rendent,5.148290634155273,3.212704658508301,4.051072120666504,4.137355804443359,2,0,9.128696382935672,12.416799426829295,6.274762021241939,6.142037405587356,0.13272461565458293,4.564348191467836,4.605170185988092,4.736198448394496,0.0,0.0,0.0,0.0,0.0
"le personnage va, les personnages va",wiki,simple_agrmt,personnage,personnages,va,va,4.763614654541016,1.7774605751037598,4.396761894226074,3.6459457079569497,-2,0,11.922010679246547,12.416799426829295,6.142037405587356,6.274762021241939,-0.13272461565458293,5.961005339623274,4.736198448394496,4.605170185988092,0.0,0.0,0.0,0.0,0.0
"les personnages vont, le personnage vont",wiki,simple_agrmt,personnages,personnage,vont,vont,5.8231520652771,6.781221389770508,5.894288063049316,6.166220506032308,2,0,10.329571947847029,12.416799426829295,6.274762021241939,6.142037405587356,0.13272461565458293,5.1647859739235145,4.605170185988092,4.736198448394496,0.0,0.4054651081081644,0.0,0.0,0.0
"le personnage permet, les personnages permet",wiki,simple_agrmt,personnage,personnages,permet,permet,3.0365304946899414,2.4699392318725586,3.456801414489746,2.9877570470174155,-2,0,13.38912411704219,12.416799426829295,6.142037405587356,6.274762021241939,-0.13272461565458293,6.694562058521095,4.736198448394496,4.605170185988092,0.0,0.0,0.0,0.0,0.0
"les personnages permettent, le personnage permettent",wiki,simple_agrmt,personnages,personnage,permettent,permettent,6.803412914276123,6.363329887390137,5.001664161682129,6.056135654449463,2,0,11.074668534037073,12.416799426829295,6.274762021241939,6.142037405587356,0.13272461565458293,5.537334267018537,4.605170185988092,4.736198448394496,0.0,0.0,0.0,0.0,0.0
"le groupe casse, les groupes casse",wiki,simple_agrmt,groupe,groupes,casse,casse,-1.6359529495239258,3.0493059158325195,-0.49203968048095703,0.3071044286092122,-2,0,5.666426688112432,12.873802013105497,7.180069874302796,5.6937321388027,1.4863377355000962,2.833213344056216,5.849324779946859,4.543294782270004,0.0,0.0,0.0,0.0,0.0
"les groupes cassent, le groupe cassent",wiki,simple_agrmt,groupes,groupe,cassent,cassent,3.10544490814209,4.4421539306640625,0.8919057846069336,2.813168207804362,2,0,2.772588722239781,12.873802013105497,5.6937321388027,7.180069874302796,-1.4863377355000962,1.3862943611198906,4.543294782270004,5.849324779946859,0.0,0.0,0.0,0.0,0.0
"le groupe rentre, les groupes rentre",wiki,simple_agrmt,groupe,groupes,rentre,rentre,2.620375633239746,4.471441268920898,3.4654712677001953,3.51909605662028,-2,0,7.522400231387125,12.873802013105497,7.180069874302796,5.6937321388027,1.4863377355000962,3.7612001156935624,5.849324779946859,4.543294782270004,0.0,0.0,0.0,0.0,0.0
"les groupes rentrent, le groupe rentrent",wiki,simple_agrmt,groupes,groupe,rentrent,rentrent,3.770127296447754,4.824577808380127,5.619504451751709,4.738069852193196,2,0,5.8888779583328805,12.873802013105497,5.6937321388027,7.180069874302796,-1.4863377355000962,2.9444389791664403,4.543294782270004,5.849324779946859,0.0,0.0,0.0,0.0,0.0
"le groupe continue, les groupes continue",wiki,simple_agrmt,groupe,groupes,continue,continue,4.232832431793213,3.8481383323669434,3.6073145866394043,3.896095116933187,-2,0,10.731952030043702,12.873802013105497,7.180069874302796,5.6937321388027,1.4863377355000962,5.365976015021851,5.849324779946859,4.543294782270004,0.0,0.4054651081081644,0.0,0.0,0.0
"les groupes continuent, le groupe continuent",wiki,simple_agrmt,groupes,groupe,continuent,continuent,2.459591865539551,3.864901542663574,5.341648101806641,3.888713836669922,2,0,8.661466680572662,12.873802013105497,5.6937321388027,7.180069874302796,-1.4863377355000962,4.330733340286331,4.543294782270004,5.849324779946859,0.0,0.0,0.0,0.0,0.0
"le groupe suit, les groupes suit",wiki,simple_agrmt,groupe,groupes,suit,suit,3.7812986373901367,5.3356852531433105,6.811176300048828,5.309386730194092,-2,0,10.566407457475977,12.873802013105497,7.180069874302796,5.6937321388027,1.4863377355000962,5.2832037287379885,5.849324779946859,4.543294782270004,0.0,0.0,0.0,0.0,0.0
"les groupes suivent, le groupe suivent",wiki,simple_agrmt,groupes,groupe,suivent,suivent,1.2129087448120117,4.654596328735352,3.4815330505371094,3.1163460413614907,2,0,9.55824698622306,12.873802013105497,5.6937321388027,7.180069874302796,-1.4863377355000962,4.77912349311153,4.543294782270004,5.849324779946859,0.0,0.0,0.0,0.0,0.0
"le groupe rend, les groupes rend",wiki,simple_agrmt,groupe,groupes,rend,rend,1.0243043899536133,2.4404430389404297,0.6763057708740234,1.3803510665893555,-2,0,11.304978360537302,12.873802013105497,7.180069874302796,5.6937321388027,1.4863377355000962,5.652489180268651,5.849324779946859,4.543294782270004,0.0,0.0,0.0,0.0,0.0
"les groupes rendent, le groupe rendent",wiki,simple_agrmt,groupes,groupe,rendent,rendent,1.3762569427490234,2.818960189819336,5.89794921875,3.3643887837727866,2,0,9.128696382935672,12.873802013105497,5.6937321388027,7.180069874302796,-1.4863377355000962,4.564348191467836,4.543294782270004,5.849324779946859,0.0,0.0,0.0,0.0,0.0
"le groupe va, les groupes va",wiki,simple_agrmt,groupe,groupes,va,va,4.966736793518066,4.993802547454834,5.908716678619385,5.289752006530762,-2,0,11.922010679246547,12.873802013105497,7.180069874302796,5.6937321388027,1.4863377355000962,5.961005339623274,5.849324779946859,4.543294782270004,0.0,0.4054651081081644,0.0,0.0,0.0
"les groupes vont, le groupe vont",wiki,simple_agrmt,groupes,groupe,vont,vont,3.901679515838623,3.822721004486084,5.401723861694336,4.375374794006348,2,0,10.329571947847029,12.873802013105497,5.6937321388027,7.180069874302796,-1.4863377355000962,5.1647859739235145,4.543294782270004,5.849324779946859,0.0,0.0,0.0,0.0,0.0
"le groupe permet, les groupes permet",wiki,simple_agrmt,groupe,groupes,permet,permet,3.3625659942626953,2.038283348083496,2.658604145050049,2.6864844957987466,-2,0,13.38912411704219,12.873802013105497,7.180069874302796,5.6937321388027,1.4863377355000962,6.694562058521095,5.849324779946859,4.543294782270004,0.0,0.0,0.0,0.0,0.0
"les groupes permettent, le groupe permettent",wiki,simple_agrmt,groupes,groupe,permettent,permettent,3.643007278442383,5.698511123657227,5.555967330932617,4.965828577677409,2,0,11.074668534037073,12.873802013105497,5.6937321388027,7.180069874302796,-1.4863377355000962,5.537334267018537,4.543294782270004,5.849324779946859,0.0,0.0,0.0,0.0,0.0
